lat,lon,aadt,year,road,func_class,layer,AADT_2024,AADT_2023,AADT_2022,AADT_2021,AADT_2020,AADT_2019,AADT_2018,AADT_2017,AADT_2016,redirected_traffic,New_AADT_2024,Traffic_Increase_Percent
41.71111788292548,-72.60794913248805,1987,2024,RANKIN RD,Local,Local Intersections,1987,1847,2115,2561,2418,3400,2905,3005,3049.0,0.0,1987.0,0.0
41.67765903901641,-72.583996490349,527,2024,OLDE WOOD RD,Local,Local Intersections,527,475,1657,2240,1449,1807,1461,1511,1466.0,0.0,527.0,0.0
41.72072333486,-72.62521769373468,6200,2024,NAUBUC AV,Minor Arterial,Local Intersections,6200,5500,5500,5500,6650,6650,6650,6100,4862.0,0.0,6200.0,0.0
41.71355770123851,-72.60060693709613,376,2024,LINDEN ST,Local,Local Intersections,376,290,410,491,966,1437,1250,1274,1274.0,0.0,376.0,0.0
41.65200423212978,-72.56416524011534,870,2024,CLARK HILL RD,Local,Local Intersections,870,513,1177,1082,1327,1666,1330,1397,1449.0,0.0,870.0,0.0
41.72284027079525,-72.58020663914941,3700,2024,ADDISON RD,Minor Arterial,Local Intersections,3700,3200,3200,3200,3500,3500,3500,3200,4753.0,0.0,3700.0,0.0
41.71138095706214,-72.60587914479743,1987,2024,RANKIN RD,Local,Local Intersections,1987,1847,2115,2561,2418,3400,2905,3005,3049.0,0.0,1987.0,0.0
41.68040663567604,-72.57639606368878,184,2024,WOOD POND RD,Local,Local Intersections,184,164,234,218,514,870,617,549,587.0,0.0,184.0,0.0
41.71438232337709,-72.60549586532166,10900,2024,NEW LONDON TPK,Minor Arterial,Local Intersections,10900,9300,9300,9300,12100,12100,12100,10800,5558.0,0.0,10900.0,0.0
41.71125445091781,-72.60826514995185,6800,2024,MAIN ST,Minor Arterial,Local Intersections,6800,5700,5700,5700,5700,5700,5700,5900,7707.0,0.0,6800.0,0.0
41.7210606456264,-72.62533605972206,7800,2024,NAUBUC AV,Minor Arterial,Local Intersections,7800,7000,7000,7000,8200,8200,8200,7500,5773.0,0.0,7800.0,0.0
41.713605035080064,-72.60028333874288,8100,2024,HEBRON AV,Other Principal Arterial,Local Intersections,8100,5700,5700,5700,6800,6800,6800,7200,13899.0,0.0,8100.0,0.0
41.66259694647724,-72.5424746662985,865,2024,COLDBROOK RD,Local,Local Intersections,865,700,975,935,1318,1542,1299,1401,1425.0,0.0,865.0,0.0
41.723120738888106,-72.58030139693732,3700,2024,ADDISON RD,Minor Arterial,Local Intersections,3700,3200,3200,3200,3500,3500,3500,3200,4753.0,0.0,3700.0,0.0
41.68064686190155,-72.57661745403746,48,2024,COTSWOLD CLOSE,Local,Local Intersections,48,66,21,21,282,264,217,356,334.0,0.0,48.0,0.0
41.72073019112757,-72.62517027812414,8100,2024,GLASTONBURY BLVD,Major Collector,Local Intersections,8100,7800,7800,7800,8900,8900,8900,8800,8192.0,0.0,8100.0,0.0
41.6803087382954,-72.57671794123293,184,2024,WOOD POND RD,Local,Local Intersections,184,164,234,218,514,870,617,549,587.0,0.0,184.0,0.0
41.685489804539394,-72.54667546779542,295,2024,THREE MILE RD,Local,Local Intersections,295,332,697,748,1073,1365,1179,1144,1139.0,0.0,295.0,0.0
41.68534009601013,-72.5468545355541,295,2024,THREE MILE RD,Local,Local Intersections,295,332,697,748,1073,1365,1179,1144,1139.0,0.0,295.0,0.0
41.71130230548295,-72.60613273996712,92,2024,SCHOOL ST,Local,Local Intersections,92,66,153,176,337,549,454,485,483.0,0.0,92.0,0.0
41.71127716927602,-72.60554730457221,10900,2024,NEW LONDON TPK,Minor Arterial,Local Intersections,10900,9300,9300,9300,12100,12100,12100,10800,7920.0,0.0,10900.0,0.0
41.65212398484426,-72.5645009869599,883,2024,MATSON HILL RD,Local,Local Intersections,883,579,1321,1771,1617,1775,1474,1550,1618.0,0.0,883.0,0.0
41.72324760266695,-72.6051316432212,5814,2024,HOUSE ST,Local,Local Intersections,5814,5905,5827,7511,5173,7100,6027,6324,6512.0,0.0,5814.0,0.0
41.7133892969032,-72.60172152744914,8100,2024,HEBRON AV,Other Principal Arterial,Local Intersections,8100,5700,5700,5700,6800,6800,6800,7200,13092.0,0.0,8100.0,0.0
41.68521496079484,-72.54669013603998,182,2024,GRANITE RD,Local,Local Intersections,182,196,481,483,782,927,792,728,731.0,0.0,182.0,0.0
41.722827420896,-72.58034190829675,5394,2024,EASTERN BLVD,Local,Local Intersections,5394,5311,4515,4913,4129,6177,4810,4996,5084.0,0.0,5394.0,0.0
41.712930159282266,-72.60473824527372,8100,2024,HEBRON AV,Other Principal Arterial,Local Intersections,8100,5700,5700,5700,6800,6800,6800,7200,13863.0,0.0,8100.0,0.0
41.67766417590036,-72.58381548073018,3350,2024,CHESTNUT HILL RD,Major Collector,Local Intersections,3350,3100,3100,3100,3200,3200,3200,3144,3774.0,0.0,3350.0,0.0
41.71410222933719,-72.60534865246096,10900,2024,NEW LONDON TPK,Minor Arterial,Local Intersections,10900,9300,9300,9300,12100,12100,12100,10800,5558.0,0.0,10900.0,0.0
41.71094890244577,-72.6082057985087,6800,2024,MAIN ST,Minor Arterial,Local Intersections,6800,5700,5700,5700,5700,5700,5700,5900,7527.0,0.0,6800.0,0.0
41.71286705434149,-72.60517043133045,8100,2024,HEBRON AV,Other Principal Arterial,Local Intersections,8100,5700,5700,5700,6800,6800,6800,7200,10366.0,0.0,8100.0,0.0
41.72361581099619,-72.60526797315694,697,2024,HARRIS ST,Local,Local Intersections,697,382,2534,2798,2714,3837,3147,3264,3377.0,0.0,697.0,0.0
41.6624807190601,-72.54190312162392,766,2024,COUNTRY CLUB RD NO 2,Local,Local Intersections,766,603,658,832,1003,1271,1154,1232,1251.0,0.0,766.0,0.0
41.72339555956557,-72.60521520837527,14600,2024,GRISWOLD ST,Minor Arterial,Local Intersections,14600,11200,11200,11200,14500,14500,14500,13100,11824.0,0.0,14600.0,0.0
41.69911990163348,-72.53253016229792,104,2024,FRANCIS DR,Local,Local Intersections,104,80,228,752,448,494,406,422,428.0,0.0,104.0,0.0
41.71144032021879,-72.60552468709491,10900,2024,NEW LONDON TPK,Minor Arterial,Local Intersections,10900,9300,9300,9300,12100,12100,12100,10800,7920.0,0.0,10900.0,0.0
41.71405549819895,-72.60143030651744,5590,2024,HOUSE ST,Local,Local Intersections,5590,5774,5314,6722,4613,6320,5318,5614,5754.0,0.0,5590.0,0.0
41.72340480157836,-72.60510104897907,14600,2024,GRISWOLD ST,Minor Arterial,Local Intersections,14600,11200,11200,11200,14500,14500,14500,13100,11824.0,0.0,14600.0,0.0
41.69905079323648,-72.5322026008159,104,2024,FRANCIS DR,Local,Local Intersections,104,80,228,752,448,494,406,422,428.0,0.0,104.0,0.0
41.71137502309082,-72.60630509804922,1987,2024,RANKIN RD,Local,Local Intersections,1987,1847,2115,2561,2418,3400,2905,3005,3049.0,0.0,1987.0,0.0
41.71414191957648,-72.60569251714412,4069,2024,WELLES ST,Local,Local Intersections,4069,3940,3403,4416,3253,4540,3719,3881,3965.0,0.0,4069.0,0.0
41.68300484395525,-72.59282250219243,32,2024,PEACH TREE RD,Local,Local Intersections,32,43,21,21,219,235,224,232,159.0,0.0,32.0,0.0
41.71280930448432,-72.60491429267535,10900,2024,NEW LONDON TPK,Minor Arterial,Local Intersections,10900,9300,9300,9300,12100,12100,12100,10800,8399.0,0.0,10900.0,0.0
41.66205796487027,-72.54206065272425,1183,2024,MOTT HILL RD,Local,Local Intersections,1183,1581,1359,1806,2299,2930,2411,2524,2572.0,0.0,1183.0,0.0
41.6989845247906,-72.53259021653658,41,2024,DELMAR RD,Local,Local Intersections,41,65,49,108,356,376,322,240,252.0,0.0,41.0,0.0
41.677685812180265,-72.58429726874726,3300,2024,CHESTNUT HILL RD,Major Collector,Local Intersections,3300,3100,3100,3100,3100,3100,3100,3189,3553.0,0.0,3300.0,0.0
41.65235554169903,-72.56405960815107,996,2024,WOODLAND ST,Local,Local Intersections,996,690,1434,1594,1600,1887,1529,1591,1660.0,0.0,996.0,0.0
41.71137137533832,-72.6057379671518,1987,2024,RANKIN RD,Local,Local Intersections,1987,1847,2115,2561,2418,3400,2905,3005,3049.0,0.0,1987.0,0.0
41.68327142930114,-72.5928774684945,32,2024,PEACH TREE RD,Local,Local Intersections,32,43,21,21,219,235,224,232,159.0,0.0,32.0,0.0
41.7130717854636,-72.60495632125608,10900,2024,NEW LONDON TPK,Minor Arterial,Local Intersections,10900,9300,9300,9300,12100,12100,12100,10800,9240.0,0.0,10900.0,0.0
41.66203989862662,-72.54227069850083,766,2024,COUNTRY CLUB RD NO 2,Local,Local Intersections,766,603,658,832,1003,1271,1154,1232,1251.0,0.0,766.0,0.0
41.67912665370508,-72.56341700479979,3400,2024,CHESTNUT HILL RD,Major Collector,Local Intersections,3400,3350,3350,3350,3400,3400,3400,3350,3686.0,0.0,3400.0,0.0
41.67774104443914,-72.58551793052673,2169,2024,COLEMAN RD,Local,Local Intersections,2169,1693,2413,3968,1357,1588,1367,1302,1238.0,0.0,2169.0,0.0
41.673515323561006,-72.57802354063254,173,2024,BOULDER CIR,Local,Local Intersections,173,104,232,167,193,261,210,231,189.0,0.0,173.0,0.0
41.73102774673479,-72.59037358993285,2312,2024,CANDLEWOOD RD,Local,Local Intersections,2312,2155,2238,3166,3559,4603,3999,4135,4231.0,0.0,2312.0,0.0
41.72541604573177,-72.55214027098661,68,2024,BAYBERRY RD,Local,Local Intersections,68,79,174,129,466,510,344,336,278.0,0.0,68.0,0.0
41.65759542973934,-72.59037960195583,49,2024,DEAN DR,Local,Local Intersections,49,65,126,88,335,189,98,21,21.0,0.0,49.0,0.0
41.692672752370285,-72.48412427605092,70,2024,CROSS TR,Local,Local Intersections,70,69,40,28,347,299,306,303,236.0,0.0,70.0,0.0
41.71134102831539,-72.59174458908072,222,2024,BENTON LA,Local,Local Intersections,222,254,227,401,432,608,533,563,580.0,0.0,222.0,0.0
41.6944491701714,-72.487964089852,505,2024,ASH SWAMP RD,Local,Local Intersections,505,570,1290,1197,1136,1253,1097,1143,1147.0,0.0,505.0,0.0
41.72840702009236,-72.60030984904468,145,2024,BARRY LA,Local,Local Intersections,145,101,256,132,458,668,570,579,559.0,0.0,145.0,0.0
41.68458831031569,-72.56983072413114,355,2024,CIDER MILL RD,Local,Local Intersections,355,321,622,431,729,1134,888,900,845.0,0.0,355.0,0.0
41.69118531470361,-72.59821533486993,1145,2024,BUTTONBALL LA,Local,Local Intersections,1145,1123,2963,4065,2788,3714,2856,3012,3085.0,0.0,1145.0,0.0
41.695109757659935,-72.58728853042983,252,2024,CARRIAGE DR,Local,Local Intersections,252,253,520,397,869,1043,862,925,906.0,0.0,252.0,0.0
41.67144570471562,-72.57899015602133,173,2024,BOULDER CIR,Local,Local Intersections,173,104,232,167,193,261,210,231,189.0,0.0,173.0,0.0
41.72599296617929,-72.60651530554381,85,2024,DENSLOW RD,Local,Local Intersections,85,114,230,233,533,714,522,528,594.0,0.0,85.0,0.0
41.729387357785455,-72.57872656994216,5000,2024,ADDISON RD,Minor Arterial,Local Intersections,5000,4500,4500,4500,5300,5300,5300,4600,4940.0,0.0,5000.0,0.0
41.68286786232522,-72.56977448087213,145,2024,APPLEWOOD LA,Local,Local Intersections,145,111,157,149,256,438,319,330,258.0,0.0,145.0,0.0
41.679953600270224,-72.58660265339994,2169,2024,COLEMAN RD,Local,Local Intersections,2169,1693,2413,3968,1357,1588,1367,1302,1238.0,0.0,2169.0,0.0
41.6776514830265,-72.58563491104992,3300,2024,CHESTNUT HILL RD,Major Collector,Local Intersections,3300,3100,3100,3100,3100,3100,3100,3189,3553.0,0.0,3300.0,0.0
41.72930177204414,-72.57783858368506,81,2024,APRIL DR,Local,Local Intersections,81,101,94,224,394,662,482,507,547.0,0.0,81.0,0.0
41.676925384120125,-72.59080320237042,3300,2024,CHESTNUT HILL RD,Major Collector,Local Intersections,3300,3100,3100,3100,3100,3100,3100,3189,3553.0,0.0,3300.0,0.0
41.69741423622654,-72.5987414678655,2338,2024,BUTTONBALL LA,Local,Local Intersections,2338,2239,4711,5609,3608,4632,3673,3851,1900.0,0.0,2338.0,0.0
41.6772200020753,-72.57752746681348,2800,2024,CHESTNUT HILL RD,Major Collector,Local Intersections,2800,2550,2550,2550,2700,2700,2700,2550,3773.0,0.0,2800.0,0.0
41.72930055230476,-72.60046678767941,145,2024,BARRY LA,Local,Local Intersections,145,101,256,132,458,668,570,579,559.0,0.0,145.0,0.0
41.69126171399412,-72.6066964044932,154,2024,CURTIS RD,Local,Local Intersections,154,117,140,229,449,448,363,411,409.0,0.0,154.0,0.0
41.72590206793945,-72.55170480739199,1772,2024,BELL ST,Local,Local Intersections,1772,1412,1782,2486,2551,3395,2885,3021,3086.0,0.0,1772.0,0.0
41.69422975576455,-72.59401215342544,252,2024,CARRIAGE DR,Local,Local Intersections,252,253,520,397,869,1043,862,925,906.0,0.0,252.0,0.0
41.72031440419895,-72.51579381044938,167,2024,CEDAR RIDGE DR,Local,Local Intersections,167,131,280,236,427,548,478,509,449.0,0.0,167.0,0.0
41.72977603561716,-72.54906337557388,1281,2024,BELL ST,Local,Local Intersections,1281,1052,1427,1832,2102,2884,2456,2556,2600.0,0.0,1281.0,0.0
41.71432256668398,-72.60410813490607,627,2024,CONCORD ST,Local,Local Intersections,627,420,389,417,571,783,743,753,736.0,0.0,627.0,0.0
41.69637103923587,-72.49197140226681,505,2024,ASH SWAMP RD,Local,Local Intersections,505,570,1290,1197,1136,1253,1097,1143,1147.0,0.0,505.0,0.0
41.7321619353744,-72.46374100620558,711,2024,BIRCH MOUNTAIN RD,Local,Local Intersections,711,639,784,954,1007,1160,1008,1059,1078.0,0.0,711.0,0.0
41.72595706475729,-72.55165296360683,1772,2024,BELL ST,Local,Local Intersections,1772,1412,1782,2486,2551,3395,2885,3021,3086.0,0.0,1772.0,0.0
41.67693453648202,-72.59077719366387,3300,2024,CHESTNUT HILL RD,Major Collector,Local Intersections,3300,3100,3100,3100,3100,3100,3100,3189,3553.0,0.0,3300.0,0.0
41.717589355727554,-72.52491247911782,83,2024,BRIARWOOD DR,Local,Local Intersections,83,81,28,45,277,366,313,329,333.0,0.0,83.0,0.0
41.725555819237485,-72.55209010856959,1772,2024,BELL ST,Local,Local Intersections,1772,1412,1782,2486,2551,3395,2885,3021,3086.0,0.0,1772.0,0.0
41.67834930786109,-72.58084206224252,3400,2024,CHESTNUT HILL RD,Major Collector,Local Intersections,3400,3100,3100,3100,3300,3300,3300,3100,3996.0,0.0,3400.0,0.0
41.72570597952922,-72.58127069903401,3700,2024,ADDISON RD,Minor Arterial,Local Intersections,3700,3200,3200,3200,3500,3500,3500,3200,7516.0,0.0,3700.0,0.0
41.64841421492667,-72.56125746355724,392,2024,CLARK HILL RD,Local,Local Intersections,392,246,824,655,896,1067,820,893,928.0,0.0,392.0,0.0
41.67719985218199,-72.58921842385878,3300,2024,CHESTNUT HILL RD,Major Collector,Local Intersections,3300,3100,3100,3100,3100,3100,3100,3189,3553.0,0.0,3300.0,0.0
41.73009595560888,-72.59009720016492,2312,2024,CANDLEWOOD RD,Local,Local Intersections,2312,2155,2238,3166,3559,4603,3999,4135,4231.0,0.0,2312.0,0.0
41.72791404806173,-72.55026961772367,1772,2024,BELL ST,Local,Local Intersections,1772,1412,1782,2486,2551,3395,2885,3021,3086.0,0.0,1772.0,0.0
41.68079498087682,-72.54899609573543,4600,2024,CHESTNUT HILL RD,Major Collector,Local Intersections,4600,4700,4700,4700,4700,4700,4700,4700,3797.0,0.0,4600.0,0.0
41.70880076066644,-72.5538857131214,686,2024,CANDLELIGHT DR,Local,Local Intersections,686,618,1257,1503,1517,2009,1522,1594,1607.0,0.0,686.0,0.0
41.72804157704285,-72.55021811454671,1772,2024,BELL ST,Local,Local Intersections,1772,1412,1782,2486,2551,3395,2885,3021,3086.0,0.0,1772.0,0.0
41.724986521226754,-72.60573522612604,196,2024,BATES LA,Local,Local Intersections,196,90,224,126,420,533,467,583,608.0,0.0,196.0,0.0
41.717240314518335,-72.52282972538738,83,2024,BRIARWOOD DR,Local,Local Intersections,83,81,28,45,277,366,313,329,333.0,0.0,83.0,0.0
41.68231084358132,-72.59422956391067,83,2024,BROOKFIELD DR,Local,Local Intersections,83,78,21,43,433,490,383,376,378.0,0.0,83.0,0.0
41.67772728254617,-72.57347242096372,2200,2024,CHESTNUT HILL RD,Major Collector,Local Intersections,2200,2000,2000,2000,2100,2100,2100,2000,3550.0,0.0,2200.0,0.0
41.709808569037016,-72.603687606848,10900,2024,NEW LONDON TPK,Major Collector,Local Intersections,10900,9300,9300,9300,12100,12100,12100,10800,8993.0,0.0,10900.0,0.0
41.72596022745397,-72.60671609986493,178,2024,RISLEY RD,Local,Local Intersections,178,172,566,477,942,1321,1176,1221,1289.0,0.0,178.0,0.0
41.70909323938563,-72.56890471944736,115,2024,WARNER CT,Local,Local Intersections,115,89,202,123,289,376,325,347,271.0,0.0,115.0,0.0
41.68534626985,-72.51943403860548,203,2024,WITTLES WAY,Local,Local Intersections,203,73,21,21,207,495,300,297,230.0,0.0,203.0,0.0
41.69644264391592,-72.5212425246861,846,2024,WEIR ST,Local,Local Intersections,846,867,1462,2870,1656,1946,1614,1708,1713.0,0.0,846.0,0.0
41.70261339716404,-72.57411391095782,315,2024,LINCOLN DR,Local,Local Intersections,315,209,320,354,638,817,727,754,775.0,0.0,315.0,0.0
41.70816222076679,-72.54438488121032,737,2024,STRICKLAND ST,Local,Local Intersections,737,541,1320,1467,1915,2792,2053,2165,2185.0,0.0,737.0,0.0
41.682224201137096,-72.54992959488685,8600,2024,NEW LONDON TPK,Major Collector,Local Intersections,8600,8100,8100,8100,9800,9800,9800,8900,4934.0,0.0,8600.0,0.0
41.72415434888884,-72.55947148139116,152,2024,SPRUCE LA,Local,Local Intersections,152,89,923,404,575,708,610,629,633.0,0.0,152.0,0.0
41.72036516411063,-72.51353237800369,300,2024,NATCHAUG DR,Local,Local Intersections,300,250,250,250,300,300,300,350,835.0,0.0,300.0,0.0
41.7362427166232,-72.46317827404394,79,2024,LOOKOUT LANDING,Local,Local Intersections,79,84,194,140,399,476,370,450,496.0,0.0,79.0,0.0
41.70144688144464,-72.58404411366509,8600,2024,NEW LONDON TPK,Major Collector,Local Intersections,8600,8100,8100,8100,9800,9800,9800,8900,9163.0,0.0,8600.0,0.0
41.67961195619718,-72.58526215624416,127,2024,MOSELEY TER,Local,Local Intersections,127,152,354,374,701,896,661,717,730.0,0.0,127.0,0.0
41.69760110538076,-72.60123040696908,71,2024,STEVENS LA,Local,Local Intersections,71,85,198,194,407,541,483,446,422.0,0.0,71.0,0.0
41.71434868126807,-72.60392923862995,582,2024,MELROSE ST,Local,Local Intersections,582,367,431,719,627,860,807,817,801.0,0.0,582.0,0.0
41.72264048016675,-72.5488091571472,97,2024,SHAGBARK RD,Local,Local Intersections,97,93,493,325,424,700,583,606,613.0,0.0,97.0,0.0
41.71486052525094,-72.6042459170495,59,2024,MEDFORD ST,Local,Local Intersections,59,68,44,32,303,466,385,373,343.0,0.0,59.0,0.0
41.68914197763944,-72.56393902251911,8600,2024,NEW LONDON TPK,Major Collector,Local Intersections,8600,8100,8100,8100,9800,9800,9800,8900,5621.0,0.0,8600.0,0.0
41.7273261199321,-72.53698685847539,54,2024,OLD RESERVOIR RD,Local,Local Intersections,54,72,254,87,324,361,351,366,367.0,0.0,54.0,0.0
41.6523455726982,-72.57913666731756,86,2024,HI-GATE FARMS RD,Local,Local Intersections,86,67,21,21,236,283,21,21,21.0,0.0,86.0,0.0
41.68216086631858,-72.5951900099432,2632,2024,OVERLOOK RD,Local,Local Intersections,2632,2363,2220,3417,3141,3982,3302,3508,3601.0,0.0,2632.0,0.0
41.72230813401831,-72.61288861247206,82,2024,WRIGHTS LA,Local,Local Intersections,82,98,106,60,688,1027,760,1015,1115.0,0.0,82.0,0.0
41.689716052266114,-72.59111570389673,723,2024,FOUNDERS RD,Local,Local Intersections,723,742,1522,2387,2535,3049,2624,2726,2786.0,0.0,723.0,0.0
41.70445092927667,-72.57978626366355,97,2024,LENOX DR NO 1,Local,Local Intersections,97,63,203,186,391,554,468,514,519.0,0.0,97.0,0.0
41.69936088318497,-72.52855185327915,748,2024,SHODDY MILL RD,Local,Local Intersections,748,758,1446,4461,2136,2658,2242,2379,2371.0,0.0,748.0,0.0
41.726558032319794,-72.60327350886267,697,2024,HARRIS ST,Local,Local Intersections,697,382,2534,2798,2714,3837,3147,3264,3377.0,0.0,697.0,0.0
41.72931231790032,-72.600355457503,409,2024,LONG HILL DR,Local,Local Intersections,409,283,692,397,1012,1324,1134,1190,1214.0,0.0,409.0,0.0
41.7159175344856,-72.61392104663824,145,2024,PARKER TER,Local,Local Intersections,145,76,34,43,283,485,371,399,367.0,0.0,145.0,0.0
41.67812798647416,-72.58176156627752,31,2024,CHESTNUT HILL TER,Local,Local Intersections,31,70,34,73,356,389,395,383,213.0,0.0,31.0,0.0
41.72699727903261,-72.60500392169183,85,2024,DENSLOW RD,Local,Local Intersections,85,114,230,233,533,714,522,528,594.0,0.0,85.0,0.0
41.67517134061762,-72.58421420027143,527,2024,OLDE WOOD RD,Local,Local Intersections,527,475,1657,2240,1449,1807,1461,1511,1466.0,0.0,527.0,0.0
41.67699612405882,-72.59081006372465,65,2024,NORTHVIEW DR,Local,Local Intersections,65,96,399,249,381,419,264,116,102.0,0.0,65.0,0.0
41.70801051752528,-72.54437294511452,737,2024,STRICKLAND ST,Local,Local Intersections,737,541,1320,1467,1915,2792,2053,2165,2185.0,0.0,737.0,0.0
41.7004137607962,-72.58077376830703,8600,2024,NEW LONDON TPK,Major Collector,Local Intersections,8600,8100,8100,8100,9800,9800,9800,8900,9163.0,0.0,8600.0,0.0
41.70372197578445,-72.60223401586863,186,2024,MAPLE ST,Local,Local Intersections,186,210,569,729,1113,1360,1110,1177,1202.0,0.0,186.0,0.0
41.685493120291646,-72.51937052348484,273,2024,EASTBURY HILL RD,Local,Local Intersections,273,162,204,4520,455,640,502,529,527.0,0.0,273.0,0.0
41.692435322078566,-72.55340413461845,243,2024,PAXTON WAY,Local,Local Intersections,243,211,588,475,1049,1457,1246,1366,1396.0,0.0,243.0,0.0
41.669168686410615,-72.59333118532346,73,2024,PASTURE LA,Local,Local Intersections,73,74,145,290,421,574,370,401,311.0,0.0,73.0,0.0
41.679953600270224,-72.58660265339994,70,2024,LITTEL ACRES RD,Local,Local Intersections,70,138,114,149,378,414,21,21,21.0,0.0,70.0,0.0
41.64896243677948,-72.6135382634338,496,2024,GREAT POND RD,Local,Local Intersections,496,366,687,1155,1035,1324,1094,1159,1227.0,0.0,496.0,0.0
41.73241703355968,-72.57436235203402,5000,2024,ADDISON RD,Minor Arterial,Local Intersections,5000,4500,4500,4500,5300,5300,5300,4600,5872.0,0.0,5000.0,0.0
41.64806741457589,-72.59684271472666,280,2024,DAYTON RD,Local,Local Intersections,280,165,317,321,500,488,481,501,350.0,0.0,280.0,0.0
41.71034550320035,-72.54460158263082,123,2024,SAND HILL LA,Local,Local Intersections,123,136,118,260,426,637,451,475,489.0,0.0,123.0,0.0
41.71917519586918,-72.60204834665304,5711,2024,HOUSE ST,Local,Local Intersections,5711,5910,5365,6936,4691,6465,5480,5764,5905.0,0.0,5711.0,0.0
41.73055060424601,-72.56897555806346,2400,2024,GREAT SWAMP RD,Major Collector,Local Intersections,2400,2100,2100,2100,2500,2500,2500,2500,3797.0,0.0,2400.0,0.0
41.66075224537674,-72.61818917997043,531,2024,TRYON ST,Local,Local Intersections,531,350,670,757,966,1154,979,1062,1067.0,0.0,531.0,0.0
41.69259261433441,-72.52062046231497,861,2024,WEIR ST,Local,Local Intersections,861,874,1613,4032,1661,1967,1579,1673,1696.0,0.0,861.0,0.0
41.676266874234,-72.59229979435331,53,2024,LENTI TER,Local,Local Intersections,53,72,177,54,255,348,323,343,263.0,0.0,53.0,0.0
41.716214629893344,-72.61178062515793,2400,2024,NAUBUC AV,Minor Arterial,Local Intersections,2400,2000,2000,2000,2400,2400,2400,2000,3328.0,0.0,2400.0,0.0
41.69518969387458,-72.58748945340687,186,2024,WAGON RD,Local,Local Intersections,186,268,257,252,609,851,773,804,801.0,0.0,186.0,0.0
41.66738180701008,-72.60527499798685,271,2024,HIGH ST,Local,Local Intersections,271,354,494,694,788,925,805,856,840.0,0.0,271.0,0.0
41.6867525338795,-72.56616264899344,165,2024,RUSSET RD,Local,Local Intersections,165,120,353,251,372,568,473,465,477.0,0.0,165.0,0.0
41.70413262832665,-72.5997814687184,1957,2024,WILLIEB ST,Local,Local Intersections,1957,1868,2741,3317,2964,4004,3174,3280,3313.0,0.0,1957.0,0.0
41.68709079984933,-72.58867247625194,96,2024,BRADLEY WAY,Local,Local Intersections,96,121,316,364,880,380,329,182,21.0,0.0,96.0,0.0
41.67608636435702,-72.57087669189141,76,2024,PENNYWISE LA,Local,Local Intersections,76,73,126,223,450,504,403,472,376.0,0.0,76.0,0.0
41.69387199276467,-72.47120889371217,496,2024,IMPERIAL DR,Local,Local Intersections,496,514,805,752,744,913,657,693,712.0,0.0,496.0,0.0
41.69914320381418,-72.51737493273222,799,2024,WEIR ST,Local,Local Intersections,799,827,1291,1687,1608,1876,1604,1695,1683.0,0.0,799.0,0.0
41.68208485911676,-72.595136568392,211,2024,ORCHARD LA,Local,Local Intersections,211,85,113,72,362,547,485,525,545.0,0.0,211.0,0.0
41.72655275312152,-72.57365736261322,573,2024,WORTHINGTON RD,Local,Local Intersections,573,540,782,652,932,1413,1009,1089,1049.0,0.0,573.0,0.0
41.72495398103749,-72.59352375016078,200,2024,MILESTONE DR NO 2,Local,Local Intersections,200,176,116,158,398,645,483,519,536.0,0.0,200.0,0.0
41.70914172161508,-72.6081118512716,6800,2024,MAIN ST,Minor Arterial,Local Intersections,6800,5700,5700,5700,5700,5700,5700,5900,7051.0,0.0,6800.0,0.0
41.68547396686888,-72.51947188877355,273,2024,EASTBURY HILL RD,Local,Local Intersections,273,162,204,4520,455,640,502,529,527.0,0.0,273.0,0.0
41.68834497136413,-72.58056667041777,70,2024,TALL TIMBERS DR,Local,Local Intersections,70,80,449,304,446,752,518,545,561.0,0.0,70.0,0.0
41.69263953442382,-72.58000367666553,391,2024,HANOVER FIELDS RD,Local,Local Intersections,391,405,866,1165,1318,1879,1517,1572,1612.0,0.0,391.0,0.0
41.725356273023785,-72.5368884787455,7200,2024,KEENEY ST,Minor Arterial,Local Intersections,7200,6900,6900,6900,7600,7600,7600,6900,5726.0,0.0,7200.0,0.0
41.725771070718366,-72.58004017545233,573,2024,WORTHINGTON RD,Local,Local Intersections,573,540,782,652,932,1413,1009,1089,1049.0,0.0,573.0,0.0
41.72618590765138,-72.59084869028801,8200,2024,GRISWOLD ST,Minor Arterial,Local Intersections,8200,6300,6300,6300,8800,8800,8800,7068,8398.0,0.0,8200.0,0.0
41.71753016546699,-72.52481777401768,1118,2024,SHADY HILL LA,Local,Local Intersections,1118,921,2404,2631,2487,3194,2629,2751,2792.0,0.0,1118.0,0.0
41.667107796007215,-72.59699213165995,2000,2024,HOPEWELL RD,Local,Local Intersections,2000,2000,2000,2000,1900,1900,1900,1900,2855.0,0.0,2000.0,0.0
41.69677366780882,-72.52419422843354,142,2024,BUTLER DR,Local,Local Intersections,142,202,473,1512,611,846,763,808,818.0,0.0,142.0,0.0
41.71371828608016,-72.57653712802501,95,2024,CAVAN LA,Local,Local Intersections,95,89,622,375,456,629,555,564,549.0,0.0,95.0,0.0
41.73213706962951,-72.57180644796111,423,2024,DUCK POND RD,Local,Local Intersections,423,504,692,999,938,1032,717,753,695.0,0.0,423.0,0.0
41.65718399357581,-72.56223831505545,49,2024,COUNTRY CLUB RD NO 1,Local,Local Intersections,49,69,131,58,370,566,414,449,470.0,0.0,49.0,0.0
41.72714825319728,-72.60199869796115,204,2024,LANCASTER RD,Local,Local Intersections,204,165,778,667,1213,1748,1527,1587,1612.0,0.0,204.0,0.0
41.672007485158446,-72.5696800602627,577,2024,SUNSET DR,Local,Local Intersections,577,327,921,869,1361,1814,1470,1577,1608.0,0.0,577.0,0.0
41.68546092077498,-72.52416338527149,630,2024,EASTBURY HILL RD,Local,Local Intersections,630,417,715,4983,1252,1724,1452,1504,1497.0,0.0,630.0,0.0
41.6938452440299,-72.49302331415066,162,2024,JONATHAN TR NO 1,Local,Local Intersections,162,155,81,81,270,416,254,278,277.0,0.0,162.0,0.0
41.71383545311293,-72.57656463443413,95,2024,CAVAN LA,Local,Local Intersections,95,89,622,375,456,629,555,564,549.0,0.0,95.0,0.0
41.72837748926571,-72.60050015396135,86,2024,KENNETH DR,Local,Local Intersections,86,94,203,57,269,352,372,377,200.0,0.0,86.0,0.0
41.663433418943725,-72.52396876341749,1449,2024,TOLL GATE RD,Local,Local Intersections,1449,1139,1022,1999,1715,2118,1899,2028,2138.0,0.0,1449.0,0.0
41.72186044112874,-72.51376832671733,300,2024,NATCHAUG DR,Local,Local Intersections,300,250,250,250,300,300,300,350,835.0,0.0,300.0,0.0
41.73130869435374,-72.58557748109286,214,2024,DUXBURY LA,Local,Local Intersections,214,230,573,372,523,744,608,540,622.0,0.0,214.0,0.0
41.683697952003925,-72.52465083453009,110,2024,GRANDVIEW DR,Local,Local Intersections,110,108,148,153,357,553,428,442,440.0,0.0,110.0,0.0
41.7171388736669,-72.59316578578016,3833,2024,WESTERN BLVD,Local,Local Intersections,3833,3462,3606,4177,3501,5059,4147,4267,4294.0,0.0,3833.0,0.0
41.69670644295064,-72.59713016128237,802,2024,OLDE STAGE RD,Local,Local Intersections,802,878,2049,2391,2241,2880,2380,2462,2487.0,0.0,802.0,0.0
41.69619240630118,-72.58806799293465,186,2024,WAGON RD,Local,Local Intersections,186,268,257,252,609,851,773,804,801.0,0.0,186.0,0.0
41.70330271501401,-72.57561310377035,54,2024,ROSER DR,Local,Local Intersections,54,62,33,36,225,293,307,315,356.0,0.0,54.0,0.0
41.65170262034178,-72.60793094077803,496,2024,GREAT POND RD,Local,Local Intersections,496,366,687,1155,1035,1324,1094,1159,1227.0,0.0,496.0,0.0
41.71588720900437,-72.61413915786447,2400,2024,NAUBUC AV,Minor Arterial,Local Intersections,2400,2000,2000,2000,2400,2400,2400,2000,3328.0,0.0,2400.0,0.0
41.71622631678708,-72.61169516068217,10900,2024,NEW LONDON TPK,Minor Arterial,Local Intersections,10900,9300,9300,9300,12100,12100,12100,10800,4942.0,0.0,10900.0,0.0
41.71490215717606,-72.604053713271,59,2024,MEDFORD ST,Local,Local Intersections,59,68,44,32,303,466,385,373,343.0,0.0,59.0,0.0
41.72717489852684,-72.53570250940453,7200,2024,KEENEY ST,Minor Arterial,Local Intersections,7200,6900,6900,6900,7600,7600,7600,6900,5726.0,0.0,7200.0,0.0
41.65857771279076,-72.58130002937573,96,2024,BLUEBERRY LA,Local,Local Intersections,96,73,33,69,337,353,283,314,258.0,0.0,96.0,0.0
41.72979512955214,-72.5744639803569,2400,2024,GREAT SWAMP RD,Major Collector,Local Intersections,2400,2100,2100,2100,2500,2500,2500,2500,3797.0,0.0,2400.0,0.0
41.7007706447641,-72.58190400681981,8600,2024,NEW LONDON TPK,Major Collector,Local Intersections,8600,8100,8100,8100,9800,9800,9800,8900,9163.0,0.0,8600.0,0.0
41.722362692234704,-72.53755313617552,7200,2024,KEENEY ST,Minor Arterial,Local Intersections,7200,6900,6900,6900,7600,7600,7600,6900,5726.0,0.0,7200.0,0.0
41.69114134333458,-72.53359701857691,148,2024,FISHER HILL RD,Local,Local Intersections,148,109,449,1010,572,792,668,703,719.0,0.0,148.0,0.0
41.69105962715316,-72.59154543867731,724,2024,FOUNDERS RD,Local,Local Intersections,724,712,1750,2670,2554,3153,2644,2752,2820.0,0.0,724.0,0.0
41.65838598545691,-72.53833789323484,106,2024,JEREMIAH'S WAY,Local,Local Intersections,106,85,21,26,275,659,292,333,311.0,0.0,106.0,0.0
41.675037900238166,-72.58420614012371,527,2024,OLDE WOOD RD,Local,Local Intersections,527,475,1657,2240,1449,1807,1461,1511,1466.0,0.0,527.0,0.0
41.716598608884745,-72.60945132696105,10900,2024,NEW LONDON TPK,Minor Arterial,Local Intersections,10900,9300,9300,9300,12100,12100,12100,10800,4942.0,0.0,10900.0,0.0
41.70615370284012,-72.53031031255108,859,2024,HURLBURT ST,Local,Local Intersections,859,928,1626,1799,2380,3039,2544,2664,2719.0,0.0,859.0,0.0
41.670192302103445,-72.52585398229996,460,2024,HIGHWOOD DR,Local,Local Intersections,460,431,460,581,888,1258,998,1066,1092.0,0.0,460.0,0.0
41.69656380410152,-72.59848135804687,802,2024,OLDE STAGE RD,Local,Local Intersections,802,878,2049,2391,2241,2880,2380,2462,2487.0,0.0,802.0,0.0
41.72773579751152,-72.60503783513045,58,2024,WEBSTER LA,Local,Local Intersections,58,67,156,132,320,386,409,403,443.0,0.0,58.0,0.0
41.68395211881592,-72.59307046008435,60,2024,PEACH TREE LA,Local,Local Intersections,60,79,21,26,325,326,331,339,179.0,0.0,60.0,0.0
41.67681506395965,-72.57347771927249,187,2024,MARILYN DR,Local,Local Intersections,187,168,145,186,348,402,357,386,390.0,0.0,187.0,0.0
41.71500816151516,-72.55590555339265,48,2024,PLANK LA,Local,Local Intersections,48,51,34,27,309,359,309,323,260.0,3505.7516740340316,3553.7516740340316,7303.649320904232
41.69197043087993,-72.58406993635954,194,2024,BUNKER HILL RD,Local,Local Intersections,194,112,261,293,660,822,682,733,750.0,0.0,194.0,0.0
41.72094938742214,-72.51910435525339,451,2024,WOODHAVEN RD,Local,Local Intersections,451,297,770,781,1180,1577,1273,1341,1370.0,0.0,451.0,0.0
41.69478565023871,-72.53593120212129,1300,2024,NEIPSIC RD,Minor Collector,Local Intersections,1300,1300,1300,1300,1200,1200,1200,1200,2383.0,0.0,1300.0,0.0
41.69416276836458,-72.56881759467322,500,2024,TALL TIMBERS RD,Local,Local Intersections,500,450,450,450,450,450,450,450,1669.0,0.0,500.0,0.0
41.70410224130386,-72.58162378845594,4100,2024,NEIPSIC RD,Major Collector,Local Intersections,4100,4000,4000,4000,4700,4700,4700,3600,3943.0,0.0,4100.0,0.0
41.69364072835022,-72.60605340258977,262,2024,TALCOTT RD,Local,Local Intersections,262,151,133,229,496,513,467,506,498.0,0.0,262.0,0.0
41.71389026112108,-72.60842631026468,4069,2024,WELLES ST,Local,Local Intersections,4069,3940,3403,4416,3253,4540,3719,3881,3965.0,0.0,4069.0,0.0
41.73100945657268,-72.57653214021161,412,2024,BARRINGTON WAY,Local,Local Intersections,412,515,924,672,1375,1842,1641,1694,1723.0,0.0,412.0,0.0
41.70884369902097,-72.50642711527068,112,2024,JASMINE LA,Local,Local Intersections,112,104,198,326,480,446,372,420,398.0,2884.0130943451795,2996.0130943451795,2575.0116913796246
41.683103281247874,-72.53682093531472,45,2024,JAMESTOWN CT,Local,Local Intersections,45,67,34,21,261,331,312,323,249.0,0.0,45.0,0.0
41.71981575694386,-72.61575048486205,738,2024,PRATT ST,Local,Local Intersections,738,534,908,664,1240,1648,1385,1450,1441.0,0.0,738.0,0.0
41.69548358931107,-72.5929289299842,724,2024,FOUNDERS RD,Local,Local Intersections,724,681,1977,2953,2572,3257,2663,2777,2853.0,0.0,724.0,0.0
41.682208558496086,-72.58242470388973,55,2024,KNOB HILL RD,Local,Local Intersections,55,102,160,150,484,681,336,372,379.0,0.0,55.0,0.0
41.72384426309006,-72.6262724086623,5950,2024,NAUBUC AV,Minor Arterial,Local Intersections,5950,5150,5150,5150,5900,5900,5900,5500,5026.0,0.0,5950.0,0.0
41.70149272807392,-72.6010895113483,4000,2024,HUBBARD ST,Major Collector,Local Intersections,4000,4300,4300,4300,4200,4200,4200,4000,4017.0,0.0,4000.0,0.0
41.73148119679281,-72.57147575988766,423,2024,DUCK POND RD,Local,Local Intersections,423,504,692,999,938,1032,717,753,695.0,0.0,423.0,0.0
41.67165915653824,-72.52638395534673,62,2024,SUMMIT CREST DR,Local,Local Intersections,62,158,308,313,521,725,619,656,598.0,0.0,62.0,0.0
41.67379714347911,-72.57692093658925,1055,2024,SUNSET DR,Local,Local Intersections,1055,571,1273,1396,1543,2167,1726,1834,1841.0,0.0,1055.0,0.0
41.72884454348778,-72.57423374695163,163,2024,TRINITY AV,Local,Local Intersections,163,215,284,194,458,622,497,565,540.0,0.0,163.0,0.0
41.7289126247766,-72.56913189291775,163,2024,TRINITY AV,Local,Local Intersections,163,215,284,194,458,622,497,565,540.0,0.0,163.0,0.0
41.69085939429881,-72.47857866991586,356,2024,IMPERIAL DR,Local,Local Intersections,356,342,358,327,489,556,405,425,423.0,0.0,356.0,0.0
41.71364432336974,-72.60947618626804,6800,2024,MAIN ST,Minor Arterial,Local Intersections,6800,5700,5700,5700,5700,5700,5700,5900,14794.0,0.0,6800.0,0.0
41.71457417689435,-72.53629871492888,819,2024,HURLBURT ST,Local,Local Intersections,819,907,1645,1735,2346,3033,2544,2668,2729.0,1505.3530215641001,2324.3530215641003,183.80378773676435
41.709490643686976,-72.54898128013079,275,2024,MILLSTONE RD,Local,Local Intersections,275,324,358,392,538,639,532,564,573.0,0.0,275.0,0.0
41.66486806645112,-72.5272780337201,1449,2024,TOLL GATE RD,Local,Local Intersections,1449,1139,1022,1999,1715,2118,1899,2028,2138.0,0.0,1449.0,0.0
41.69135516903569,-72.59803821574104,152,2024,RANDOLPH DR,Local,Local Intersections,152,145,323,254,509,592,456,478,484.0,0.0,152.0,0.0
41.70880076066644,-72.5538857131214,64,2024,GRIST MILL RD,Local,Local Intersections,64,75,49,59,307,415,369,373,392.0,0.0,64.0,0.0
41.7270678834789,-72.50691771361994,442,2024,MINNECHAUG DR,Local,Local Intersections,442,337,703,708,1155,1347,1066,1113,1144.0,0.0,442.0,0.0
41.70396005809747,-72.58274035836268,4100,2024,NEIPSIC RD,Major Collector,Local Intersections,4100,4000,4000,4000,4700,4700,4700,3600,3943.0,0.0,4100.0,0.0
41.72953527702899,-72.59444590096578,409,2024,LONG HILL DR,Local,Local Intersections,409,283,692,397,1012,1324,1134,1190,1214.0,0.0,409.0,0.0
41.65130119669104,-72.57144293778991,153,2024,CHATHAM HILL,Local,Local Intersections,153,155,684,974,529,450,364,358,403.0,0.0,153.0,0.0
41.69468587712378,-72.5360230673057,127,2024,CROSBY LA,Local,Local Intersections,127,90,104,346,369,576,340,373,376.0,0.0,127.0,0.0
41.65314463923893,-72.60262778042032,41,2024,STRATTON RD,Local,Local Intersections,41,61,202,151,314,435,344,345,260.0,0.0,41.0,0.0
41.72890618857572,-72.56585153875392,355,2024,WESLEYAN RD,Local,Local Intersections,355,332,316,253,507,641,567,658,586.0,0.0,355.0,0.0
41.69271260697309,-72.49187473554275,213,2024,KONGSCUT VALLEY TR,Local,Local Intersections,213,171,161,351,358,382,325,359,316.0,0.0,213.0,0.0
41.68698372920939,-72.60439865691043,6800,2024,MAIN ST,Minor Arterial,Local Intersections,6800,5700,5700,5700,5700,5700,5700,5900,5631.0,0.0,6800.0,0.0
41.68971232200145,-72.56429361517918,243,2024,PAXTON WAY,Local,Local Intersections,243,211,588,475,1049,1457,1246,1366,1396.0,0.0,243.0,0.0
41.71480295307166,-72.60154367383764,5711,2024,HOUSE ST,Local,Local Intersections,5711,5910,5365,6936,4691,6465,5480,5764,5905.0,0.0,5711.0,0.0
41.637018553665,-72.62691512828158,442,2024,OLD MAIDS LA,Local,Local Intersections,442,245,398,489,763,908,767,812,813.0,0.0,442.0,0.0
41.69120588881732,-72.59156474238118,724,2024,FOUNDERS RD,Local,Local Intersections,724,712,1750,2670,2554,3153,2644,2752,2820.0,0.0,724.0,0.0
41.69249902628044,-72.607289831934,6800,2024,MAIN ST,Minor Arterial,Local Intersections,6800,5700,5700,5700,5700,5700,5700,5900,6172.0,0.0,6800.0,0.0
41.677777015182095,-72.59240884472172,70,2024,LITTEL ACRES RD,Local,Local Intersections,70,138,114,149,378,414,21,21,21.0,0.0,70.0,0.0
41.726471691298805,-72.54522533471119,51,2024,MOCKINGBIRD LA,Local,Local Intersections,51,69,34,49,238,267,306,322,171.0,0.0,51.0,0.0
41.72172457467843,-72.51374692114884,300,2024,NATCHAUG DR,Local,Local Intersections,300,250,250,250,300,300,300,350,835.0,0.0,300.0,0.0
41.69914398956547,-72.47876596347649,53,2024,WREN HOLLOW,Local,Local Intersections,53,107,21,27,242,483,320,312,325.0,0.0,53.0,0.0
41.711904235883054,-72.4715398700843,68,2024,HORIZON LA,Local,Local Intersections,68,81,145,143,363,461,396,414,423.0,0.0,68.0,0.0
41.72129857400651,-72.60457412657324,67,2024,SHORT CIR,Local,Local Intersections,67,73,156,334,378,476,410,447,417.0,0.0,67.0,0.0
41.65397065171891,-72.53561449833035,120,2024,OLD FARMS RD,Local,Local Intersections,120,111,640,618,723,825,721,744,746.0,0.0,120.0,0.0
41.67633335183382,-72.59370011653942,65,2024,NORTHVIEW DR,Local,Local Intersections,65,96,399,249,381,419,264,116,102.0,0.0,65.0,0.0
41.73306630867569,-72.5617607836411,155,2024,EAST OPAL DR,Local,Local Intersections,155,108,497,432,605,982,693,759,734.0,0.0,155.0,0.0
41.71215791714161,-72.5718291974871,173,2024,CHASE HOLLOW LA,Local,Local Intersections,173,121,140,87,294,380,348,378,374.0,0.0,173.0,0.0
41.68211727621998,-72.59488425384308,2632,2024,OVERLOOK RD,Local,Local Intersections,2632,2363,2220,3417,3141,3982,3302,3508,3601.0,0.0,2632.0,0.0
41.73303451806504,-72.56189504391824,155,2024,EAST OPAL DR,Local,Local Intersections,155,108,497,432,605,982,693,759,734.0,0.0,155.0,0.0
41.72151588026657,-72.57954010469791,73,2024,ADDISON POND RD,Local,Local Intersections,73,133,196,246,408,722,544,563,578.0,0.0,73.0,0.0
41.69340990811134,-72.59209170283054,724,2024,FOUNDERS RD,Local,Local Intersections,724,681,1977,2953,2572,3257,2663,2777,2853.0,0.0,724.0,0.0
41.70573747332163,-72.56783803286301,64,2024,FAIRLAWN RD,Local,Local Intersections,64,67,32,60,276,368,322,312,228.0,0.0,64.0,0.0
41.68728757455091,-72.58867691204881,723,2024,FOUNDERS RD,Local,Local Intersections,723,742,1522,2387,2535,3049,2624,2726,2786.0,0.0,723.0,0.0
41.671788989736704,-72.52618600309266,460,2024,HIGHWOOD DR,Local,Local Intersections,460,431,460,581,888,1258,998,1066,1092.0,0.0,460.0,0.0
41.7196527889436,-72.61394965276409,1178,2024,SPRING ST,Local,Local Intersections,1178,842,1232,1024,1470,1938,1622,1717,1767.0,0.0,1178.0,0.0
41.674683943194566,-72.57707202111727,1280,2024,SUNSET DR,Local,Local Intersections,1280,766,1386,1552,1753,2553,2010,2135,2142.0,0.0,1280.0,0.0
41.72636695762249,-72.57498004023606,573,2024,WORTHINGTON RD,Local,Local Intersections,573,540,782,652,932,1413,1009,1089,1049.0,0.0,573.0,0.0
41.692896180421805,-72.5172526278502,182,2024,GOODALE HILL RD,Local,Local Intersections,182,168,304,355,484,534,357,387,393.0,0.0,182.0,0.0
41.69426734249568,-72.5689522569388,8600,2024,NEW LONDON TPK,Major Collector,Local Intersections,8600,8100,8100,8100,9800,9800,9800,8900,6596.0,0.0,8600.0,0.0
41.70085796233104,-72.58186511081536,288,2024,MARK DR,Local,Local Intersections,288,171,63,97,300,446,383,407,259.0,0.0,288.0,0.0
41.69367102623791,-72.47319148700052,496,2024,IMPERIAL DR,Local,Local Intersections,496,514,805,752,744,913,657,693,712.0,0.0,496.0,0.0
41.654272823716106,-72.61916012868558,80,2024,DUFFORDS LANDING,Local,Local Intersections,80,91,63,67,219,309,300,327,325.0,0.0,80.0,0.0
41.71399770231772,-72.60833166850243,1279,2024,GROVE ST,Local,Local Intersections,1279,1401,1056,1121,2232,3238,2722,2894,2825.0,0.0,1279.0,0.0
41.72839186428128,-72.59415718252815,204,2024,LANCASTER RD,Local,Local Intersections,204,165,778,667,1213,1748,1527,1587,1612.0,0.0,204.0,0.0
41.69275793243145,-72.51884227906318,766,2024,GOODALE HILL RD,Local,Local Intersections,766,582,928,3008,1094,1412,1070,1150,1158.0,0.0,766.0,0.0
41.689730787983024,-72.58039530864959,70,2024,TALL TIMBERS DR,Local,Local Intersections,70,80,449,304,446,752,518,545,561.0,0.0,70.0,0.0
41.71253947880395,-72.5228747641318,144,2024,CRICKET LA,Local,Local Intersections,144,114,277,134,301,370,348,399,388.0,1477.2529386757071,1621.2529386757071,1025.8700963025744
41.73106328036334,-72.59022856791849,922,2024,LEXINGTON RD,Local,Local Intersections,922,838,1138,1261,1676,2217,1905,1952,2001.0,0.0,922.0,0.0
41.7182934754363,-72.62433435340309,3500,2024,NAUBUC AV,Minor Arterial,Local Intersections,3500,3000,3000,3000,3750,3750,3750,3350,3638.0,0.0,3500.0,0.0
41.71615862363279,-72.605781234029,10900,2024,NEW LONDON TPK,Minor Arterial,Local Intersections,10900,9300,9300,9300,12100,12100,12100,10800,4942.0,0.0,10900.0,0.0
41.72592753050283,-72.58012721454533,364,2024,HEYWOOD DR,Local,Local Intersections,364,172,245,135,400,573,461,501,493.0,0.0,364.0,0.0
41.7048466298194,-72.6080371042646,6800,2024,MAIN ST,Minor Arterial,Local Intersections,6800,5700,5700,5700,5700,5700,5700,5900,6914.0,0.0,6800.0,0.0
41.70079218467913,-72.47388217010553,93,2024,PARTRIDGE LANDING,Local,Local Intersections,93,100,85,81,294,418,333,359,354.0,0.0,93.0,0.0
41.666339281319736,-72.5956933593423,2000,2024,HOPEWELL RD,Local,Local Intersections,2000,2000,2000,2000,1900,1900,1900,1900,2855.0,0.0,2000.0,0.0
41.71066299505605,-72.60801670026645,90,2024,SCHOOL ST,Local,Local Intersections,90,65,150,172,330,537,445,475,473.0,0.0,90.0,0.0
41.68950738602886,-72.5840811566389,194,2024,BUNKER HILL RD,Local,Local Intersections,194,112,261,293,660,822,682,733,750.0,0.0,194.0,0.0
41.69304065794908,-72.47732799542602,356,2024,IMPERIAL DR,Local,Local Intersections,356,342,358,327,489,556,405,425,423.0,0.0,356.0,0.0
41.65028831171077,-72.61332560279527,496,2024,GREAT POND RD,Local,Local Intersections,496,366,687,1155,1035,1324,1094,1159,1227.0,0.0,496.0,0.0
41.712407284133846,-72.60865329269649,6800,2024,MAIN ST,Minor Arterial,Local Intersections,6800,5700,5700,5700,5700,5700,5700,5900,9645.0,0.0,6800.0,0.0
41.7031747847136,-72.61036818127685,138,2024,MEADOW RD,Local,Local Intersections,138,76,169,131,279,367,348,403,364.0,0.0,138.0,0.0
41.73221988572463,-72.56577779585383,1500,2024,HILLSTOWN RD,Major Collector,Local Intersections,1500,1300,1300,1300,1500,1500,1500,1600,3656.0,0.0,1500.0,0.0
41.72529170578363,-72.55024823444305,97,2024,SHAGBARK RD,Local,Local Intersections,97,93,493,325,424,700,583,606,613.0,0.0,97.0,0.0
41.67192005415928,-72.58622375180762,156,2024,FARMCLIFF DR,Local,Local Intersections,156,113,541,695,953,1196,1008,1051,1072.0,0.0,156.0,0.0
41.70875521249401,-72.5217056924552,1233,2024,WEIR ST,Local,Local Intersections,1233,1271,1351,1910,1923,2304,1952,2046,2045.0,0.0,1233.0,0.0
41.71820570090365,-72.5938497538972,607,2024,NATIONAL DR,Local,Local Intersections,607,399,490,417,1693,2729,2375,2481,2467.0,0.0,607.0,0.0
41.71049262549323,-72.60491560622229,10900,2024,NEW LONDON TPK,Major Collector,Local Intersections,10900,9300,9300,9300,12100,12100,12100,10800,8456.0,0.0,10900.0,0.0
41.72193938905816,-72.61469705550387,6800,2024,MAIN ST,Minor Arterial,Local Intersections,6800,5700,5700,5700,5700,5700,5700,5900,20309.0,0.0,6800.0,0.0
41.6789473890444,-72.5809579081454,194,2024,WOOD POND RD,Local,Local Intersections,194,154,243,214,457,743,540,515,588.0,0.0,194.0,0.0
41.71212973265639,-72.57203479053788,173,2024,CHASE HOLLOW LA,Local,Local Intersections,173,121,140,87,294,380,348,378,374.0,0.0,173.0,0.0
41.692978421304325,-72.6010673292584,83,2024,STEVENS LA,Local,Local Intersections,83,97,110,117,375,493,429,442,420.0,0.0,83.0,0.0
41.65853777171574,-72.59312039060383,68,2024,FAIRVIEW TER,Local,Local Intersections,68,133,221,90,283,392,339,373,306.0,0.0,68.0,0.0
41.72509731018045,-72.59354079321969,568,2024,MILESTONE DR NO 1,Local,Local Intersections,568,412,676,523,840,1228,982,998,1018.0,0.0,568.0,0.0
41.7027595058667,-72.5742047953255,4100,2024,NEIPSIC RD,Major Collector,Local Intersections,4100,4000,4000,4000,4700,4700,4700,3600,3943.0,0.0,4100.0,0.0
41.65664871826378,-72.54019857028183,45,2024,NICOLE DR,Local,Local Intersections,45,218,21,64,272,376,277,352,304.0,0.0,45.0,0.0
41.70026587035084,-72.49449363355727,110,2024,PENWOOD CROSSING,Local,Local Intersections,110,121,258,248,404,520,418,440,449.0,1405.0274651893328,1515.0274651893328,1277.2976956266662
41.73215937266183,-72.58041794561245,922,2024,LEXINGTON RD,Local,Local Intersections,922,838,1138,1261,1676,2217,1905,1952,2001.0,0.0,922.0,0.0
41.711744841213765,-72.58170978575984,2938,2024,OAKWOOD DR NO 2,Local,Local Intersections,2938,2806,2419,2831,2589,4251,3177,3324,3332.0,0.0,2938.0,0.0
41.64910123351353,-72.61356347086817,249,2024,TAYLOR TOWN RD,Local,Local Intersections,249,128,430,461,559,719,597,636,710.0,0.0,249.0,0.0
41.66932596712914,-72.5286604950876,67,2024,LIBERTY DR,Local,Local Intersections,67,70,147,85,274,317,286,309,311.0,0.0,67.0,0.0
41.72893372840058,-72.56564722085342,163,2024,TRINITY AV,Local,Local Intersections,163,215,284,194,458,622,497,565,540.0,0.0,163.0,0.0
41.72584130209179,-72.58021290150776,573,2024,WORTHINGTON RD,Local,Local Intersections,573,540,782,652,932,1413,1009,1089,1049.0,0.0,573.0,0.0
41.72799207346564,-72.56580815930712,63,2024,U-CONN AV,Local,Local Intersections,63,88,51,40,369,457,423,395,312.0,0.0,63.0,0.0
41.666424040630936,-72.58277867024877,224,2024,HEATHER GLEN RD,Local,Local Intersections,224,121,421,548,665,765,707,722,764.0,0.0,224.0,0.0
41.67213914322664,-72.56850773537197,2000,2024,HOPEWELL RD,Local,Local Intersections,2000,2000,2000,2000,1900,1900,1900,1900,2855.0,0.0,2000.0,0.0
41.71622631678708,-72.61169516068217,6800,2024,MAIN ST,Minor Arterial,Local Intersections,6800,5700,5700,5700,5700,5700,5700,5900,17386.0,0.0,6800.0,0.0
41.69403136905013,-72.49302958507954,213,2024,KONGSCUT VALLEY TR,Local,Local Intersections,213,171,161,351,358,382,325,359,316.0,0.0,213.0,0.0
41.69108322412737,-72.59138249738344,61,2024,COACH RD,Local,Local Intersections,61,77,233,215,431,646,566,581,447.0,0.0,61.0,0.0
41.66772961168217,-72.53660075009917,2800,2024,WASSUC RD,Major Collector,Local Intersections,2800,2650,2650,2650,2700,2700,2700,2850,3592.0,0.0,2800.0,0.0
41.720068367228606,-72.61446885939267,738,2024,PRATT ST,Local,Local Intersections,738,534,908,664,1240,1648,1385,1450,1441.0,0.0,738.0,0.0
41.72033006097876,-72.51560827294568,451,2024,WOODHAVEN RD,Local,Local Intersections,451,297,770,781,1180,1577,1273,1341,1370.0,0.0,451.0,0.0
41.69707177675602,-72.48369324733868,403,2024,DIAMOND LAKE RD,Local,Local Intersections,403,412,981,810,793,841,748,775,799.0,0.0,403.0,0.0
41.73159832678753,-72.56383868632697,2400,2024,GREAT SWAMP RD,Local,Local Intersections,2400,2100,2100,2100,2500,2500,2500,2500,2282.0,0.0,2400.0,0.0
41.71949960903573,-72.61404934910047,6800,2024,MAIN ST,Minor Arterial,Local Intersections,6800,5700,5700,5700,5700,5700,5700,5900,19090.0,0.0,6800.0,0.0
41.65247488646864,-72.53716931488418,308,2024,COUNTRY LA,Local,Local Intersections,308,248,434,513,764,875,766,796,800.0,0.0,308.0,0.0
41.680913661774746,-72.54901430978279,8600,2024,NEW LONDON TPK,Major Collector,Local Intersections,8600,8100,8100,8100,9800,9800,9800,8900,4934.0,0.0,8600.0,0.0
41.67567668826714,-72.58424025224481,527,2024,OLDE WOOD RD,Local,Local Intersections,527,475,1657,2240,1449,1807,1461,1511,1466.0,0.0,527.0,0.0
41.69320305564005,-72.60102254889597,83,2024,STEVENS LA,Local,Local Intersections,83,97,110,117,375,493,429,442,420.0,0.0,83.0,0.0
41.64962603190853,-72.53540201492153,120,2024,OLD FARMS RD,Local,Local Intersections,120,111,640,618,723,825,721,744,746.0,0.0,120.0,0.0
41.67172997271398,-72.52238667674283,78,2024,KINGSWOOD DR,Local,Local Intersections,78,94,126,101,324,537,386,378,392.0,0.0,78.0,0.0
41.71003371542173,-72.60408512776279,10900,2024,NEW LONDON TPK,Major Collector,Local Intersections,10900,9300,9300,9300,12100,12100,12100,10800,8993.0,0.0,10900.0,0.0
41.66914295339153,-72.59352509162525,79,2024,LAKEWOOD CIR,Local,Local Intersections,79,74,132,194,476,550,268,21,53.0,0.0,79.0,0.0
41.69476416792085,-72.56677543045078,162,2024,UPLANDS WAY,Local,Local Intersections,162,166,501,776,1079,1524,1247,1348,1426.0,0.0,162.0,0.0
41.66807048466207,-72.58904969414549,139,2024,DRUMLIN RD,Local,Local Intersections,139,117,345,530,688,880,739,779,800.0,0.0,139.0,0.0
41.70209573509558,-72.47670373306747,93,2024,PARTRIDGE LANDING,Local,Local Intersections,93,100,85,81,294,418,333,359,354.0,0.0,93.0,0.0
41.660456448512015,-72.5808370792347,1551,2024,MATSON HILL RD,Local,Local Intersections,1551,1052,1390,2360,2305,2585,2163,2378,2458.0,0.0,1551.0,0.0
41.7060170199335,-72.56950023496734,68,2024,ROLLING HILLS DR,Local,Local Intersections,68,71,57,103,250,356,304,281,209.0,0.0,68.0,0.0
41.67127574017663,-72.5957328569382,286,2024,LAKEWOOD RD,Local,Local Intersections,286,181,253,206,435,804,403,39,21.0,0.0,286.0,0.0
41.6720314926304,-72.56838241110577,71,2024,ECHO LA,Local,Local Intersections,71,74,30,112,302,525,246,370,377.0,0.0,71.0,0.0
41.65170544575592,-72.60774197947109,496,2024,GREAT POND RD,Local,Local Intersections,496,366,687,1155,1035,1324,1094,1159,1227.0,0.0,496.0,0.0
41.68881493045853,-72.53161648411566,148,2024,FISHER HILL RD,Local,Local Intersections,148,109,449,1010,572,792,668,703,719.0,0.0,148.0,0.0
41.70548371511919,-72.52243435980883,52,2024,BUCKINGHAM DR,Local,Local Intersections,52,66,292,285,700,776,694,694,690.0,0.0,52.0,0.0
41.68680890032032,-72.51686406124753,527,2024,THOMPSON ST,Local,Local Intersections,527,528,480,1813,861,1202,953,1003,1033.0,0.0,527.0,0.0
41.72554263496578,-72.59053146184941,7350,2024,GRISWOLD ST,Minor Arterial,Local Intersections,7350,6000,6000,6000,8050,8050,8050,6534,7208.0,0.0,7350.0,0.0
41.71368679190884,-72.60936850579414,3218,2024,WELLES ST,Local,Local Intersections,3218,2831,2921,3905,3154,4110,3407,3547,3632.0,0.0,3218.0,0.0
41.707290046439496,-72.56598903950992,358,2024,OAKWOOD DR NO 1,Local,Local Intersections,358,239,358,332,712,863,713,746,690.0,0.0,358.0,0.0
41.726193229748176,-72.60497096590048,697,2024,HARRIS ST,Local,Local Intersections,697,382,2534,2798,2714,3837,3147,3264,3377.0,0.0,697.0,0.0
41.69584345878697,-72.60775857721211,6800,2024,MAIN ST,Minor Arterial,Local Intersections,6800,5700,5700,5700,5700,5700,5700,5900,6172.0,0.0,6800.0,0.0
41.683244657460726,-72.53664910719354,630,2024,EASTBURY HILL RD,Local,Local Intersections,630,417,715,4983,1252,1724,1452,1504,1497.0,0.0,630.0,0.0
41.69207034356575,-72.58409100469163,85,2024,OLD MUSKET RD,Local,Local Intersections,85,89,89,85,399,449,404,458,412.0,0.0,85.0,0.0
41.7257339769245,-72.58114132412915,573,2024,WORTHINGTON RD,Local,Local Intersections,573,540,782,652,932,1413,1009,1089,1049.0,0.0,573.0,0.0
41.70348688339168,-72.56109771633795,3200,2024,NEIPSIC RD,Major Collector,Local Intersections,3200,2900,2900,2900,2900,2900,2900,3100,3825.0,0.0,3200.0,0.0
41.71267441285285,-72.58515291541379,2938,2024,OAKWOOD DR NO 2,Local,Local Intersections,2938,2806,2419,2831,2589,4251,3177,3324,3332.0,0.0,2938.0,0.0
41.7039908848624,-72.57800018385228,972,2024,BIDWELL ST,Local,Local Intersections,972,809,1560,3893,2488,3112,2526,2631,2732.0,0.0,972.0,0.0
41.73135446827303,-72.50837643652311,550,2024,MOUNTAIN RD,Local,Local Intersections,550,450,450,450,600,600,600,525,964.0,0.0,550.0,0.0
41.715369549493325,-72.54658509909959,737,2024,STRICKLAND ST,Local,Local Intersections,737,541,1320,1467,1915,2792,2053,2165,2185.0,5016.618895761925,5753.618895761925,680.6809899269912
41.69932598292503,-72.52821027418443,748,2024,SHODDY MILL RD,Local,Local Intersections,748,758,1446,4461,2136,2658,2242,2379,2371.0,0.0,748.0,0.0
41.72031440419895,-72.51579381044938,451,2024,WOODHAVEN RD,Local,Local Intersections,451,297,770,781,1180,1577,1273,1341,1370.0,0.0,451.0,0.0
41.70907423439617,-72.5334027689943,68,2024,TANGLEWOOD DR,Local,Local Intersections,68,77,117,21,228,383,364,241,342.0,0.0,68.0,0.0
41.71845728024245,-72.58553055229095,4994,2024,EASTERN BLVD,Local,Local Intersections,4994,4949,4371,4937,3969,5862,4583,4766,4873.0,204.07368539203213,5198.0736853920325,4.086377360673451
41.72707261798062,-72.54738807414063,79,2024,LADYSLIPPER LA,Local,Local Intersections,79,128,158,136,305,503,363,349,346.0,0.0,79.0,0.0
41.70982207000944,-72.53129553009379,859,2024,HURLBURT ST,Local,Local Intersections,859,928,1626,1799,2380,3039,2544,2664,2719.0,0.0,859.0,0.0
41.70767003318136,-72.54450773556682,275,2024,MILLSTONE RD,Local,Local Intersections,275,324,358,392,538,639,532,564,573.0,0.0,275.0,0.0
41.66999854712201,-72.52594988892915,198,2024,ASPEN DR,Local,Local Intersections,198,182,224,164,459,602,469,499,505.0,0.0,198.0,0.0
41.70176544494876,-72.57408877013148,286,2024,LINCOLN DR,Local,Local Intersections,286,172,214,228,514,652,578,600,621.0,0.0,286.0,0.0
41.6970824630593,-72.5938805967759,724,2024,FOUNDERS RD,Local,Local Intersections,724,681,1977,2953,2572,3257,2663,2777,2853.0,0.0,724.0,0.0
41.72376824865436,-72.60247864023403,11400,2024,GRISWOLD ST,Minor Arterial,Local Intersections,11400,8750,8750,8750,11650,11650,11650,10084,10166.0,0.0,11400.0,0.0
41.70529769618005,-72.60473589929958,212,2024,WILLIAMS ST WEST,Local,Local Intersections,212,218,498,684,1071,1284,1080,1155,1178.0,0.0,212.0,0.0
41.68267816722519,-72.59679356640294,2632,2024,OVERLOOK RD,Local,Local Intersections,2632,2363,2220,3417,3141,3982,3302,3508,3601.0,0.0,2632.0,0.0
41.72555932665009,-72.61557943362125,9500,2024,PUTNAM BLVD,Minor Arterial,Local Intersections,9500,8300,8300,8300,10700,10700,10700,9900,9675.0,0.0,9500.0,0.0
41.72791404806173,-72.55026961772367,229,2024,SOMERSET RD,Local,Local Intersections,229,201,379,390,626,814,640,677,699.0,0.0,229.0,0.0
41.674838825470616,-72.57709742495629,1280,2024,SUNSET DR,Local,Local Intersections,1280,766,1386,1552,1753,2553,2010,2135,2142.0,0.0,1280.0,0.0
41.72991086069037,-72.56594332345676,283,2024,PRINCETON LA,Local,Local Intersections,283,297,422,301,439,565,445,471,456.0,0.0,283.0,0.0
41.68823124307814,-72.60521120130613,6800,2024,MAIN ST,Minor Arterial,Local Intersections,6800,5700,5700,5700,5700,5700,5700,5900,5902.0,0.0,6800.0,0.0
41.70762215910985,-72.60802621073017,734,2024,DOUGLAS RD,Local,Local Intersections,734,546,866,874,1246,1658,1358,1420,1412.0,0.0,734.0,0.0
41.70636139654176,-72.54634884114962,101,2024,JUNIPER LA,Local,Local Intersections,101,131,129,291,341,395,418,412,380.0,0.0,101.0,0.0
41.69742893675293,-72.60141926631374,159,2024,MORGAN DR,Local,Local Intersections,159,232,646,696,836,1064,941,850,798.0,0.0,159.0,0.0
41.67337870256263,-72.58381322033239,527,2024,OLDE WOOD RD,Local,Local Intersections,527,475,1657,2240,1449,1807,1461,1511,1466.0,0.0,527.0,0.0
41.685313391783865,-72.52422564870153,110,2024,GRANDVIEW DR,Local,Local Intersections,110,108,148,153,357,553,428,442,440.0,0.0,110.0,0.0
41.68888015671012,-72.53146530639854,1190,2024,FOREST LA,Local,Local Intersections,1190,986,2289,1434,2166,2830,2388,2536,2578.0,0.0,1190.0,0.0
41.704030572711815,-72.56465987606167,6200,2024,NEIPSIC RD,Major Collector,Local Intersections,6200,5900,5900,5900,6600,6600,6600,5900,5323.0,0.0,6200.0,0.0
41.699068609704895,-72.47896314120413,403,2024,DIAMOND LAKE RD,Local,Local Intersections,403,412,981,810,793,841,748,775,799.0,0.0,403.0,0.0
41.69961117627399,-72.47121408306946,1218,2024,MARLBOROUGH RD,Local,Local Intersections,1218,1252,1677,2406,2314,2622,2187,2304,2362.0,0.0,1218.0,0.0
41.70395032176095,-72.58281625412938,4100,2024,NEIPSIC RD,Major Collector,Local Intersections,4100,4000,4000,4000,4700,4700,4700,3600,3943.0,0.0,4100.0,0.0
41.70705663082205,-72.59275732363152,11100,2024,OAK ST,Major Collector,Local Intersections,11100,10800,10800,10800,13200,13200,13200,11500,8370.0,0.0,11100.0,0.0
41.67869103901572,-72.585998462352,127,2024,MOSELEY TER,Local,Local Intersections,127,152,354,374,701,896,661,717,730.0,0.0,127.0,0.0
41.73165227595069,-72.57148032549046,423,2024,DUCK POND RD,Local,Local Intersections,423,504,692,999,938,1032,717,753,695.0,0.0,423.0,0.0
41.68573356351953,-72.57693402893072,174,2024,OVERLOOK RD,Local,Local Intersections,174,108,212,339,637,911,706,756,770.0,0.0,174.0,0.0
41.66043808676827,-72.580760770803,250,2024,HOPEWELL HGTS,Local,Local Intersections,250,88,21,21,331,363,363,268,303.0,0.0,250.0,0.0
41.73147842120308,-72.58541896512749,922,2024,LEXINGTON RD,Local,Local Intersections,922,838,1138,1261,1676,2217,1905,1952,2001.0,0.0,922.0,0.0
41.656550295727634,-72.54011369961414,58,2024,JACQUES LA,Local,Local Intersections,58,402,42,146,345,488,381,427,431.0,0.0,58.0,0.0
41.7210873881018,-72.5192803219544,47,2024,PYQUAG LA,Local,Local Intersections,47,49,21,21,222,341,312,319,249.0,0.0,47.0,0.0
41.67422726086876,-72.60582454323276,179,2024,RIVERVIEW RD,Local,Local Intersections,179,141,116,106,401,424,375,409,419.0,0.0,179.0,0.0
41.68659263237539,-72.60398513005099,6800,2024,MAIN ST,Minor Arterial,Local Intersections,6800,5700,5700,5700,5700,5700,5700,5900,5588.0,0.0,6800.0,0.0
41.667591895970894,-72.53629665913712,2800,2024,WASSUC RD,Major Collector,Local Intersections,2800,2650,2650,2650,2700,2700,2700,2850,3592.0,0.0,2800.0,0.0
41.68115182534047,-72.53359865130041,645,2024,CHIMNEYSWEEP HILL RD,Local,Local Intersections,645,639,482,440,685,1040,832,877,895.0,0.0,645.0,0.0
41.71715992399531,-72.52196168832464,1118,2024,SHADY HILL LA,Local,Local Intersections,1118,921,2404,2631,2487,3194,2629,2751,2792.0,0.0,1118.0,0.0
41.71709868570146,-72.62304874287514,2400,2024,NAUBUC AV,Minor Arterial,Local Intersections,2400,2000,2000,2000,2400,2400,2400,2000,3328.0,0.0,2400.0,0.0
41.69623723000263,-72.49205636252935,213,2024,KONGSCUT VALLEY TR,Local,Local Intersections,213,171,161,351,358,382,325,359,316.0,0.0,213.0,0.0
41.68353241063418,-72.53406317322685,47,2024,JOHN MARSHALL DR,Local,Local Intersections,47,104,58,158,262,372,310,335,345.0,0.0,47.0,0.0
41.70067781980304,-72.53775656626274,2250,2024,NEIPSIC RD,Major Collector,Local Intersections,2250,2100,2100,2100,2050,2050,2050,2150,3108.0,0.0,2250.0,0.0
41.72785098462568,-72.54890807803334,229,2024,SOMERSET RD,Local,Local Intersections,229,201,379,390,626,814,640,677,699.0,0.0,229.0,0.0
41.665449969444325,-72.58164436176776,2000,2024,HOPEWELL RD,Local,Local Intersections,2000,2000,2000,2000,1900,1900,1900,1900,2855.0,0.0,2000.0,0.0
41.693492568666514,-72.60747696480264,6800,2024,MAIN ST,Minor Arterial,Local Intersections,6800,5700,5700,5700,5700,5700,5700,5900,6172.0,0.0,6800.0,0.0
41.72798582600707,-72.57390087102284,661,2024,OXFORD DR,Local,Local Intersections,661,582,700,577,875,1187,926,1023,983.0,0.0,661.0,0.0
41.69948197268199,-72.57849462147277,8600,2024,NEW LONDON TPK,Major Collector,Local Intersections,8600,8100,8100,8100,9800,9800,9800,8900,9163.0,0.0,8600.0,0.0
41.73118473547485,-72.58667459595945,922,2024,LEXINGTON RD,Local,Local Intersections,922,838,1138,1261,1676,2217,1905,1952,2001.0,0.0,922.0,0.0
41.70394096192522,-72.57786118448044,4100,2024,NEIPSIC RD,Major Collector,Local Intersections,4100,4000,4000,4000,4700,4700,4700,3600,3943.0,0.0,4100.0,0.0
41.69832282233124,-72.4958224005081,859,2024,ASH SWAMP RD,Local,Local Intersections,859,860,1364,1553,1482,1655,1446,1527,1521.0,0.0,859.0,0.0
41.70911328223917,-72.5561162515169,686,2024,CANDLELIGHT DR,Local,Local Intersections,686,618,1257,1503,1517,2009,1522,1594,1607.0,0.0,686.0,0.0
41.72709481923789,-72.59192494883537,2519,2024,CANDLEWOOD RD,Local,Local Intersections,2519,2308,2345,3456,3676,4761,4149,4286,4380.0,0.0,2519.0,0.0
41.67619111409852,-72.59366376741805,3300,2024,CHESTNUT HILL RD,Major Collector,Local Intersections,3300,3100,3100,3100,3100,3100,3100,3189,3553.0,0.0,3300.0,0.0
41.66755130390313,-72.605311496499,69,2024,BEECHWOOD LA,Local,Local Intersections,69,70,30,42,321,584,343,347,352.0,0.0,69.0,0.0
41.71208905502062,-72.47151817685109,726,2024,BIRCH MOUNTAIN RD,Local,Local Intersections,726,692,734,1024,1136,1370,1170,1212,1234.0,0.0,726.0,0.0
41.67821536762524,-72.58178139566208,3400,2024,CHESTNUT HILL RD,Major Collector,Local Intersections,3400,3100,3100,3100,3300,3300,3300,3100,3996.0,0.0,3400.0,0.0
41.6787615725527,-72.58623295660139,2169,2024,COLEMAN RD,Local,Local Intersections,2169,1693,2413,3968,1357,1588,1367,1302,1238.0,0.0,2169.0,0.0
41.686821460599184,-72.56643655757976,216,2024,BALDWIN LA,Local,Local Intersections,216,245,240,341,507,771,584,609,641.0,0.0,216.0,0.0
41.70910104717992,-72.55625125229473,686,2024,CANDLELIGHT DR,Local,Local Intersections,686,618,1257,1503,1517,2009,1522,1594,1607.0,0.0,686.0,0.0
41.72855938321109,-72.60034007450733,145,2024,BARRY LA,Local,Local Intersections,145,101,256,132,458,668,570,579,559.0,0.0,145.0,0.0
41.7206539979157,-72.60770139116987,99,2024,COOPER DR,Local,Local Intersections,99,109,282,160,511,370,389,381,189.0,0.0,99.0,0.0
41.69527984731519,-72.58600953567938,252,2024,CARRIAGE DR,Local,Local Intersections,252,253,520,397,869,1043,862,925,906.0,0.0,252.0,0.0
41.73030467271622,-72.5900706180288,2312,2024,CANDLEWOOD RD,Local,Local Intersections,2312,2155,2238,3166,3559,4603,3999,4135,4231.0,0.0,2312.0,0.0
41.732498746392935,-72.57428177526212,5000,2024,ADDISON RD,Minor Arterial,Local Intersections,5000,4500,4500,4500,5300,5300,5300,4600,5872.0,0.0,5000.0,0.0
41.68965838246484,-72.56641667988235,97,2024,CORTLAND LA,Local,Local Intersections,97,77,423,71,325,480,426,443,321.0,0.0,97.0,0.0
41.73110545459458,-72.57641767648124,5000,2024,ADDISON RD,Minor Arterial,Local Intersections,5000,4500,4500,4500,5300,5300,5300,4600,1246.0,0.0,5000.0,0.0
41.68671116173386,-72.56636139325545,216,2024,BALDWIN LA,Local,Local Intersections,216,245,240,341,507,771,584,609,641.0,0.0,216.0,0.0
41.70118829582239,-72.53237013580294,2100,2024,BROOK ST,Major Collector,Local Intersections,2100,2300,2300,2300,2000,2000,2000,2000,3228.0,0.0,2100.0,0.0
41.72702499349351,-72.60484464393959,85,2024,DENSLOW RD,Local,Local Intersections,85,114,230,233,533,714,522,528,594.0,0.0,85.0,0.0
41.72981023958013,-72.54915599627691,208,2024,BELRIDGE RD,Local,Local Intersections,208,140,54,49,303,504,401,490,588.0,0.0,208.0,0.0
41.69422406398724,-72.59420684548124,252,2024,CARRIAGE DR,Local,Local Intersections,252,253,520,397,869,1043,862,925,906.0,0.0,252.0,0.0
41.69133055398414,-72.59822831242597,1145,2024,BUTTONBALL LA,Local,Local Intersections,1145,1123,2963,4065,2788,3714,2856,3012,3085.0,0.0,1145.0,0.0
41.67639946250498,-72.59229028318836,3300,2024,CHESTNUT HILL RD,Major Collector,Local Intersections,3300,3100,3100,3100,3100,3100,3100,3189,3553.0,0.0,3300.0,0.0
41.73626886267233,-72.46337696779997,711,2024,BIRCH MOUNTAIN RD,Local,Local Intersections,711,639,784,954,1007,1160,1008,1059,1078.0,0.0,711.0,0.0
41.648296213574014,-72.56113403158324,392,2024,CLARK HILL RD,Local,Local Intersections,392,246,824,655,896,1067,820,893,928.0,0.0,392.0,0.0
41.683040562365726,-72.56837365165514,145,2024,APPLEWOOD LA,Local,Local Intersections,145,111,157,149,256,438,319,330,258.0,0.0,145.0,0.0
41.708900815780936,-72.55816144420146,686,2024,CANDLELIGHT DR,Local,Local Intersections,686,618,1257,1503,1517,2009,1522,1594,1607.0,0.0,686.0,0.0
41.71486052525094,-72.6042459170495,627,2024,CONCORD ST,Local,Local Intersections,627,420,389,417,571,783,743,753,736.0,0.0,627.0,0.0
41.701725707952114,-72.59822813421292,2338,2024,BUTTONBALL LA,Local,Local Intersections,2338,2239,4711,5609,3608,4632,3673,3851,1900.0,0.0,2338.0,0.0
41.69961117627399,-72.47121408306946,211,2024,BAILEY ST,Local,Local Intersections,211,186,394,373,765,669,585,600,593.0,4.9477500217472175,215.94775002174723,2.3449052235768804
41.698056167493775,-72.58646179874826,192,2024,CUTTER LA,Local,Local Intersections,192,157,448,269,667,891,768,815,817.0,0.0,192.0,0.0
41.695395192996365,-72.58623410805689,192,2024,CUTTER LA,Local,Local Intersections,192,157,448,269,667,891,768,815,817.0,0.0,192.0,0.0
41.714501886231496,-72.60415406163224,627,2024,CONCORD ST,Local,Local Intersections,627,420,389,417,571,783,743,753,736.0,0.0,627.0,0.0
41.68831714616144,-72.56537749579819,355,2024,CIDER MILL RD,Local,Local Intersections,355,321,622,431,729,1134,888,900,845.0,0.0,355.0,0.0
41.68009507626884,-72.58662414415097,2169,2024,COLEMAN RD,Local,Local Intersections,2169,1693,2413,3968,1357,1588,1367,1302,1238.0,0.0,2169.0,0.0
41.69543636798661,-72.56350371244017,162,2024,UPLANDS WAY,Local,Local Intersections,162,166,501,776,1079,1524,1247,1348,1426.0,0.0,162.0,0.0
41.70314788929328,-72.57558060367273,4100,2024,NEIPSIC RD,Major Collector,Local Intersections,4100,4000,4000,4000,4700,4700,4700,3600,3943.0,0.0,4100.0,0.0
41.6698403824159,-72.59568890213491,79,2024,LAKEWOOD CIR,Local,Local Intersections,79,74,132,194,476,550,268,21,53.0,0.0,79.0,0.0
41.66919053218712,-72.52858843597132,128,2024,ASPEN DR,Local,Local Intersections,128,114,122,92,328,468,378,404,406.0,0.0,128.0,0.0
41.6970824630593,-72.5938805967759,802,2024,OLDE STAGE RD,Local,Local Intersections,802,878,2049,2391,2241,2880,2380,2462,2487.0,0.0,802.0,0.0
41.71708362491777,-72.52197197443486,287,2024,KNOLLWOOD DR,Local,Local Intersections,287,218,851,753,882,937,797,816,785.0,0.0,287.0,0.0
41.725913067878,-72.60654766487355,178,2024,RISLEY RD,Local,Local Intersections,178,172,566,477,942,1321,1176,1221,1289.0,0.0,178.0,0.0
41.7039908848624,-72.57800018385228,4100,2024,NEIPSIC RD,Major Collector,Local Intersections,4100,4000,4000,4000,4700,4700,4700,3600,3943.0,0.0,4100.0,0.0
41.70901458853359,-72.60244011720305,46,2024,FULL CIR,Local,Local Intersections,46,57,79,77,254,290,308,298,292.0,0.0,46.0,0.0
41.67366902575703,-72.53983722748903,3600,2024,NEW LONDON TPK,Local,Local Intersections,3600,3600,3600,3600,3500,3500,3500,5100,2376.0,0.0,3600.0,0.0
41.65732822124812,-72.58232053092568,1551,2024,MATSON HILL RD,Local,Local Intersections,1551,1052,1390,2360,2305,2585,2163,2378,2458.0,0.0,1551.0,0.0
41.73043664739859,-72.58537024519623,214,2024,DUXBURY LA,Local,Local Intersections,214,230,573,372,523,744,608,540,622.0,0.0,214.0,0.0
41.7106777071094,-72.55444433325461,57,2024,JOHNNY CAKE LA,Local,Local Intersections,57,75,38,82,338,388,385,401,470.0,0.0,57.0,0.0
41.67821822117507,-72.58176245965703,3400,2024,CHESTNUT HILL RD,Major Collector,Local Intersections,3400,3100,3100,3100,3300,3300,3300,3100,3996.0,0.0,3400.0,0.0
41.694996002495365,-72.60098824710164,83,2024,STEVENS LA,Local,Local Intersections,83,97,110,117,375,493,429,442,420.0,0.0,83.0,0.0
41.669026105690136,-72.59570066525191,654,2024,LAKEWOOD RD,Local,Local Intersections,654,503,725,755,912,1194,665,283,21.0,0.0,654.0,0.0
41.657351088798734,-72.56238750374531,1076,2024,WOODLAND ST,Local,Local Intersections,1076,734,1428,1770,1940,2324,1919,2002,2088.0,0.0,1076.0,0.0
41.71527907787756,-72.5463726873822,21,2024,TREAT RD,Local,Local Intersections,21,21,21,21,359,393,196,21,21.0,2908.8736800373304,2929.8736800373304,13851.77942874919
41.71232701454592,-72.57059563182413,173,2024,CHASE HOLLOW LA,Local,Local Intersections,173,121,140,87,294,380,348,378,374.0,0.0,173.0,0.0
41.70286073591907,-72.58860416383773,4000,2024,HUBBARD ST,Major Collector,Local Intersections,4000,4300,4300,4300,4200,4200,4200,4000,3659.0,0.0,4000.0,0.0
41.68387519505696,-72.59453643893484,83,2024,BROOKFIELD DR,Local,Local Intersections,83,78,21,43,433,490,383,376,378.0,0.0,83.0,0.0
41.723906061247945,-72.50526150696793,451,2024,WOODHAVEN RD,Local,Local Intersections,451,297,770,781,1180,1577,1273,1341,1370.0,0.0,451.0,0.0
41.714855186735065,-72.55609920360331,110,2024,PINACLE RD,Local,Local Intersections,110,73,46,38,312,331,236,306,323.0,0.0,110.0,0.0
41.69227609471008,-72.56670487748887,8600,2024,NEW LONDON TPK,Major Collector,Local Intersections,8600,8100,8100,8100,9800,9800,9800,8900,6018.0,0.0,8600.0,0.0
41.71714875080231,-72.62295266148249,189,2024,KINGSBURY LA,Local,Local Intersections,189,201,59,54,251,354,286,317,300.0,0.0,189.0,0.0
41.682371605835705,-72.59260295235214,2632,2024,OVERLOOK RD,Local,Local Intersections,2632,2363,2220,3417,3141,3982,3302,3508,3601.0,0.0,2632.0,0.0
41.700228298826055,-72.49433683607546,110,2024,PENWOOD CROSSING,Local,Local Intersections,110,121,258,248,404,520,418,440,449.0,0.0,110.0,0.0
41.696817000305714,-72.52427354249735,748,2024,SHODDY MILL RD,Local,Local Intersections,748,758,1446,4461,2136,2658,2242,2379,2371.0,0.0,748.0,0.0
41.70934539944165,-72.54893326992124,275,2024,MILLSTONE RD,Local,Local Intersections,275,324,358,392,538,639,532,564,573.0,0.0,275.0,0.0
41.68069816301781,-72.57492029293424,127,2024,WOOD POND RD,Local,Local Intersections,127,116,144,162,412,736,498,420,418.0,0.0,127.0,0.0
41.68894187214588,-72.5903578703314,723,2024,FOUNDERS RD,Local,Local Intersections,723,742,1522,2387,2535,3049,2624,2726,2786.0,0.0,723.0,0.0
41.72459922495317,-72.59829806223419,705,2024,SPRING ST EXT,Local,Local Intersections,705,986,1134,998,1251,1720,1474,1522,1518.0,0.0,705.0,0.0
41.71232701454592,-72.57059563182413,298,2024,ORCHARD ST,Local,Local Intersections,298,244,744,681,848,1159,897,957,961.0,0.0,298.0,0.0
41.725504371381554,-72.59078302238947,917,2024,MILESTONE DR NO 1,Local,Local Intersections,917,607,1237,907,1349,2019,1610,1634,1655.0,0.0,917.0,0.0
41.69107590049608,-72.52686875815992,142,2024,BUTLER DR,Local,Local Intersections,142,202,473,1512,611,846,763,808,818.0,0.0,142.0,0.0
41.71385862493904,-72.5763797736521,44,2024,CRESTDALE RD,Local,Local Intersections,44,64,391,95,344,520,488,456,414.0,0.0,44.0,0.0
41.65830983268897,-72.53848309991854,897,2024,MOTT HILL RD,Local,Local Intersections,897,894,1197,1545,1746,2106,1767,1835,1860.0,0.0,897.0,0.0
41.70891199526188,-72.60196216830472,10900,2024,NEW LONDON TPK,Major Collector,Local Intersections,10900,9300,9300,9300,12100,12100,12100,10800,8993.0,0.0,10900.0,0.0
41.69574719481133,-72.60470268910173,159,2024,MORGAN DR,Local,Local Intersections,159,232,646,696,836,1064,941,850,798.0,0.0,159.0,0.0
41.71464622112477,-72.53614362840922,344,2024,CHALKER HILL,Local,Local Intersections,344,377,761,778,1132,1445,1227,1273,1311.0,1624.9546038729607,1968.9546038729607,472.3705243816746
41.72801353955969,-72.5656231064156,63,2024,U-CONN AV,Local,Local Intersections,63,88,51,40,369,457,423,395,312.0,0.0,63.0,0.0
41.71498911538039,-72.57444724541007,95,2024,CAVAN LA,Local,Local Intersections,95,89,622,375,456,629,555,564,549.0,0.0,95.0,0.0
41.70943386162068,-72.6059575400642,455,2024,RIPLEY RD,Local,Local Intersections,455,348,541,613,1073,1439,1258,1292,1292.0,0.0,455.0,0.0
41.63691517056444,-72.6271201729125,197,2024,TRYON ST,Local,Local Intersections,197,107,203,222,482,574,497,534,531.0,0.0,197.0,0.0
41.725083895158384,-72.59371307180035,568,2024,MILESTONE DR NO 1,Local,Local Intersections,568,412,676,523,840,1228,982,998,1018.0,0.0,568.0,0.0
41.728990067972255,-72.5692890041382,163,2024,TRINITY AV,Local,Local Intersections,163,215,284,194,458,622,497,565,540.0,0.0,163.0,0.0
41.716740589621686,-72.6018293610729,5711,2024,HOUSE ST,Local,Local Intersections,5711,5910,5365,6936,4691,6465,5480,5764,5905.0,0.0,5711.0,0.0
41.73679590680561,-72.5362583330887,185,2024,WOODFIELD CROSSING,Local,Local Intersections,185,355,423,576,684,828,672,724,741.0,0.0,185.0,0.0
41.69630783868196,-72.58812304275544,157,2024,SURREY LA,Local,Local Intersections,157,221,322,355,506,578,545,536,539.0,0.0,157.0,0.0
41.72387215392194,-72.62628112505591,5950,2024,NAUBUC AV,Minor Arterial,Local Intersections,5950,5150,5150,5150,5900,5900,5900,5500,5026.0,0.0,5950.0,0.0
41.68954952697101,-72.56631270613721,97,2024,CORTLAND LA,Local,Local Intersections,97,77,423,71,325,480,426,443,321.0,0.0,97.0,0.0
41.71066639927475,-72.54504207434942,686,2024,CANDLELIGHT DR,Local,Local Intersections,686,618,1257,1503,1517,2009,1522,1594,1607.0,0.0,686.0,0.0
41.69394339639546,-72.59844853368031,1742,2024,BUTTONBALL LA,Local,Local Intersections,1742,1681,3837,4837,3198,4173,3264,3432,2492.0,0.0,1742.0,0.0
41.73691703504569,-72.53612089258156,7200,2024,KEENEY ST,Minor Arterial,Local Intersections,7200,6900,6900,6900,7600,7600,7600,6900,5726.0,0.0,7200.0,0.0
41.64982146770871,-72.5352690263755,120,2024,OLD FARMS RD,Local,Local Intersections,120,111,640,618,723,825,721,744,746.0,0.0,120.0,0.0
41.72714339083628,-72.54713444707893,56,2024,CARDINAL DR,Local,Local Intersections,56,55,230,170,405,300,315,323,182.0,0.0,56.0,0.0
41.68565735575378,-72.57675150093407,58,2024,SHERWOOD DR,Local,Local Intersections,58,68,109,169,332,441,357,382,298.0,0.0,58.0,0.0
41.69182639286197,-72.60229521588002,154,2024,CURTIS RD,Local,Local Intersections,154,117,140,229,449,448,363,411,409.0,0.0,154.0,0.0
41.69519810193893,-72.48444269494205,87,2024,BIRCH TR,Local,Local Intersections,87,72,231,94,330,415,357,345,262.0,0.0,87.0,0.0
41.68835853313756,-72.58067786761183,72,2024,TALL TIMBERS LA,Local,Local Intersections,72,83,313,67,238,407,334,349,365.0,0.0,72.0,0.0
41.67881449611348,-72.5810469730928,194,2024,WOOD POND RD,Local,Local Intersections,194,154,243,214,457,743,540,515,588.0,0.0,194.0,0.0
41.70214387677132,-72.47416954583353,368,2024,BRENTWOOD DR,Local,Local Intersections,368,331,330,364,915,1353,1030,1121,1134.0,0.0,368.0,0.0
41.72699998206215,-72.59204957396395,8200,2024,GRISWOLD ST,Minor Arterial,Local Intersections,8200,6300,6300,6300,8800,8800,8800,7068,8398.0,0.0,8200.0,0.0
41.68639786784638,-72.58756288335705,600,2024,TALL TIMBERS RD,Local,Local Intersections,600,600,600,600,550,550,550,500,1721.0,0.0,600.0,0.0
41.68221292927822,-72.58216010468487,49,2024,NEWELL LA,Local,Local Intersections,49,93,93,80,558,849,328,344,377.0,0.0,49.0,0.0
41.677646126254125,-72.5736462490092,192,2024,FOX DEN RD,Local,Local Intersections,192,137,178,369,554,650,530,566,504.0,0.0,192.0,0.0
41.67843419006942,-72.5810438323635,194,2024,WOOD POND RD,Local,Local Intersections,194,154,243,214,457,743,540,515,588.0,0.0,194.0,0.0
41.6949916697009,-72.60113513126633,164,2024,SHERMAN RD,Local,Local Intersections,164,111,45,182,347,447,426,446,456.0,0.0,164.0,0.0
41.72583518842443,-72.55157355870224,229,2024,SOMERSET RD,Local,Local Intersections,229,201,379,390,626,814,640,677,699.0,0.0,229.0,0.0
41.65722287921676,-72.56242861568589,1076,2024,WOODLAND ST,Local,Local Intersections,1076,734,1428,1770,1940,2324,1919,2002,2088.0,0.0,1076.0,0.0
41.71175275868492,-72.58203563757532,2938,2024,OAKWOOD DR NO 2,Local,Local Intersections,2938,2806,2419,2831,2589,4251,3177,3324,3332.0,0.0,2938.0,0.0
41.65757826931932,-72.53780601064281,897,2024,MOTT HILL RD,Local,Local Intersections,897,894,1197,1545,1746,2106,1767,1835,1860.0,0.0,897.0,0.0
41.70502207582382,-72.60804069651039,6800,2024,MAIN ST,Minor Arterial,Local Intersections,6800,5700,5700,5700,5700,5700,5700,5900,6914.0,0.0,6800.0,0.0
41.7028718120449,-72.5728709801353,4100,2024,NEIPSIC RD,Major Collector,Local Intersections,4100,4000,4000,4000,4700,4700,4700,3600,3943.0,0.0,4100.0,0.0
41.6706305794368,-72.57308266660027,52,2024,PURTILL ST,Local,Local Intersections,52,46,24,22,240,353,298,228,325.0,0.0,52.0,0.0
41.70889371389414,-72.55840255673529,2400,2024,WICKHAM RD NO 1,Minor Collector,Local Intersections,2400,2200,2200,2200,2000,2000,2000,2000,3458.0,0.0,2400.0,0.0
41.69775511153217,-72.58859442022279,802,2024,OLDE STAGE RD,Local,Local Intersections,802,878,2049,2391,2241,2880,2380,2462,2487.0,0.0,802.0,0.0
41.71937425645296,-72.6247935984305,4600,2024,NAUBUC AV,Minor Arterial,Local Intersections,4600,4000,4000,4000,5100,5100,5100,4700,3949.0,0.0,4600.0,0.0
41.69712519739636,-72.59370066109985,802,2024,OLDE STAGE RD,Local,Local Intersections,802,878,2049,2391,2241,2880,2380,2462,2487.0,0.0,802.0,0.0
41.72132855532427,-72.58576224784197,3833,2024,WESTERN BLVD,Local,Local Intersections,3833,3462,3606,4177,3501,5059,4147,4267,4294.0,0.0,3833.0,0.0
41.73052733106594,-72.56915538524386,2400,2024,GREAT SWAMP RD,Major Collector,Local Intersections,2400,2100,2100,2100,2500,2500,2500,2500,3797.0,0.0,2400.0,0.0
41.68213841794847,-72.595106648327,112,2024,RIDGEWOOD RD,Local,Local Intersections,112,88,145,53,271,447,350,388,404.0,0.0,112.0,0.0
41.700270212852,-72.60787345937706,4000,2024,HUBBARD ST,Major Collector,Local Intersections,4000,4300,4300,4300,4200,4200,4200,4000,4017.0,0.0,4000.0,0.0
41.69106118016685,-72.53372243034147,21,2024,ROARING BROOK PLAZA,Local,Local Intersections,21,50,21,21,589,645,150,166,192.0,0.0,21.0,0.0
41.70161997094193,-72.57642360052883,76,2024,QUINCEY RD,Local,Local Intersections,76,86,67,97,338,353,314,329,323.0,0.0,76.0,0.0
41.68218274370488,-72.5940233670185,2632,2024,OVERLOOK RD,Local,Local Intersections,2632,2363,2220,3417,3141,3982,3302,3508,3601.0,0.0,2632.0,0.0
41.699437376696615,-72.52833633348483,151,2024,MARTIN TER,Local,Local Intersections,151,65,207,143,391,327,316,342,347.0,0.0,151.0,0.0
41.710409051503895,-72.60476080615234,10900,2024,NEW LONDON TPK,Major Collector,Local Intersections,10900,9300,9300,9300,12100,12100,12100,10800,8456.0,0.0,10900.0,0.0
41.69318968682506,-72.52749214136058,142,2024,BUTLER DR,Local,Local Intersections,142,202,473,1512,611,846,763,808,818.0,0.0,142.0,0.0
41.67124451191162,-72.59557572238724,401,2024,PAPERMILL RD,Local,Local Intersections,401,209,184,275,469,366,359,90,21.0,0.0,401.0,0.0
41.68179860916189,-72.59707966201458,211,2024,ORCHARD LA,Local,Local Intersections,211,85,113,72,362,547,485,525,545.0,0.0,211.0,0.0
41.69389183843184,-72.47101224304193,1218,2024,MARLBOROUGH RD,Local,Local Intersections,1218,1252,1677,2406,2314,2622,2187,2304,2362.0,0.0,1218.0,0.0
41.67169713635188,-72.52084383028146,527,2024,THOMPSON ST,Local,Local Intersections,527,528,480,1813,861,1202,953,1003,1033.0,0.0,527.0,0.0
41.69478969039521,-72.56690845096017,56,2024,AUTUMN LA,Local,Local Intersections,56,73,186,227,339,451,375,403,419.0,0.0,56.0,0.0
41.72930055230476,-72.60046678767941,409,2024,LONG HILL DR,Local,Local Intersections,409,283,692,397,1012,1324,1134,1190,1214.0,0.0,409.0,0.0
41.669168686410615,-72.59333118532346,79,2024,LAKEWOOD CIR,Local,Local Intersections,79,74,132,194,476,550,268,21,53.0,0.0,79.0,0.0
41.65146120379947,-72.57127820869202,883,2024,MATSON HILL RD,Local,Local Intersections,883,579,1321,1771,1617,1775,1474,1550,1618.0,0.0,883.0,0.0
41.72886394459417,-72.60366575801247,409,2024,LONG HILL DR,Local,Local Intersections,409,283,692,397,1012,1324,1134,1190,1214.0,0.0,409.0,0.0
41.64910123351353,-72.61356347086817,496,2024,GREAT POND RD,Local,Local Intersections,496,366,687,1155,1035,1324,1094,1159,1227.0,0.0,496.0,0.0
41.71053380340001,-72.55439488199899,64,2024,GRIST MILL RD,Local,Local Intersections,64,75,49,59,307,415,369,373,392.0,0.0,64.0,0.0
41.70409156411066,-72.5648418183685,358,2024,OAKWOOD DR NO 1,Local,Local Intersections,358,239,358,332,712,863,713,746,690.0,0.0,358.0,0.0
41.67862898062939,-72.52070694684498,110,2024,GRANDVIEW DR,Local,Local Intersections,110,108,148,153,357,553,428,442,440.0,0.0,110.0,0.0
41.655805190636194,-72.5332140747573,897,2024,MOTT HILL RD,Local,Local Intersections,897,894,1197,1545,1746,2106,1767,1835,1860.0,0.0,897.0,0.0
41.69741873145033,-72.57450245398468,8600,2024,NEW LONDON TPK,Major Collector,Local Intersections,8600,8100,8100,8100,9800,9800,9800,8900,8750.0,0.0,8600.0,0.0
41.68229120302557,-72.54976463226684,382,2024,THREE MILE RD,Local,Local Intersections,382,439,976,1065,1422,1774,1542,1496,1487.0,0.0,382.0,0.0
41.6914785859721,-72.55171373148198,60,2024,SCARBORO RD,Local,Local Intersections,60,71,534,280,642,972,827,892,686.0,0.0,60.0,0.0
41.72603812683462,-72.60775064283452,178,2024,RISLEY RD,Local,Local Intersections,178,172,566,477,942,1321,1176,1221,1289.0,0.0,178.0,0.0
41.67391026657071,-72.54005969310157,3600,2024,NEW LONDON TPK,Major Collector,Local Intersections,3600,3600,3600,3600,3500,3500,3500,5100,4352.0,0.0,3600.0,0.0
41.693047764075,-72.52749249799972,142,2024,BUTLER DR,Local,Local Intersections,142,202,473,1512,611,846,763,808,818.0,0.0,142.0,0.0
41.677855788972806,-72.51725414690257,527,2024,THOMPSON ST,Local,Local Intersections,527,528,480,1813,861,1202,953,1003,1033.0,0.0,527.0,0.0
41.667729142089584,-72.5854202171432,176,2024,LEIGH GATE RD,Local,Local Intersections,176,202,343,396,590,651,617,657,670.0,0.0,176.0,0.0
41.73388497999771,-72.54022347789277,185,2024,WOODFIELD CROSSING,Local,Local Intersections,185,355,423,576,684,828,672,724,741.0,0.0,185.0,0.0
41.708733328016685,-72.50633613370705,197,2024,CRANESBILL DR,Local,Local Intersections,197,73,494,512,462,480,385,413,438.0,3391.765218334711,3588.765218334711,1721.7082326572136
41.68178699918249,-72.59730808928407,211,2024,ORCHARD LA,Local,Local Intersections,211,85,113,72,362,547,485,525,545.0,0.0,211.0,0.0
41.70082146349762,-72.47133377517859,1218,2024,MARLBOROUGH RD,Local,Local Intersections,1218,1252,1677,2406,2314,2622,2187,2304,2362.0,591.9511543758681,1809.951154375868,48.60025897995633
41.731544741709065,-72.56401053417544,2400,2024,GREAT SWAMP RD,Local,Local Intersections,2400,2100,2100,2100,2500,2500,2500,2500,2282.0,0.0,2400.0,0.0
41.72602154236066,-72.58713857287125,6500,2024,GRISWOLD ST,Minor Arterial,Local Intersections,6500,5700,5700,5700,7300,7300,7300,6000,6214.0,0.0,6500.0,0.0
41.68885034892313,-72.56784598685749,96,2024,CRESCENT RD,Local,Local Intersections,96,71,46,21,226,333,307,313,193.0,0.0,96.0,0.0
41.72297050662949,-72.532096037921,2700,2024,HOWE RD,Major Collector,Local Intersections,2700,3000,3000,3000,3000,3000,3000,2800,3161.0,0.0,2700.0,0.0
41.69023103826102,-72.55231162119001,32,2024,HOLLIS LANDING,Local,Local Intersections,32,50,30,40,287,436,402,382,390.0,0.0,32.0,0.0
41.67190333349036,-72.58944439859539,128,2024,FALLVIEW DR,Local,Local Intersections,128,97,476,552,645,901,722,731,745.0,0.0,128.0,0.0
41.67409638229781,-72.6059400139882,179,2024,RIVERVIEW RD,Local,Local Intersections,179,141,116,106,401,424,375,409,419.0,0.0,179.0,0.0
41.71127677190726,-72.53912266979961,178,2024,STANLEY DR,Local,Local Intersections,178,145,507,535,718,820,657,664,660.0,0.0,178.0,0.0
41.73157785688044,-72.57134786842416,379,2024,TOWHEE LA,Local,Local Intersections,379,451,228,269,469,595,437,451,464.0,0.0,379.0,0.0
41.68381555859337,-72.59429327563343,60,2024,PEACH TREE LA,Local,Local Intersections,60,79,21,26,325,326,331,339,179.0,0.0,60.0,0.0
41.69043095296751,-72.5327055275596,148,2024,FISHER HILL RD,Local,Local Intersections,148,109,449,1010,572,792,668,703,719.0,0.0,148.0,0.0
41.68443570383511,-72.58327889295099,256,2024,OVERLOOK RD,Local,Local Intersections,256,184,441,600,1064,1433,1147,1231,1256.0,0.0,256.0,0.0
41.69574579892787,-72.48992852746571,153,2024,GROUSE HILL RD,Local,Local Intersections,153,185,276,223,397,409,376,375,375.0,0.0,153.0,0.0
41.70797447773344,-72.465208579261,200,2024,FERN ST,Local,Local Intersections,200,125,285,427,571,723,611,653,659.0,0.0,200.0,0.0
41.69071884354828,-72.47867005253069,119,2024,BLUE HILLS TR,Local,Local Intersections,119,171,299,232,376,526,357,376,294.0,0.0,119.0,0.0
41.721466732763446,-72.60450341113439,5711,2024,HOUSE ST,Local,Local Intersections,5711,5910,5365,6936,4691,6465,5480,5764,5905.0,0.0,5711.0,0.0
41.73052733106594,-72.56915538524386,428,2024,CAMBRIDGE DR,Local,Local Intersections,428,379,558,497,719,982,757,831,804.0,0.0,428.0,0.0
41.68979214862255,-72.59119077425825,723,2024,FOUNDERS RD,Local,Local Intersections,723,742,1522,2387,2535,3049,2624,2726,2786.0,0.0,723.0,0.0
41.72049296774288,-72.51355547175541,451,2024,WOODHAVEN RD,Local,Local Intersections,451,297,770,781,1180,1577,1273,1341,1370.0,0.0,451.0,0.0
41.69137115983649,-72.55158163409064,66,2024,KINNE RD,Local,Local Intersections,66,78,506,332,822,1242,998,1070,1085.0,0.0,66.0,0.0
41.69198463322434,-72.49459307555492,69,2024,JONATHAN TR NO 2,Local,Local Intersections,69,70,45,51,333,358,365,354,412.0,0.0,69.0,0.0
41.71564762526798,-72.6158622321282,2400,2024,NAUBUC AV,Minor Arterial,Local Intersections,2400,2000,2000,2000,2400,2400,2400,2000,3328.0,0.0,2400.0,0.0
41.710767776265264,-72.54511725723468,737,2024,STRICKLAND ST,Local,Local Intersections,737,541,1320,1467,1915,2792,2053,2165,2185.0,0.0,737.0,0.0
41.722458010464585,-72.61274137658951,13200,2024,GRISWOLD ST,Minor Arterial,Local Intersections,13200,10400,10400,10400,12600,12600,12600,10700,11847.0,0.0,13200.0,0.0
41.722435092886926,-72.61293008797344,13200,2024,GRISWOLD ST,Minor Arterial,Local Intersections,13200,10400,10400,10400,12600,12600,12600,10700,11847.0,0.0,13200.0,0.0
41.71729355822502,-72.52191585332528,287,2024,KNOLLWOOD DR,Local,Local Intersections,287,218,851,753,882,937,797,816,785.0,0.0,287.0,0.0
41.73213111775696,-72.58061418471199,313,2024,URBANEC RD,Local,Local Intersections,313,299,693,436,872,1212,1012,1038,1071.0,0.0,313.0,0.0
41.69404713037489,-72.60091095782178,83,2024,STEVENS LA,Local,Local Intersections,83,97,110,117,375,493,429,442,420.0,0.0,83.0,0.0
41.68441113466325,-72.59671399467062,49,2024,PINE TREE LA,Local,Local Intersections,49,56,310,382,443,560,452,452,472.0,0.0,49.0,0.0
41.66784836116121,-72.58899964726412,393,2024,SOUTH POND RD,Local,Local Intersections,393,358,546,1041,1313,1776,1381,1471,1521.0,0.0,393.0,0.0
41.67306627461098,-72.57560285138736,605,2024,SUNSET DR,Local,Local Intersections,605,334,949,896,1373,1845,1493,1598,1628.0,0.0,605.0,0.0
41.690195804819325,-72.6065312124684,6800,2024,MAIN ST,Minor Arterial,Local Intersections,6800,5700,5700,5700,5700,5700,5700,5900,6172.0,0.0,6800.0,0.0
41.69554910098223,-72.59275259716281,157,2024,SURREY LA,Local,Local Intersections,157,221,322,355,506,578,545,536,539.0,0.0,157.0,0.0
41.68102093615392,-72.54709464011212,3400,2024,QUARRY RD,Major Collector,Local Intersections,3400,3300,3300,3300,3300,3300,3300,4000,3870.0,0.0,3400.0,0.0
41.72405430940897,-72.60117896759778,8200,2024,GRISWOLD ST,Minor Arterial,Local Intersections,8200,6300,6300,6300,8800,8800,8800,7068,8398.0,0.0,8200.0,0.0
41.72557629800188,-72.61547632973551,6800,2024,MAIN ST,Minor Arterial,Local Intersections,6800,5700,5700,5700,5700,5700,5700,5900,18757.0,0.0,6800.0,0.0
41.71466777040198,-72.60160359897876,582,2024,MELROSE ST,Local,Local Intersections,582,367,431,719,627,860,807,817,801.0,0.0,582.0,0.0
41.694727724489454,-72.55461738360874,103,2024,FELDSPAR RIDGE,Local,Local Intersections,103,121,439,574,719,1011,834,907,938.0,0.0,103.0,0.0
41.70914052720701,-72.60798708136595,455,2024,RIPLEY RD,Local,Local Intersections,455,348,541,613,1073,1439,1258,1292,1292.0,0.0,455.0,0.0
41.71706463443397,-72.59302232556271,3833,2024,WESTERN BLVD,Local,Local Intersections,3833,3462,3606,4177,3501,5059,4147,4267,4294.0,0.0,3833.0,0.0
41.70048222659076,-72.60717905614761,71,2024,GREEN CEMETERY RD,Local,Local Intersections,71,68,81,112,316,395,321,332,337.0,0.0,71.0,0.0
41.7271358029959,-72.53572771136939,7200,2024,KEENEY ST,Minor Arterial,Local Intersections,7200,6900,6900,6900,7600,7600,7600,6900,5726.0,0.0,7200.0,0.0
41.73114136290838,-72.56472047536646,2400,2024,GREAT SWAMP RD,Local,Local Intersections,2400,2100,2100,2100,2500,2500,2500,2500,2282.0,0.0,2400.0,0.0
41.72973851428139,-72.56899474276132,428,2024,CAMBRIDGE DR,Local,Local Intersections,428,379,558,497,719,982,757,831,804.0,0.0,428.0,0.0
41.68386594897362,-72.52474218220843,110,2024,GRANDVIEW DR,Local,Local Intersections,110,108,148,153,357,553,428,442,440.0,0.0,110.0,0.0
41.69231928003944,-72.5534581221767,60,2024,SCARBORO RD,Local,Local Intersections,60,71,534,280,642,972,827,892,686.0,0.0,60.0,0.0
41.70146972024121,-72.60126120814354,4000,2024,HUBBARD ST,Major Collector,Local Intersections,4000,4300,4300,4300,4200,4200,4200,4000,4017.0,0.0,4000.0,0.0
41.72685103979426,-72.604968164055,130,2024,WYLLYS ST,Local,Local Intersections,130,114,975,723,971,1432,1127,1146,1239.0,0.0,130.0,0.0
41.69320650786454,-72.59396449191426,196,2024,ROBIN RD,Local,Local Intersections,196,156,330,267,598,671,598,619,627.0,0.0,196.0,0.0
41.68121651701587,-72.59490229798685,112,2024,RIDGEWOOD RD,Local,Local Intersections,112,88,145,53,271,447,350,388,404.0,0.0,112.0,0.0
41.709695743833926,-72.53122368401519,178,2024,STANLEY DR,Local,Local Intersections,178,145,507,535,718,820,657,664,660.0,0.0,178.0,0.0
41.73426342257431,-72.56204425488428,47,2024,RUFF CIR,Local,Local Intersections,47,90,30,21,326,377,358,364,170.0,0.0,47.0,0.0
41.67158155208541,-72.54255270263528,296,2024,HOMESTEAD DR,Local,Local Intersections,296,298,245,250,514,730,524,522,578.0,0.0,296.0,0.0
41.72091710867087,-72.51934294739375,451,2024,WOODHAVEN RD,Local,Local Intersections,451,297,770,781,1180,1577,1273,1341,1370.0,0.0,451.0,0.0
41.66796743917756,-72.59245642067523,393,2024,SOUTH POND RD,Local,Local Intersections,393,358,546,1041,1313,1776,1381,1471,1521.0,0.0,393.0,0.0
41.69895450071074,-72.51756632700436,799,2024,WEIR ST,Local,Local Intersections,799,827,1291,1687,1608,1876,1604,1695,1683.0,0.0,799.0,0.0
41.68978740834438,-72.56450783906,8600,2024,NEW LONDON TPK,Major Collector,Local Intersections,8600,8100,8100,8100,9800,9800,9800,8900,5947.0,0.0,8600.0,0.0
41.73393548226908,-72.5399454739756,84,2024,BROOKVIEW DR,Local,Local Intersections,84,194,312,191,352,443,345,365,378.0,0.0,84.0,0.0
41.70228033124138,-72.4741917160379,368,2024,BRENTWOOD DR,Local,Local Intersections,368,331,330,364,915,1353,1030,1121,1134.0,0.0,368.0,0.0
41.724222186087935,-72.55967835840002,352,2024,BELLE WOODS DR,Local,Local Intersections,352,286,718,657,1088,1394,1204,1262,1296.0,0.0,352.0,0.0
41.67193101276135,-72.56965809920989,2000,2024,HOPEWELL RD,Local,Local Intersections,2000,2000,2000,2000,1900,1900,1900,1900,2855.0,0.0,2000.0,0.0
41.68399511737324,-72.59293926964949,32,2024,PEACH TREE RD,Local,Local Intersections,32,43,21,21,219,235,224,232,159.0,0.0,32.0,0.0
41.70743659198773,-72.46815849449429,200,2024,FERN ST,Local,Local Intersections,200,125,285,427,571,723,611,653,659.0,0.0,200.0,0.0
41.70745984895905,-72.46798228239687,200,2024,FERN ST,Local,Local Intersections,200,125,285,427,571,723,611,653,659.0,0.0,200.0,0.0
41.72376882724291,-72.60259598114324,6200,2024,PROSPECT ST,Minor Arterial,Local Intersections,6200,4800,4800,4800,5500,5500,5500,5400,5918.0,0.0,6200.0,0.0
41.68319941270616,-72.58699034556294,723,2024,FOUNDERS RD,Local,Local Intersections,723,742,1522,2387,2535,3049,2624,2726,2786.0,0.0,723.0,0.0
41.69478969039521,-72.56690845096017,162,2024,UPLANDS WAY,Local,Local Intersections,162,166,501,776,1079,1524,1247,1348,1426.0,0.0,162.0,0.0
41.70435668692993,-72.57969409135173,4100,2024,NEIPSIC RD,Major Collector,Local Intersections,4100,4000,4000,4000,4700,4700,4700,3600,3943.0,0.0,4100.0,0.0
41.703406634529806,-72.56113998296931,45,2024,WICKHAM RD NO 2,Local,Local Intersections,45,67,143,86,263,330,347,465,345.0,0.0,45.0,0.0
41.70236244401039,-72.51602827827891,972,2024,WEIR ST,Local,Local Intersections,972,1014,1284,1740,1608,1907,1623,1712,1702.0,0.0,972.0,0.0
41.65228073215337,-72.53714755360227,53,2024,FIELDSTONE DR,Local,Local Intersections,53,69,329,321,578,696,606,633,624.0,0.0,53.0,0.0
41.7017300486716,-72.57665868751246,81,2024,GOODRICH RD,Local,Local Intersections,81,117,52,61,271,335,321,332,341.0,0.0,81.0,0.0
41.65769777710104,-72.53791455316541,897,2024,MOTT HILL RD,Local,Local Intersections,897,894,1197,1545,1746,2106,1767,1835,1860.0,0.0,897.0,0.0
41.72549689448911,-72.53684567204022,7200,2024,KEENEY ST,Minor Arterial,Local Intersections,7200,6900,6900,6900,7600,7600,7600,6900,5726.0,0.0,7200.0,0.0
41.65762895286635,-72.53804939770168,58,2024,JACQUES LA,Local,Local Intersections,58,402,42,146,345,488,381,427,431.0,0.0,58.0,0.0
41.69097822856977,-72.60210669298787,68,2024,DIBELLA LA,Local,Local Intersections,68,74,33,57,281,410,327,338,360.0,0.0,68.0,0.0
41.69224342908061,-72.55350602707169,243,2024,PAXTON WAY,Local,Local Intersections,243,211,588,475,1049,1457,1246,1366,1396.0,0.0,243.0,0.0
41.71199347904822,-72.57200351961082,51,2024,KELSEY LA,Local,Local Intersections,51,71,197,233,444,332,338,348,270.0,0.0,51.0,0.0
41.69603516993575,-72.60323327509407,39,2024,HOLMES RD,Local,Local Intersections,39,67,21,36,638,444,252,339,168.0,0.0,39.0,0.0
41.693188141439,-72.47735427428638,71,2024,FREEDOM WAY,Local,Local Intersections,71,80,312,156,283,415,235,318,249.0,0.0,71.0,0.0
41.70188571776156,-72.59808208519541,4000,2024,HUBBARD ST,Major Collector,Local Intersections,4000,4300,4300,4300,4200,4200,4200,4000,4017.0,0.0,4000.0,0.0
41.699508426828906,-72.47120657949426,1218,2024,MARLBOROUGH RD,Local,Local Intersections,1218,1252,1677,2406,2314,2622,2187,2304,2362.0,0.0,1218.0,0.0
41.71069985662187,-72.55425306613162,57,2024,JOHNNY CAKE LA,Local,Local Intersections,57,75,38,82,338,388,385,401,470.0,0.0,57.0,0.0
41.700961027954754,-72.57406064995578,81,2024,GOODRICH RD,Local,Local Intersections,81,117,52,61,271,335,321,332,341.0,0.0,81.0,0.0
41.700325847234346,-72.58420656185753,274,2024,BRITTANY RD,Local,Local Intersections,274,97,657,549,800,1225,763,807,824.0,0.0,274.0,0.0
41.72721245426336,-72.60224445810107,86,2024,KENNETH DR,Local,Local Intersections,86,94,203,57,269,352,372,377,200.0,0.0,86.0,0.0
41.69372960586096,-72.6059787639381,164,2024,SHERMAN RD,Local,Local Intersections,164,111,45,182,347,447,426,446,456.0,0.0,164.0,0.0
41.73775722938747,-72.52315381559946,239,2024,PANE DR,Local,Local Intersections,239,191,169,90,341,479,350,378,382.0,0.0,239.0,0.0
41.6921958934929,-72.56685842426849,51,2024,SMITHBROOK TER,Local,Local Intersections,51,49,136,63,317,375,378,363,392.0,0.0,51.0,0.0
41.660889511796775,-72.61813166434123,531,2024,TRYON ST,Local,Local Intersections,531,350,670,757,966,1154,979,1062,1067.0,0.0,531.0,0.0
41.729768545371385,-72.57465155767028,2400,2024,GREAT SWAMP RD,Major Collector,Local Intersections,2400,2100,2100,2100,2500,2500,2500,2500,3797.0,0.0,2400.0,0.0
41.72579556541454,-72.58879107898348,6500,2024,GRISWOLD ST,Minor Arterial,Local Intersections,6500,5700,5700,5700,7300,7300,7300,6000,6018.0,0.0,6500.0,0.0
41.71877889538337,-72.52018345038194,287,2024,KNOLLWOOD DR,Local,Local Intersections,287,218,851,753,882,937,797,816,785.0,0.0,287.0,0.0
41.70731874548692,-72.46918557102678,200,2024,FERN ST,Local,Local Intersections,200,125,285,427,571,723,611,653,659.0,0.0,200.0,0.0
41.69428028195893,-72.56866197470711,162,2024,UPLANDS WAY,Local,Local Intersections,162,166,501,776,1079,1524,1247,1348,1426.0,0.0,162.0,0.0
41.717240314518335,-72.52282972538738,1118,2024,SHADY HILL LA,Local,Local Intersections,1118,921,2404,2631,2487,3194,2629,2751,2792.0,0.0,1118.0,0.0
41.726708204782085,-72.60330848559879,6200,2024,PROSPECT ST,Minor Arterial,Local Intersections,6200,4800,4800,4800,5500,5500,5500,5400,5918.0,0.0,6200.0,0.0
41.71064638996282,-72.60816695430742,6800,2024,MAIN ST,Minor Arterial,Local Intersections,6800,5700,5700,5700,5700,5700,5700,5900,7159.0,0.0,6800.0,0.0
41.67399066456854,-72.54027041864005,296,2024,HOMESTEAD DR,Local,Local Intersections,296,298,245,250,514,730,524,522,578.0,0.0,296.0,0.0
41.68898979502594,-72.59027131076488,429,2024,FARMSTEAD LA,Local,Local Intersections,429,193,381,520,787,910,782,758,758.0,0.0,429.0,0.0
41.70112189825731,-72.53223139384544,100,2024,FRANCIS DR,Local,Local Intersections,100,79,227,795,427,459,411,432,438.0,0.0,100.0,0.0
41.7254965236685,-72.5370163379148,75,2024,HUNTER LA,Local,Local Intersections,75,94,186,79,362,611,439,441,447.0,0.0,75.0,0.0
41.72646510832957,-72.57520481579849,364,2024,HEYWOOD DR,Local,Local Intersections,364,172,245,135,400,573,461,501,493.0,0.0,364.0,0.0
41.69261492795476,-72.52043623472433,951,2024,GOODALE HILL RD,Local,Local Intersections,951,825,1032,5108,1430,1874,1429,1530,1546.0,0.0,951.0,0.0
41.724031900164185,-72.60131149882329,8200,2024,GRISWOLD ST,Minor Arterial,Local Intersections,8200,6300,6300,6300,8800,8800,8800,7068,8398.0,0.0,8200.0,0.0
41.71551162771648,-72.59164727030523,3328,2024,WESTERN BLVD,Local,Local Intersections,3328,2797,3155,3555,3400,4995,4310,4364,4337.0,0.0,3328.0,0.0
41.70772160932811,-72.54660947782418,101,2024,JUNIPER LA,Local,Local Intersections,101,131,129,291,341,395,418,412,380.0,0.0,101.0,0.0
41.67618444656213,-72.5729472088663,192,2024,FOX DEN RD,Local,Local Intersections,192,137,178,369,554,650,530,566,504.0,0.0,192.0,0.0
41.72625861199235,-72.60482410745449,98,2024,WYLLYS ST,Local,Local Intersections,98,100,534,403,677,1048,794,824,834.0,0.0,98.0,0.0
41.676835797615865,-72.57340418256604,192,2024,FOX DEN RD,Local,Local Intersections,192,137,178,369,554,650,530,566,504.0,0.0,192.0,0.0
41.698082742395,-72.5862706084556,802,2024,OLDE STAGE RD,Local,Local Intersections,802,878,2049,2391,2241,2880,2380,2462,2487.0,0.0,802.0,0.0
41.682404809886535,-72.58226895992298,55,2024,KNOB HILL RD,Local,Local Intersections,55,102,160,150,484,681,336,372,379.0,0.0,55.0,0.0
41.715008482777726,-72.5560965358553,110,2024,PINACLE RD,Local,Local Intersections,110,73,46,38,312,331,236,306,323.0,736.0781179679145,846.0781179679145,669.1619254253768
41.73236295592772,-72.56744303739993,114,2024,OPAL DR,Local,Local Intersections,114,126,247,237,480,583,454,496,464.0,0.0,114.0,0.0
41.7288801702339,-72.56242794549185,63,2024,U-CONN AV,Local,Local Intersections,63,88,51,40,369,457,423,395,312.0,0.0,63.0,0.0
41.69351685367309,-72.47334067745768,48,2024,EMPRESS LA,Local,Local Intersections,48,79,288,507,465,533,446,449,460.0,0.0,48.0,0.0
41.69311438466276,-72.47724342768585,356,2024,IMPERIAL DR,Local,Local Intersections,356,342,358,327,489,556,405,425,423.0,0.0,356.0,0.0
41.71500665913309,-72.53924564450739,178,2024,STANLEY DR,Local,Local Intersections,178,145,507,535,718,820,657,664,660.0,0.0,178.0,0.0
41.72647332543725,-72.60325296256875,6200,2024,PROSPECT ST,Minor Arterial,Local Intersections,6200,4800,4800,4800,5500,5500,5500,5400,5918.0,0.0,6200.0,0.0
41.708020752732686,-72.54419823047661,49,2024,GREGORY HILL DR,Local,Local Intersections,49,69,140,165,291,586,342,345,270.0,0.0,49.0,0.0
41.73408721412967,-72.54008368443967,185,2024,WOODFIELD CROSSING,Local,Local Intersections,185,355,423,576,684,828,672,724,741.0,0.0,185.0,0.0
41.673496016007896,-72.58359943853532,383,2024,STONEPOST RD,Local,Local Intersections,383,396,1095,1092,977,1074,947,969,1027.0,0.0,383.0,0.0
41.70276734504343,-72.5739555513329,4100,2024,NEIPSIC RD,Major Collector,Local Intersections,4100,4000,4000,4000,4700,4700,4700,3600,3943.0,0.0,4100.0,0.0
41.72976866989276,-72.56582743587724,355,2024,WESLEYAN RD,Local,Local Intersections,355,332,316,253,507,641,567,658,586.0,0.0,355.0,0.0
41.71269402260601,-72.58500231980175,132,2024,SEQUIN DR,Local,Local Intersections,132,127,58,106,532,918,863,880,867.0,0.0,132.0,0.0
41.72543074670005,-72.55015973717406,229,2024,SOMERSET RD,Local,Local Intersections,229,201,379,390,626,814,640,677,699.0,0.0,229.0,0.0
41.72930177204414,-72.57783858368506,2400,2024,GREAT SWAMP RD,Major Collector,Local Intersections,2400,2100,2100,2100,2500,2500,2500,2500,4187.0,0.0,2400.0,0.0
41.6970973082196,-72.48388027838185,403,2024,DIAMOND LAKE RD,Local,Local Intersections,403,412,981,810,793,841,748,775,799.0,0.0,403.0,0.0
41.73094358468875,-72.5658870345008,1500,2024,HILLSTOWN RD,Major Collector,Local Intersections,1500,1300,1300,1300,1500,1500,1500,1600,3656.0,0.0,1500.0,0.0
41.7076216456473,-72.60808598274409,6800,2024,MAIN ST,Minor Arterial,Local Intersections,6800,5700,5700,5700,5700,5700,5700,5900,6914.0,0.0,6800.0,0.0
41.69379855830805,-72.60090649912237,83,2024,STEVENS LA,Local,Local Intersections,83,97,110,117,375,493,429,442,420.0,0.0,83.0,0.0
41.687706828494655,-72.56181861478014,8600,2024,NEW LONDON TPK,Major Collector,Local Intersections,8600,8100,8100,8100,9800,9800,9800,8900,4934.0,0.0,8600.0,0.0
41.71310454529626,-72.54613028157875,737,2024,STRICKLAND ST,Local,Local Intersections,737,541,1320,1467,1915,2792,2053,2165,2185.0,0.0,737.0,0.0
41.7165511682328,-72.60923606116859,1279,2024,GROVE ST,Local,Local Intersections,1279,1401,1056,1121,2232,3238,2722,2894,2825.0,0.0,1279.0,0.0
41.68894187214588,-72.5903578703314,429,2024,FARMSTEAD LA,Local,Local Intersections,429,193,381,520,787,910,782,758,758.0,0.0,429.0,0.0
41.69236672484006,-72.5782458301401,48,2024,BREEDS HILL RD,Local,Local Intersections,48,72,37,28,295,341,354,328,166.0,0.0,48.0,0.0
41.67174367168381,-72.52103430080908,78,2024,KINGSWOOD DR,Local,Local Intersections,78,94,126,101,324,537,386,378,392.0,0.0,78.0,0.0
41.6777155311645,-72.51725571486762,638,2024,CHIMNEYSWEEP HILL RD,Local,Local Intersections,638,637,366,342,457,752,578,600,621.0,0.0,638.0,0.0
41.72434975933732,-72.55446979406523,161,2024,GIDEON LA,Local,Local Intersections,161,130,334,230,372,418,323,364,274.0,0.0,161.0,0.0
41.69717179668033,-72.48354461094333,49,2024,QUAIL RUN,Local,Local Intersections,49,65,521,220,255,334,304,238,325.0,0.0,49.0,0.0
41.730950203767,-72.56472947469199,211,2024,DEERFIELD DR,Local,Local Intersections,211,159,330,244,523,778,604,623,560.0,0.0,211.0,0.0
41.68664616963908,-72.60404802678242,6800,2024,MAIN ST,Minor Arterial,Local Intersections,6800,5700,5700,5700,5700,5700,5700,5900,5588.0,0.0,6800.0,0.0
41.69464118552029,-72.55475819348396,243,2024,PAXTON WAY,Local,Local Intersections,243,211,588,475,1049,1457,1246,1366,1396.0,0.0,243.0,0.0
41.701412156486974,-72.58005680513833,139,2024,WADSWORTH ST,Local,Local Intersections,139,151,244,328,530,621,557,610,639.0,0.0,139.0,0.0
41.65864894911358,-72.58145846426237,1551,2024,MATSON HILL RD,Local,Local Intersections,1551,1052,1390,2360,2305,2585,2163,2378,2458.0,0.0,1551.0,0.0
41.67230526620956,-72.56678845261872,1254,2024,WOODLAND ST,Local,Local Intersections,1254,821,1586,2103,2426,2962,2484,2600,2706.0,0.0,1254.0,0.0
41.69144944833803,-72.55145588927175,66,2024,KINNE RD,Local,Local Intersections,66,78,506,332,822,1242,998,1070,1085.0,0.0,66.0,0.0
41.654116609250686,-72.61925982028053,336,2024,TRYON ST,Local,Local Intersections,336,227,390,463,574,646,560,602,605.0,0.0,336.0,0.0
41.72653298663684,-72.57382532418103,573,2024,WORTHINGTON RD,Local,Local Intersections,573,540,782,652,932,1413,1009,1089,1049.0,0.0,573.0,0.0
41.70508852467736,-72.56815294131306,64,2024,FAIRLAWN RD,Local,Local Intersections,64,67,32,60,276,368,322,312,228.0,0.0,64.0,0.0
41.73099644925151,-72.5905108932077,409,2024,LONG HILL DR,Local,Local Intersections,409,283,692,397,1012,1324,1134,1190,1214.0,0.0,409.0,0.0
41.7098274015536,-72.56710644889837,358,2024,OAKWOOD DR NO 1,Local,Local Intersections,358,239,358,332,712,863,713,746,690.0,0.0,358.0,0.0
41.711487600897016,-72.53843954557581,24,2024,COLONY CIR,Local,Local Intersections,24,50,53,21,246,341,330,332,264.0,0.0,24.0,0.0
41.72675325687861,-72.60331897925138,6200,2024,PROSPECT ST,Minor Arterial,Local Intersections,6200,4800,4800,4800,5500,5500,5500,5400,5918.0,0.0,6200.0,0.0
41.67417534293145,-72.54027694694952,3600,2024,NEW LONDON TPK,Major Collector,Local Intersections,3600,3600,3600,3600,3500,3500,3500,5100,4352.0,0.0,3600.0,0.0
41.68668988046966,-72.60380763556591,55,2024,ELM TREE RD,Local,Local Intersections,55,73,339,152,357,418,322,346,385.0,0.0,55.0,0.0
41.69347813952231,-72.60747489915636,6800,2024,MAIN ST,Minor Arterial,Local Intersections,6800,5700,5700,5700,5700,5700,5700,5900,6172.0,0.0,6800.0,0.0
41.73234660460095,-72.57421334120198,85,2024,CATTAIL RD,Local,Local Intersections,85,161,478,215,358,526,414,457,439.0,0.0,85.0,0.0
41.688281891918926,-72.60524808390231,6800,2024,MAIN ST,Minor Arterial,Local Intersections,6800,5700,5700,5700,5700,5700,5700,5900,5902.0,0.0,6800.0,0.0
41.69257256992948,-72.57987698915257,243,2024,RAMPART DR,Local,Local Intersections,243,197,482,639,874,1167,962,994,1022.0,0.0,243.0,0.0
41.690862307917925,-72.60190186415905,128,2024,WHAPLEY RD,Local,Local Intersections,128,243,46,48,326,389,382,333,351.0,0.0,128.0,0.0
41.675198935717184,-72.60536562283802,179,2024,RIVERVIEW RD,Local,Local Intersections,179,141,116,106,401,424,375,409,419.0,0.0,179.0,0.0
41.66494388879175,-72.52745324333684,1449,2024,TOLL GATE RD,Local,Local Intersections,1449,1139,1022,1999,1715,2118,1899,2028,2138.0,0.0,1449.0,0.0
41.700897547718576,-72.60404370918225,4000,2024,HUBBARD ST,Major Collector,Local Intersections,4000,4300,4300,4300,4200,4200,4200,4000,4017.0,0.0,4000.0,0.0
41.70017460018629,-72.58417473636104,274,2024,BRITTANY RD,Local,Local Intersections,274,97,657,549,800,1225,763,807,824.0,0.0,274.0,0.0
41.71493957619235,-72.57418110430186,95,2024,CAVAN LA,Local,Local Intersections,95,89,622,375,456,629,555,564,549.0,0.0,95.0,0.0
41.70785782095109,-72.54682947020952,275,2024,MILLSTONE RD,Local,Local Intersections,275,324,358,392,538,639,532,564,573.0,0.0,275.0,0.0
41.682757166062025,-72.59676743184966,192,2024,STANCLIFF RD,Local,Local Intersections,192,175,610,753,912,1197,923,964,987.0,0.0,192.0,0.0
41.71067555338775,-72.60817039542866,6800,2024,MAIN ST,Minor Arterial,Local Intersections,6800,5700,5700,5700,5700,5700,5700,5900,7144.0,0.0,6800.0,0.0
41.66996675717841,-72.59592329609569,654,2024,LAKEWOOD RD,Local,Local Intersections,654,503,725,755,912,1194,665,283,21.0,0.0,654.0,0.0
41.69238714722276,-72.56681032878124,8600,2024,NEW LONDON TPK,Major Collector,Local Intersections,8600,8100,8100,8100,9800,9800,9800,8900,6018.0,0.0,8600.0,0.0
41.68102093615392,-72.54709464011212,182,2024,GRANITE RD,Local,Local Intersections,182,196,481,483,782,927,792,728,731.0,0.0,182.0,0.0
41.72896295973127,-72.60384598649438,6200,2024,PROSPECT ST,Minor Arterial,Local Intersections,6200,4800,4800,4800,5500,5500,5500,5400,5918.0,0.0,6200.0,0.0
41.72289595337769,-72.5319761970819,55,2024,HERITAGE DR,Local,Local Intersections,55,122,390,291,874,587,407,353,352.0,0.0,55.0,0.0
41.66348764132196,-72.52371734223391,332,2024,REDWOOD LA,Local,Local Intersections,332,141,21,56,274,365,275,309,323.0,0.0,332.0,0.0
41.69715210260743,-72.57374085572609,59,2024,HALE RD,Local,Local Intersections,59,67,658,761,745,965,837,883,888.0,0.0,59.0,0.0
41.66805232163399,-72.59246812850263,73,2024,PASTURE LA,Local,Local Intersections,73,74,145,290,421,574,370,401,311.0,0.0,73.0,0.0
41.72888910502331,-72.5660179303121,163,2024,TRINITY AV,Local,Local Intersections,163,215,284,194,458,622,497,565,540.0,0.0,163.0,0.0
41.68982969581132,-72.58041952154225,550,2024,TALL TIMBERS RD,Local,Local Intersections,550,525,525,525,500,500,500,475,1710.0,0.0,550.0,0.0
41.6665552476325,-72.5887109711376,136,2024,STEEP HOLLOW DR,Local,Local Intersections,136,122,200,306,396,473,393,415,358.0,0.0,136.0,0.0
41.71835514965965,-72.59384327668185,3833,2024,WESTERN BLVD,Local,Local Intersections,3833,3462,3606,4177,3501,5059,4147,4267,4294.0,0.0,3833.0,0.0
41.66853333090857,-72.52368401280724,527,2024,THOMPSON ST,Local,Local Intersections,527,528,480,1813,861,1202,953,1003,1033.0,0.0,527.0,0.0
41.6909451916359,-72.52676904397995,939,2024,FOREST LA,Local,Local Intersections,939,871,1741,2847,2059,2606,2184,2331,2360.0,0.0,939.0,0.0
41.739076773966005,-72.52332975801485,239,2024,PANE DR,Local,Local Intersections,239,191,169,90,341,479,350,378,382.0,0.0,239.0,0.0
41.72462269001994,-72.59840135323236,8200,2024,GRISWOLD ST,Minor Arterial,Local Intersections,8200,6300,6300,6300,8800,8800,8800,7068,8398.0,0.0,8200.0,0.0
41.66914614948091,-72.52873675322165,128,2024,ASPEN DR,Local,Local Intersections,128,114,122,92,328,468,378,404,406.0,0.0,128.0,0.0
41.71630333757447,-72.60573115720513,4571,2024,SALMON BROOK DR,Local,Local Intersections,4571,4301,3669,4066,3227,4495,3799,3963,3991.0,0.0,4571.0,0.0
41.68234522412237,-72.59279431177266,2632,2024,OVERLOOK RD,Local,Local Intersections,2632,2363,2220,3417,3141,3982,3302,3508,3601.0,0.0,2632.0,0.0
41.67875259750706,-72.51711126669305,527,2024,THOMPSON ST,Local,Local Intersections,527,528,480,1813,861,1202,953,1003,1033.0,0.0,527.0,0.0
41.69477492154496,-72.52743638530141,142,2024,BUTLER DR,Local,Local Intersections,142,202,473,1512,611,846,763,808,818.0,0.0,142.0,0.0
41.67879980370109,-72.52075532818213,123,2024,COLTON RD,Local,Local Intersections,123,94,86,56,289,438,359,371,351.0,0.0,123.0,0.0
41.70347327913881,-72.60801091748714,6800,2024,MAIN ST,Minor Arterial,Local Intersections,6800,5700,5700,5700,5700,5700,5700,5900,6809.0,0.0,6800.0,0.0
41.7049771982841,-72.56537453167856,134,2024,SUNNY SLOPE DR,Local,Local Intersections,134,98,110,212,395,534,511,531,413.0,0.0,134.0,0.0
41.65237617139698,-72.57893906871195,1551,2024,MATSON HILL RD,Local,Local Intersections,1551,1052,1390,2360,2305,2585,2163,2378,2458.0,0.0,1551.0,0.0
41.65390787319641,-72.52977710951872,69,2024,DICKINSON RD,Local,Local Intersections,69,70,146,95,342,375,376,180,203.0,0.0,69.0,0.0
41.72806629495767,-72.5736681129489,428,2024,CAMBRIDGE DR,Local,Local Intersections,428,379,558,497,719,982,757,831,804.0,0.0,428.0,0.0
41.71235147994156,-72.5704161708367,173,2024,CHASE HOLLOW LA,Local,Local Intersections,173,121,140,87,294,380,348,378,374.0,0.0,173.0,0.0
41.7239900579496,-72.5053671726576,442,2024,MINNECHAUG DR,Local,Local Intersections,442,337,703,708,1155,1347,1066,1113,1144.0,0.0,442.0,0.0
41.7150643603656,-72.5914145908867,2952,2024,WESTERN BLVD,Local,Local Intersections,2952,2372,2930,3330,3087,4531,3982,4012,3968.0,5075.72330054919,8027.72330054919,171.94184622456606
41.6930826097049,-72.60117372120705,150,2024,WOODBRIDGE RD,Local,Local Intersections,150,250,250,250,200,200,200,200,536.0,0.0,150.0,0.0
41.71977009691231,-72.57858445805168,100,2024,NORMAN DR,Local,Local Intersections,100,83,159,67,323,408,217,81,21.0,0.0,100.0,0.0
41.6541457078463,-72.53570664593053,308,2024,COUNTRY LA,Local,Local Intersections,308,248,434,513,764,875,766,796,800.0,0.0,308.0,0.0
41.6828508822868,-72.58891310402052,2308,2024,OVERLOOK RD,Local,Local Intersections,2308,2113,2090,3255,3061,3854,3226,3401,3475.0,0.0,2308.0,0.0
41.70957274787362,-72.531142723943,859,2024,HURLBURT ST,Local,Local Intersections,859,928,1626,1799,2380,3039,2544,2664,2719.0,0.0,859.0,0.0
41.66030982463307,-72.58084159702028,1551,2024,MATSON HILL RD,Local,Local Intersections,1551,1052,1390,2360,2305,2585,2163,2378,2458.0,0.0,1551.0,0.0
41.70140164061485,-72.60173569771405,4000,2024,HUBBARD ST,Major Collector,Local Intersections,4000,4300,4300,4300,4200,4200,4200,4000,4017.0,0.0,4000.0,0.0
41.700827215308585,-72.58208107911668,8600,2024,NEW LONDON TPK,Major Collector,Local Intersections,8600,8100,8100,8100,9800,9800,9800,8900,9163.0,0.0,8600.0,0.0
41.6828758566689,-72.58871923238978,2308,2024,OVERLOOK RD,Local,Local Intersections,2308,2113,2090,3255,3061,3854,3226,3401,3475.0,0.0,2308.0,0.0
41.72748613513885,-72.5368811603369,62,2024,BADER LA,Local,Local Intersections,62,72,44,47,362,463,339,346,266.0,0.0,62.0,0.0
41.70857105983049,-72.60149669045802,734,2024,DOUGLAS RD,Local,Local Intersections,734,546,866,874,1246,1658,1358,1420,1412.0,0.0,734.0,0.0
41.66811298578248,-72.58174915769587,225,2024,LEIGH GATE RD,Local,Local Intersections,225,180,414,460,626,678,616,634,638.0,0.0,225.0,0.0
41.71496505278435,-72.5742903283746,193,2024,TARA DR,Local,Local Intersections,193,216,1450,1079,1355,1797,1588,1626,1609.0,0.0,193.0,0.0
41.727730554285685,-72.60490573098886,130,2024,WYLLYS ST,Local,Local Intersections,130,114,975,723,971,1432,1127,1146,1239.0,0.0,130.0,0.0
41.72577160680027,-72.58896575792048,6500,2024,GRISWOLD ST,Minor Arterial,Local Intersections,6500,5700,5700,5700,7300,7300,7300,6000,6018.0,0.0,6500.0,0.0
41.69561418468618,-72.5930180079285,724,2024,FOUNDERS RD,Local,Local Intersections,724,681,1977,2953,2572,3257,2663,2777,2853.0,0.0,724.0,0.0
41.67528378952533,-72.60535351905517,431,2024,RED HILL DR,Local,Local Intersections,431,461,324,441,757,964,789,849,883.0,0.0,431.0,0.0
41.68378432549557,-72.5248775240954,50,2024,PINEMEADOW DR,Local,Local Intersections,50,101,25,21,219,294,318,323,252.0,0.0,50.0,0.0
41.69363589073338,-72.47355458664737,496,2024,IMPERIAL DR,Local,Local Intersections,496,514,805,752,744,913,657,693,712.0,0.0,496.0,0.0
41.702037693445206,-72.58219934367149,141,2024,TRIFIRO CIR,Local,Local Intersections,141,298,325,89,4300,5600,5100,900,90.0,0.0,141.0,0.0
41.72568871445273,-72.60573577410266,178,2024,RISLEY RD,Local,Local Intersections,178,172,566,477,942,1321,1176,1221,1289.0,0.0,178.0,0.0
41.7277732215474,-72.54871155461738,229,2024,SOMERSET RD,Local,Local Intersections,229,201,379,390,626,814,640,677,699.0,0.0,229.0,0.0
41.6717020094657,-72.52255159873263,78,2024,KINGSWOOD DR,Local,Local Intersections,78,94,126,101,324,537,386,378,392.0,0.0,78.0,0.0
41.71066639927475,-72.54504207434942,737,2024,STRICKLAND ST,Local,Local Intersections,737,541,1320,1467,1915,2792,2053,2165,2185.0,0.0,737.0,0.0
41.70889474732729,-72.6016506662766,2400,2024,SYCAMORE ST,Major Collector,Local Intersections,2400,1800,1800,1800,2100,2100,2100,2000,2864.0,0.0,2400.0,0.0
41.7027386086338,-72.57281088002452,186,2024,KAREN LEE RD,Local,Local Intersections,186,196,261,195,404,497,403,438,449.0,0.0,186.0,0.0
41.66738350148819,-72.6054378181425,271,2024,HIGH ST,Local,Local Intersections,271,354,494,694,788,925,805,856,840.0,0.0,271.0,0.0
41.69967186184466,-72.57355565358606,256,2024,LINCOLN DR,Local,Local Intersections,256,134,107,103,389,488,428,446,467.0,0.0,256.0,0.0
41.70035754724,-72.60715052065913,4000,2024,HUBBARD ST,Major Collector,Local Intersections,4000,4300,4300,4300,4200,4200,4200,4000,4017.0,0.0,4000.0,0.0
41.6864776268913,-72.54335987464015,154,2024,THREE MILE RD,Local,Local Intersections,154,156,226,101,328,449,395,375,378.0,0.0,154.0,0.0
41.6975623034842,-72.5985632163298,121,2024,OLD VILLAGE RD,Local,Local Intersections,121,82,144,158,441,382,317,350,285.0,0.0,121.0,0.0
41.72505653470899,-72.60561545285366,697,2024,HARRIS ST,Local,Local Intersections,697,382,2534,2798,2714,3837,3147,3264,3377.0,0.0,697.0,0.0
41.73100945657268,-72.57653214021161,5000,2024,ADDISON RD,Minor Arterial,Local Intersections,5000,4500,4500,4500,5300,5300,5300,4600,1246.0,0.0,5000.0,0.0
41.72947595716552,-72.57857340701534,5000,2024,ADDISON RD,Minor Arterial,Local Intersections,5000,4500,4500,4500,5300,5300,5300,4600,4940.0,0.0,5000.0,0.0
41.70934539944165,-72.54893326992124,686,2024,CANDLELIGHT DR,Local,Local Intersections,686,618,1257,1503,1517,2009,1522,1594,1607.0,0.0,686.0,0.0
41.6791474966939,-72.56322594700123,3400,2024,CHESTNUT HILL RD,Major Collector,Local Intersections,3400,3350,3350,3350,3400,3400,3400,3350,3686.0,0.0,3400.0,0.0
41.65206003522712,-72.60282521378436,390,2024,DAYTON RD,Local,Local Intersections,390,274,379,404,631,668,643,676,678.0,0.0,390.0,0.0
41.676379030017344,-72.59236768322872,3300,2024,CHESTNUT HILL RD,Major Collector,Local Intersections,3300,3100,3100,3100,3100,3100,3100,3189,3553.0,0.0,3300.0,0.0
41.70246448574768,-72.51592286629403,893,2024,ASH SWAMP RD,Local,Local Intersections,893,919,1391,1556,1514,1697,1478,1564,1558.0,0.0,893.0,0.0
41.65224355301761,-72.60306897769875,390,2024,DAYTON RD,Local,Local Intersections,390,274,379,404,631,668,643,676,678.0,0.0,390.0,0.0
41.64186663333823,-72.55911937408466,392,2024,CLARK HILL RD,Local,Local Intersections,392,246,824,655,896,1067,820,893,928.0,0.0,392.0,0.0
41.72439563828893,-72.5545096837826,1772,2024,BELL ST,Local,Local Intersections,1772,1412,1782,2486,2551,3395,2885,3021,3086.0,0.0,1772.0,0.0
41.68710648291055,-72.56684094789995,355,2024,CIDER MILL RD,Local,Local Intersections,355,321,622,431,729,1134,888,900,845.0,0.0,355.0,0.0
41.73231291537579,-72.46372898093614,711,2024,BIRCH MOUNTAIN RD,Local,Local Intersections,711,639,784,954,1007,1160,1008,1059,1078.0,0.0,711.0,0.0
41.72184953392981,-72.52407672070453,167,2024,CEDAR RIDGE DR,Local,Local Intersections,167,131,280,236,427,548,478,509,449.0,0.0,167.0,0.0
41.71906694308632,-72.57723511578556,3700,2024,ADDISON RD,Minor Arterial,Local Intersections,3700,3200,3200,3200,3500,3500,3500,3200,4753.0,0.0,3700.0,0.0
41.69639917731134,-72.59865749416558,2338,2024,BUTTONBALL LA,Local,Local Intersections,2338,2239,4711,5609,3608,4632,3673,3851,1900.0,0.0,2338.0,0.0
41.69525369752441,-72.58619671882904,252,2024,CARRIAGE DR,Local,Local Intersections,252,253,520,397,869,1043,862,925,906.0,0.0,252.0,0.0
41.68848533983703,-72.56536972169651,97,2024,CORTLAND LA,Local,Local Intersections,97,77,423,71,325,480,426,443,321.0,0.0,97.0,0.0
41.64460481279945,-72.55988172790549,392,2024,CLARK HILL RD,Local,Local Intersections,392,246,824,655,896,1067,820,893,928.0,0.0,392.0,0.0
41.72180849035454,-72.55570592219719,1772,2024,BELL ST,Local,Local Intersections,1772,1412,1782,2486,2551,3395,2885,3021,3086.0,0.0,1772.0,0.0
41.72668831712961,-72.5998984383802,145,2024,BARRY LA,Local,Local Intersections,145,101,256,132,458,668,570,579,559.0,0.0,145.0,0.0
41.69697567984251,-72.48404802225387,87,2024,BIRCH TR,Local,Local Intersections,87,72,231,94,330,415,357,345,262.0,0.0,87.0,0.0
41.71195340222432,-72.47163384415722,726,2024,BIRCH MOUNTAIN RD,Local,Local Intersections,726,692,734,1024,1136,1370,1170,1212,1234.0,0.0,726.0,0.0
41.69755915958918,-72.59875335897588,2338,2024,BUTTONBALL LA,Local,Local Intersections,2338,2239,4711,5609,3608,4632,3673,3851,1900.0,0.0,2338.0,0.0
41.67357571581254,-72.57758649142804,173,2024,BOULDER CIR,Local,Local Intersections,173,104,232,167,193,261,210,231,189.0,0.0,173.0,0.0
41.70305440061702,-72.61033860197175,89,2024,ARROWHEAD DR,Local,Local Intersections,89,66,124,87,249,364,348,400,359.0,0.0,89.0,0.0
41.6963041166462,-72.49179529659436,505,2024,ASH SWAMP RD,Local,Local Intersections,505,570,1290,1197,1136,1253,1097,1143,1147.0,0.0,505.0,0.0
41.72200164605887,-72.52414393841735,164,2024,CEDAR RIDGE TER,Local,Local Intersections,164,143,203,261,482,677,536,578,592.0,0.0,164.0,0.0
41.7216000131138,-72.55568667521126,1772,2024,BELL ST,Local,Local Intersections,1772,1412,1782,2486,2551,3395,2885,3021,3086.0,0.0,1772.0,0.0
41.72018035263261,-72.51577655025326,167,2024,CEDAR RIDGE DR,Local,Local Intersections,167,131,280,236,427,548,478,509,449.0,0.0,167.0,0.0
41.68309719621528,-72.58698003339597,2220,2024,COLEMAN RD,Local,Local Intersections,2220,1786,2506,4088,380,371,315,166,21.0,0.0,2220.0,0.0
41.6864234876019,-72.59882365469664,1145,2024,BUTTONBALL LA,Local,Local Intersections,1145,1123,2963,4065,2788,3714,2856,3012,3085.0,0.0,1145.0,0.0
41.70934924967273,-72.5487161429514,686,2024,CANDLELIGHT DR,Local,Local Intersections,686,618,1257,1503,1517,2009,1522,1594,1607.0,0.0,686.0,0.0
41.68710648291055,-72.56684094789995,216,2024,BALDWIN LA,Local,Local Intersections,216,245,240,341,507,771,584,609,641.0,0.0,216.0,0.0
41.67223871387028,-72.56690491590646,871,2024,COLDBROOK RD,Local,Local Intersections,871,696,990,990,1334,1620,1378,1484,1514.0,0.0,871.0,0.0
41.72681201159882,-72.58152771870407,4350,2024,ADDISON RD,Minor Arterial,Local Intersections,4350,3850,3850,3850,4400,4400,4400,3900,8075.0,0.0,4350.0,0.0
41.72771516841431,-72.58035131010153,81,2024,APRIL DR,Local,Local Intersections,81,101,94,224,394,662,482,507,547.0,0.0,81.0,0.0
41.69507160746001,-72.48446903779866,87,2024,BIRCH TR,Local,Local Intersections,87,72,231,94,330,415,357,345,262.0,0.0,87.0,0.0
41.67362455314248,-72.57712623737868,173,2024,BOULDER CIR,Local,Local Intersections,173,104,232,167,193,261,210,231,189.0,0.0,173.0,0.0
41.67770184690378,-72.5736623103854,2200,2024,CHESTNUT HILL RD,Major Collector,Local Intersections,2200,2000,2000,2000,2100,2100,2100,2000,3550.0,0.0,2200.0,0.0
41.69185440999814,-72.60209396292494,154,2024,CURTIS RD,Local,Local Intersections,154,117,140,229,449,448,363,411,409.0,0.0,154.0,0.0
41.68522540058314,-72.56645895665838,216,2024,BALDWIN LA,Local,Local Intersections,216,245,240,341,507,771,584,609,641.0,0.0,216.0,0.0
41.69438985249515,-72.59227802690597,252,2024,CARRIAGE DR,Local,Local Intersections,252,253,520,397,869,1043,862,925,906.0,0.0,252.0,0.0
41.67346776089037,-72.5790781529543,173,2024,BOULDER CIR,Local,Local Intersections,173,104,232,167,193,261,210,231,189.0,0.0,173.0,0.0
41.65022736904472,-72.60059411381252,390,2024,DAYTON RD,Local,Local Intersections,390,274,379,404,631,668,643,676,678.0,0.0,390.0,0.0
41.68283693447128,-72.5699910536788,355,2024,CIDER MILL RD,Local,Local Intersections,355,321,622,431,729,1134,888,900,845.0,0.0,355.0,0.0
41.71909722962403,-72.55659043687882,1772,2024,BELL ST,Local,Local Intersections,1772,1412,1782,2486,2551,3395,2885,3021,3086.0,2670.958301006193,4442.958301006192,150.7312810951576
41.67354327097982,-72.57779310807733,173,2024,BOULDER CIR,Local,Local Intersections,173,104,232,167,193,261,210,231,189.0,0.0,173.0,0.0
41.68801928967356,-72.59817120989311,1145,2024,BUTTONBALL LA,Local,Local Intersections,1145,1123,2963,4065,2788,3714,2856,3012,3085.0,0.0,1145.0,0.0
41.72163132502811,-72.57971950802715,3700,2024,ADDISON RD,Minor Arterial,Local Intersections,3700,3200,3200,3200,3500,3500,3500,3200,4753.0,0.0,3700.0,0.0
41.71977775871159,-72.57832941004824,3700,2024,ADDISON RD,Minor Arterial,Local Intersections,3700,3200,3200,3200,3500,3500,3500,3200,4753.0,0.0,3700.0,0.0
41.68703768148363,-72.56692844135824,355,2024,CIDER MILL RD,Local,Local Intersections,355,321,622,431,729,1134,888,900,845.0,0.0,355.0,0.0
41.6733399837248,-72.57925920305038,173,2024,BOULDER CIR,Local,Local Intersections,173,104,232,167,193,261,210,231,189.0,0.0,173.0,0.0
41.71164179632833,-72.58188202491279,2811,2024,COMMERCE ST,Local,Local Intersections,2811,2353,2500,2939,2712,4026,3219,3340,3391.0,0.0,2811.0,0.0
41.68271835748746,-72.56996281115919,355,2024,CIDER MILL RD,Local,Local Intersections,355,321,622,431,729,1134,888,900,845.0,0.0,355.0,0.0
41.64473299828277,-72.55996604310012,392,2024,CLARK HILL RD,Local,Local Intersections,392,246,824,655,896,1067,820,893,928.0,0.0,392.0,0.0
41.72957326616432,-72.5690071291923,428,2024,CAMBRIDGE DR,Local,Local Intersections,428,379,558,497,719,982,757,831,804.0,0.0,428.0,0.0
41.70586239233058,-72.5677442956477,68,2024,ROLLING HILLS DR,Local,Local Intersections,68,71,57,103,250,356,304,281,209.0,0.0,68.0,0.0
41.69304912407836,-72.59405671516372,71,2024,SULKY LA,Local,Local Intersections,71,77,49,21,265,308,304,319,249.0,0.0,71.0,0.0
41.71822415520128,-72.62425960050074,3500,2024,NAUBUC AV,Minor Arterial,Local Intersections,3500,3000,3000,3000,3750,3750,3750,3350,3638.0,0.0,3500.0,0.0
41.70766823845882,-72.54433686770913,737,2024,STRICKLAND ST,Local,Local Intersections,737,541,1320,1467,1915,2792,2053,2165,2185.0,0.0,737.0,0.0
41.70355011005741,-72.56135633804121,4700,2024,NEIPSIC RD,Major Collector,Local Intersections,4700,4400,4400,4400,4750,4750,4750,4500,4574.0,0.0,4700.0,0.0
41.671812910967446,-72.58626572364223,156,2024,FARMCLIFF DR,Local,Local Intersections,156,113,541,695,953,1196,1008,1051,1072.0,0.0,156.0,0.0
41.712446350071104,-72.52278547687865,144,2024,CRICKET LA,Local,Local Intersections,144,114,277,134,301,370,348,399,388.0,1566.7164484955488,1710.7164484955488,1087.9975336774644
41.6913435472717,-72.60692742816659,6800,2024,MAIN ST,Minor Arterial,Local Intersections,6800,5700,5700,5700,5700,5700,5700,5900,6172.0,0.0,6800.0,0.0
41.67216726924924,-72.56840439420039,875,2024,COLDBROOK RD,Local,Local Intersections,875,691,1002,1043,1347,1695,1456,1564,1600.0,0.0,875.0,0.0
41.72185906769244,-72.52417777224407,164,2024,CEDAR RIDGE TER,Local,Local Intersections,164,143,203,261,482,677,536,578,592.0,0.0,164.0,0.0
41.65060438517051,-72.57725279631582,187,2024,BELLTOWN RD,Local,Local Intersections,187,150,285,491,456,501,472,501,392.0,0.0,187.0,0.0
41.70026587035084,-72.49449363355727,93,2024,SHELBURNE WAY,Local,Local Intersections,93,125,177,267,425,512,434,448,456.0,1405.0274651893328,1498.0274651893328,1510.7822206336912
41.68936738344057,-72.58401942369696,600,2024,TALL TIMBERS RD,Local,Local Intersections,600,600,600,600,550,550,550,500,1721.0,0.0,600.0,0.0
41.69772986901771,-72.58879598122836,802,2024,OLDE STAGE RD,Local,Local Intersections,802,878,2049,2391,2241,2880,2380,2462,2487.0,0.0,802.0,0.0
41.66860281452574,-72.52385321745089,460,2024,HIGHWOOD DR,Local,Local Intersections,460,431,460,581,888,1258,998,1066,1092.0,0.0,460.0,0.0
41.69438985249515,-72.59227802690597,724,2024,FOUNDERS RD,Local,Local Intersections,724,681,1977,2953,2572,3257,2663,2777,2853.0,0.0,724.0,0.0
41.7263196688333,-72.59078012892334,398,2024,TARRY BROOK DR,Local,Local Intersections,398,342,700,676,965,1247,1042,1079,1085.0,0.0,398.0,0.0
41.69331843725726,-72.59189150099783,356,2024,GATES FARM RD,Local,Local Intersections,356,273,812,829,1497,1669,1367,1469,1507.0,0.0,356.0,0.0
41.70492115184572,-72.5799017050081,97,2024,LENOX DR NO 1,Local,Local Intersections,97,63,203,186,391,554,468,514,519.0,0.0,97.0,0.0
41.68904497778173,-72.56385346497541,8600,2024,NEW LONDON TPK,Major Collector,Local Intersections,8600,8100,8100,8100,9800,9800,9800,8900,5621.0,0.0,8600.0,0.0
41.71722021749963,-72.52261271561918,1118,2024,SHADY HILL LA,Local,Local Intersections,1118,921,2404,2631,2487,3194,2629,2751,2792.0,0.0,1118.0,0.0
41.73209418674815,-72.56048006516076,211,2024,DEERFIELD DR,Local,Local Intersections,211,159,330,244,523,778,604,623,560.0,0.0,211.0,0.0
41.69671388969866,-72.5240812050876,748,2024,SHODDY MILL RD,Local,Local Intersections,748,758,1446,4461,2136,2658,2242,2379,2371.0,0.0,748.0,0.0
41.65850961941945,-72.58154447946734,1551,2024,MATSON HILL RD,Local,Local Intersections,1551,1052,1390,2360,2305,2585,2163,2378,2458.0,0.0,1551.0,0.0
41.684391355711526,-72.58345363374524,256,2024,OVERLOOK RD,Local,Local Intersections,256,184,441,600,1064,1433,1147,1231,1256.0,0.0,256.0,0.0
41.719648332454206,-72.62488439974116,4600,2024,NAUBUC AV,Minor Arterial,Local Intersections,4600,4000,4000,4000,5100,5100,5100,4700,3949.0,0.0,4600.0,0.0
41.6503502123458,-72.61349478147983,195,2024,BLUFF POINT RD,Local,Local Intersections,195,130,224,259,615,823,661,648,730.0,0.0,195.0,0.0
41.73229871764829,-72.52105834305523,95,2024,ISLAND GREEN,Local,Local Intersections,95,99,266,276,528,572,548,621,665.0,0.0,95.0,0.0
41.65868387265411,-72.56175726609513,47,2024,ACORN RIDGE RD,Local,Local Intersections,47,66,21,24,240,520,320,325,252.0,0.0,47.0,0.0
41.69842097739191,-72.49577235127835,93,2024,SHELBURNE WAY,Local,Local Intersections,93,125,177,267,425,512,434,448,456.0,0.0,93.0,0.0
41.72941396336703,-72.594444569895,136,2024,WINTHROP DR,Local,Local Intersections,136,119,205,127,449,604,517,534,552.0,0.0,136.0,0.0
41.70608282425789,-72.56968681416026,42,2024,TRYMBULAK LA,Local,Local Intersections,42,63,27,21,347,378,380,276,186.0,0.0,42.0,0.0
41.69195540024773,-72.58491857521325,85,2024,OLD MUSKET RD,Local,Local Intersections,85,89,89,85,399,449,404,458,412.0,0.0,85.0,0.0
41.72836935537259,-72.59435131464078,136,2024,WINTHROP DR,Local,Local Intersections,136,119,205,127,449,604,517,534,552.0,0.0,136.0,0.0
41.64912067752964,-72.61337993596304,55,2024,KETTLE POND RD,Local,Local Intersections,55,65,43,295,291,405,350,374,292.0,0.0,55.0,0.0
41.69464250651962,-72.52724501705525,83,2024,NEEDLETREE LA,Local,Local Intersections,83,141,43,47,250,310,308,326,329.0,0.0,83.0,0.0
41.71570257002717,-72.61589174549869,222,2024,PARKER TER,Local,Local Intersections,222,208,105,112,375,518,389,415,412.0,0.0,222.0,0.0
41.73136243172613,-72.50829723695094,550,2024,MOUNTAIN RD,Local,Local Intersections,550,450,450,450,600,600,600,525,964.0,0.0,550.0,0.0
41.73077367647012,-72.51228459404719,850,2024,MOUNTAIN RD,Local,Local Intersections,850,800,800,800,1000,1000,1000,850,1627.0,0.0,850.0,0.0
41.65229742361432,-72.53741640549147,308,2024,COUNTRY LA,Local,Local Intersections,308,248,434,513,764,875,766,796,800.0,0.0,308.0,0.0
41.70928442226648,-72.6061172752483,39,2024,CARTER LA,Local,Local Intersections,39,55,24,37,206,411,286,229,148.0,0.0,39.0,0.0
41.71455448877291,-72.6015045025681,5711,2024,HOUSE ST,Local,Local Intersections,5711,5910,5365,6936,4691,6465,5480,5764,5905.0,0.0,5711.0,0.0
41.71820570090365,-72.5938497538972,3833,2024,WESTERN BLVD,Local,Local Intersections,3833,3462,3606,4177,3501,5059,4147,4267,4294.0,0.0,3833.0,0.0
41.70485323586728,-72.60792165733842,212,2024,WILLIAMS ST WEST,Local,Local Intersections,212,218,498,684,1071,1284,1080,1155,1178.0,0.0,212.0,0.0
41.71311274981983,-72.60364188652024,8100,2024,HEBRON AV,Other Principal Arterial,Local Intersections,8100,5700,5700,5700,6800,6800,6800,7200,13666.0,0.0,8100.0,0.0
41.65426100139283,-72.61926685943351,336,2024,TRYON ST,Local,Local Intersections,336,227,390,463,574,646,560,602,605.0,0.0,336.0,0.0
41.69513137230986,-72.48456017038383,51,2024,LAUREL TR,Local,Local Intersections,51,53,340,40,353,387,184,376,305.0,0.0,51.0,0.0
41.69531301107045,-72.5369253699776,1300,2024,NEIPSIC RD,Minor Collector,Local Intersections,1300,1300,1300,1300,1200,1200,1200,1200,2383.0,0.0,1300.0,0.0
41.72586148241064,-72.58824937090291,200,2024,MILESTONE DR NO 2,Local,Local Intersections,200,176,116,158,398,645,483,519,536.0,0.0,200.0,0.0
41.7041148211557,-72.59992064831457,1259,2024,WILLIAMS ST EAST,Local,Local Intersections,1259,1119,1767,2592,2492,3404,2716,2816,2840.0,0.0,1259.0,0.0
41.68947532648264,-72.56646580351557,96,2024,CRESCENT RD,Local,Local Intersections,96,71,46,21,226,333,307,313,193.0,0.0,96.0,0.0
41.669894250464914,-72.57923029184694,85,2024,LEDGEWOOD DR,Local,Local Intersections,85,73,137,113,308,331,379,481,255.0,0.0,85.0,0.0
41.7375797275976,-72.523325926486,185,2024,INDIAN HILL TR,Local,Local Intersections,185,178,312,199,412,615,471,500,491.0,0.0,185.0,0.0
41.69259261433441,-72.52062046231497,779,2024,FOREST LA,Local,Local Intersections,779,685,1462,2906,1802,2223,1810,1945,1955.0,0.0,779.0,0.0
41.685139975330685,-72.56653648264758,96,2024,WEST PIPPIN DR,Local,Local Intersections,96,90,188,164,320,573,440,443,444.0,0.0,96.0,0.0
41.65773219780279,-72.5930189105727,68,2024,FAIRVIEW TER,Local,Local Intersections,68,133,221,90,283,392,339,373,306.0,0.0,68.0,0.0
41.715022805166335,-72.53907069863251,714,2024,CHALKER HILL,Local,Local Intersections,714,800,1644,1845,1838,2324,1933,2007,2063.0,0.0,714.0,0.0
41.70712451577963,-72.56613734531078,64,2024,FAIRLAWN RD,Local,Local Intersections,64,67,32,60,276,368,322,312,228.0,0.0,64.0,0.0
41.70601762910659,-72.53029639592685,859,2024,HURLBURT ST,Local,Local Intersections,859,928,1626,1799,2380,3039,2544,2664,2719.0,0.0,859.0,0.0
41.6736288400645,-72.53988499367023,3500,2024,WASSUC RD,Major Collector,Local Intersections,3500,3400,3400,3400,3400,3400,3400,3700,4043.0,0.0,3500.0,0.0
41.69271260697309,-72.49187473554275,69,2024,JONATHAN TR NO 2,Local,Local Intersections,69,70,45,51,333,358,365,354,412.0,0.0,69.0,0.0
41.691926663940606,-72.58512546798414,356,2024,GATES FARM RD,Local,Local Intersections,356,273,812,829,1497,1669,1367,1469,1507.0,0.0,356.0,0.0
41.72936461400431,-72.57870125987078,2400,2024,GREAT SWAMP RD,Major Collector,Local Intersections,2400,2100,2100,2100,2500,2500,2500,2500,4187.0,0.0,2400.0,0.0
41.69970115465205,-72.58426095916708,89,2024,HAMPSHIRE DR,Local,Local Intersections,89,78,266,90,345,460,378,424,457.0,0.0,89.0,0.0
41.705142023434846,-72.56790527009137,134,2024,SUNNY SLOPE DR,Local,Local Intersections,134,98,110,212,395,534,511,531,413.0,0.0,134.0,0.0
41.670015246002,-72.57906559322869,186,2024,SHIPMAN DR,Local,Local Intersections,186,120,144,66,342,500,366,385,294.0,0.0,186.0,0.0
41.69722324422159,-72.5744602392215,378,2024,EAST CARRIAGE DR,Local,Local Intersections,378,410,1006,1366,1536,2300,1870,1940,1976.0,0.0,378.0,0.0
41.67308218042722,-72.5752930159017,605,2024,SUNSET DR,Local,Local Intersections,605,334,949,896,1373,1845,1493,1598,1628.0,0.0,605.0,0.0
41.6677095763728,-72.59889109633907,75,2024,GLAZIER DR,Local,Local Intersections,75,80,51,46,369,395,370,388,384.0,0.0,75.0,0.0
41.66888574727441,-72.59550224972762,79,2024,LAKEWOOD CIR,Local,Local Intersections,79,74,132,194,476,550,268,21,53.0,0.0,79.0,0.0
41.70742303961165,-72.46941857816215,60,2024,ZENITH LA,Local,Local Intersections,60,65,281,306,415,460,377,405,215.0,0.0,60.0,0.0
41.65377509741016,-72.52979507397362,94,2024,MOTT HILL RD,Local,Local Intersections,94,77,125,101,350,313,313,311,141.0,0.0,94.0,0.0
41.72049296774288,-72.51355547175541,300,2024,NATCHAUG DR,Local,Local Intersections,300,250,250,250,300,300,300,350,835.0,0.0,300.0,0.0
41.67194562325933,-72.56947933681992,2000,2024,HOPEWELL RD,Local,Local Intersections,2000,2000,2000,2000,1900,1900,1900,1900,2855.0,0.0,2000.0,0.0
41.7288801702339,-72.56242794549185,163,2024,TRINITY AV,Local,Local Intersections,163,215,284,194,458,622,497,565,540.0,0.0,163.0,0.0
41.70528769451318,-72.6046305508911,212,2024,WILLIAMS ST WEST,Local,Local Intersections,212,218,498,684,1071,1284,1080,1155,1178.0,0.0,212.0,0.0
41.7159175344856,-72.61392104663824,2400,2024,NAUBUC AV,Minor Arterial,Local Intersections,2400,2000,2000,2000,2400,2400,2400,2000,3328.0,0.0,2400.0,0.0
41.705095653142486,-72.56520253189906,358,2024,OAKWOOD DR NO 1,Local,Local Intersections,358,239,358,332,712,863,713,746,690.0,0.0,358.0,0.0
41.73760830512502,-72.52313587841778,185,2024,INDIAN HILL TR,Local,Local Intersections,185,178,312,199,412,615,471,500,491.0,0.0,185.0,0.0
41.691205760572245,-72.53380736264405,148,2024,FISHER HILL RD,Local,Local Intersections,148,109,449,1010,572,792,668,703,719.0,0.0,148.0,0.0
41.72874304175805,-72.60378951233291,6200,2024,PROSPECT ST,Minor Arterial,Local Intersections,6200,4800,4800,4800,5500,5500,5500,5400,5918.0,0.0,6200.0,0.0
41.70125952026545,-72.60192958243013,37,2024,HUBBARD DR,Local,Local Intersections,37,72,36,67,202,263,219,258,253.0,0.0,37.0,0.0
41.70763613826224,-72.60808626217568,6800,2024,MAIN ST,Minor Arterial,Local Intersections,6800,5700,5700,5700,5700,5700,5700,5900,6914.0,0.0,6800.0,0.0
41.7320913132538,-72.56573714793245,1500,2024,HILLSTOWN RD,Major Collector,Local Intersections,1500,1300,1300,1300,1500,1500,1500,1600,3656.0,0.0,1500.0,0.0
41.66702391372469,-72.53177229064191,1600,2024,WASSUC RD,Local,Local Intersections,1600,1500,1500,1500,1400,1400,1400,1600,2845.0,0.0,1600.0,0.0
41.725705457806704,-72.6155206273879,6800,2024,MAIN ST,Minor Arterial,Local Intersections,6800,5700,5700,5700,5700,5700,5700,5900,17362.0,0.0,6800.0,0.0
41.6678946551618,-72.58559255251127,176,2024,LEIGH GATE RD,Local,Local Intersections,176,202,343,396,590,651,617,657,670.0,0.0,176.0,0.0
41.72698175431649,-72.6033722973424,6200,2024,PROSPECT ST,Minor Arterial,Local Intersections,6200,4800,4800,4800,5500,5500,5500,5400,5918.0,0.0,6200.0,0.0
41.682354283327385,-72.55002049968076,8600,2024,NEW LONDON TPK,Major Collector,Local Intersections,8600,8100,8100,8100,9800,9800,9800,8900,4934.0,0.0,8600.0,0.0
41.68309719621528,-72.58698003339597,1323,2024,OVERLOOK RD,Local,Local Intersections,1323,1186,1380,2058,2276,2904,2407,2554,2609.0,0.0,1323.0,0.0
41.67379332232072,-72.53998297813392,3600,2024,NEW LONDON TPK,Local,Local Intersections,3600,3600,3600,3600,3500,3500,3500,5100,2376.0,0.0,3600.0,0.0
41.69514633653566,-72.60100542443337,83,2024,STEVENS LA,Local,Local Intersections,83,97,110,117,375,493,429,442,420.0,0.0,83.0,0.0
41.73127052134226,-72.58041096031533,412,2024,BARRINGTON WAY,Local,Local Intersections,412,515,924,672,1375,1842,1641,1694,1723.0,0.0,412.0,0.0
41.66651172371582,-72.58846486251562,136,2024,STEEP HOLLOW DR,Local,Local Intersections,136,122,200,306,396,473,393,415,358.0,0.0,136.0,0.0
41.68353241063418,-72.53406317322685,630,2024,EASTBURY HILL RD,Local,Local Intersections,630,417,715,4983,1252,1724,1452,1504,1497.0,0.0,630.0,0.0
41.718959204687046,-72.60196935168835,5711,2024,HOUSE ST,Local,Local Intersections,5711,5910,5365,6936,4691,6465,5480,5764,5905.0,0.0,5711.0,0.0
41.70495032676035,-72.57971101473828,97,2024,LENOX DR NO 1,Local,Local Intersections,97,63,203,186,391,554,468,514,519.0,0.0,97.0,0.0
41.67176523909036,-72.58942127246404,139,2024,DRUMLIN RD,Local,Local Intersections,139,117,345,530,688,880,738,779,799.0,0.0,139.0,0.0
41.637049960034055,-72.62704605989828,197,2024,TRYON ST,Local,Local Intersections,197,107,203,222,482,574,497,534,531.0,0.0,197.0,0.0
41.72588502958671,-72.58807997346184,6500,2024,GRISWOLD ST,Minor Arterial,Local Intersections,6500,5700,5700,5700,7300,7300,7300,6000,6018.0,0.0,6500.0,0.0
41.70188572990811,-72.58216243468036,288,2024,MARK DR,Local,Local Intersections,288,171,63,97,300,446,383,407,259.0,0.0,288.0,0.0
41.71689247726889,-72.60184689466594,5711,2024,HOUSE ST,Local,Local Intersections,5711,5910,5365,6936,4691,6465,5480,5764,5905.0,0.0,5711.0,0.0
41.73213111775696,-72.58061418471199,922,2024,LEXINGTON RD,Local,Local Intersections,922,838,1138,1261,1676,2217,1905,1952,2001.0,0.0,922.0,0.0
41.70901474067064,-72.53315639442806,178,2024,STANLEY DR,Local,Local Intersections,178,145,507,535,718,820,657,664,660.0,0.0,178.0,0.0
41.69437367492299,-72.59423848638791,171,2024,ROBIN RD,Local,Local Intersections,171,165,374,322,657,802,662,693,714.0,0.0,171.0,0.0
41.65223442193913,-72.60291415258475,41,2024,STRATTON RD,Local,Local Intersections,41,61,202,151,314,435,344,345,260.0,0.0,41.0,0.0
41.692093019388174,-72.58393032359965,85,2024,OLD MUSKET RD,Local,Local Intersections,85,89,89,85,399,449,404,458,412.0,0.0,85.0,0.0
41.69664091483613,-72.59711839768043,146,2024,ROBIN RD,Local,Local Intersections,146,174,419,378,716,933,727,767,802.0,0.0,146.0,0.0
41.7013777256665,-72.57978646613266,972,2024,BIDWELL ST,Local,Local Intersections,972,809,1560,3893,2488,3112,2526,2631,2732.0,0.0,972.0,0.0
41.66546886393155,-72.58191338300887,224,2024,HEATHER GLEN RD,Local,Local Intersections,224,121,421,548,665,765,707,722,764.0,0.0,224.0,0.0
41.7196546536489,-72.61413912432361,6800,2024,MAIN ST,Minor Arterial,Local Intersections,6800,5700,5700,5700,5700,5700,5700,5900,19090.0,0.0,6800.0,0.0
41.7009722017118,-72.47134836152217,1218,2024,MARLBOROUGH RD,Local,Local Intersections,1218,1252,1677,2406,2314,2622,2187,2304,2362.0,621.1170634505048,1839.1170634505047,50.99483279560795
41.70930695658405,-72.60811485113767,6800,2024,MAIN ST,Minor Arterial,Local Intersections,6800,5700,5700,5700,5700,5700,5700,5900,7051.0,0.0,6800.0,0.0
41.72653298663684,-72.57382532418103,661,2024,OXFORD DR,Local,Local Intersections,661,582,700,577,875,1187,926,1023,983.0,0.0,661.0,0.0
41.71875840833455,-72.5203623742981,287,2024,KNOLLWOOD DR,Local,Local Intersections,287,218,851,753,882,937,797,816,785.0,0.0,287.0,0.0
41.73680360879246,-72.53609187570473,7200,2024,KEENEY ST,Minor Arterial,Local Intersections,7200,6900,6900,6900,7600,7600,7600,6900,5726.0,0.0,7200.0,0.0
41.700262466620856,-72.60793159697889,6800,2024,MAIN ST,Minor Arterial,Local Intersections,6800,5700,5700,5700,5700,5700,5700,5900,6783.0,0.0,6800.0,0.0
41.72413306763914,-72.55965835876718,352,2024,BELLE WOODS DR,Local,Local Intersections,352,286,718,657,1088,1394,1204,1262,1296.0,0.0,352.0,0.0
41.68992094900042,-72.58044638996637,243,2024,RAMPART DR,Local,Local Intersections,243,197,482,639,874,1167,962,994,1022.0,0.0,243.0,0.0
41.68286818042084,-72.59749223993259,2632,2024,OVERLOOK RD,Local,Local Intersections,2632,2363,2220,3417,3141,3982,3302,3508,3601.0,0.0,2632.0,0.0
41.72140557013771,-72.60435991095791,705,2024,SPRING ST EXT,Local,Local Intersections,705,986,1134,998,1251,1720,1474,1522,1518.0,0.0,705.0,0.0
41.72586148241064,-72.58824937090291,6500,2024,GRISWOLD ST,Minor Arterial,Local Intersections,6500,5700,5700,5700,7300,7300,7300,6000,6018.0,0.0,6500.0,0.0
41.65291894646041,-72.6026227569013,41,2024,STRATTON RD,Local,Local Intersections,41,61,202,151,314,435,344,345,260.0,0.0,41.0,0.0
41.64878552313988,-72.61842802446988,249,2024,TAYLOR TOWN RD,Local,Local Intersections,249,128,430,461,559,719,597,636,710.0,0.0,249.0,0.0
41.69252604000892,-72.60709938644999,150,2024,WOODBRIDGE RD,Local,Local Intersections,150,250,250,250,200,200,200,200,536.0,0.0,150.0,0.0
41.68933932639776,-72.58418039164783,600,2024,TALL TIMBERS RD,Local,Local Intersections,600,600,600,600,550,550,550,500,1721.0,0.0,600.0,0.0
41.72553735958864,-72.59058866629051,7350,2024,GRISWOLD ST,Minor Arterial,Local Intersections,7350,6000,6000,6000,8050,8050,8050,6534,7208.0,0.0,7350.0,0.0
41.70150429715079,-72.58422328516788,8600,2024,NEW LONDON TPK,Major Collector,Local Intersections,8600,8100,8100,8100,9800,9800,9800,8900,9163.0,0.0,8600.0,0.0
41.692417220665234,-72.57808364652983,243,2024,RAMPART DR,Local,Local Intersections,243,197,482,639,874,1167,962,994,1022.0,0.0,243.0,0.0
41.66459158311245,-72.58313765859354,1966,2024,MATSON HILL RD,Local,Local Intersections,1966,1250,1371,2462,2329,2653,2347,2511,2558.0,0.0,1966.0,0.0
41.69085628879365,-72.47885295389807,356,2024,IMPERIAL DR,Local,Local Intersections,356,342,358,327,489,556,405,425,423.0,0.0,356.0,0.0
41.66814331325168,-72.58193502728597,383,2024,STONEPOST RD,Local,Local Intersections,383,396,1095,1092,977,1074,947,969,1027.0,0.0,383.0,0.0
41.694500115256304,-72.59233934072498,724,2024,FOUNDERS RD,Local,Local Intersections,724,681,1977,2953,2572,3257,2663,2777,2853.0,0.0,724.0,0.0
41.65391604956327,-72.53587951180107,308,2024,COUNTRY LA,Local,Local Intersections,308,248,434,513,764,875,766,796,800.0,0.0,308.0,0.0
41.72634148755538,-72.57517732751901,573,2024,WORTHINGTON RD,Local,Local Intersections,573,540,782,652,932,1413,1009,1089,1049.0,0.0,573.0,0.0
41.68149972492328,-72.58451316621796,55,2024,KNOB HILL RD,Local,Local Intersections,55,102,160,150,484,681,336,372,379.0,0.0,55.0,0.0
41.730761238814445,-72.56588119723638,355,2024,WESLEYAN RD,Local,Local Intersections,355,332,316,253,507,641,567,658,586.0,0.0,355.0,0.0
41.70867558185706,-72.52186789563035,52,2024,BUCKINGHAM DR,Local,Local Intersections,52,66,292,285,700,776,694,694,690.0,0.0,52.0,0.0
41.72387070576736,-72.50543852061527,86,2024,TIMROD TR,Local,Local Intersections,86,83,299,218,544,782,619,663,663.0,0.0,86.0,0.0
41.72585669703071,-72.58899333566396,398,2024,TARRY BROOK DR,Local,Local Intersections,398,342,700,676,965,1247,1042,1079,1085.0,0.0,398.0,0.0
41.67272328145425,-72.56693530963801,2000,2024,HOPEWELL RD,Local,Local Intersections,2000,2000,2000,2000,1900,1900,1900,1900,2855.0,0.0,2000.0,0.0
41.68123559142677,-72.59469371466024,42,2024,RIDGEWOOD RD EXT,Local,Local Intersections,42,34,21,21,379,308,208,106,21.0,0.0,42.0,0.0
41.730882965425366,-72.56604632645295,2400,2024,GREAT SWAMP RD,Major Collector,Local Intersections,2400,2100,2100,2100,2500,2500,2500,2500,3040.0,0.0,2400.0,0.0
41.67627094118683,-72.57080178806,34,2024,POUND FOOLISH LA,Local,Local Intersections,34,51,21,21,225,277,312,333,355.0,0.0,34.0,0.0
41.68514408868497,-72.56631401542235,153,2024,EAST PIPPIN DR,Local,Local Intersections,153,129,42,178,367,469,318,333,422.0,0.0,153.0,0.0
41.69256503499869,-72.48413963050896,52,2024,SPRINGSIDE TR,Local,Local Intersections,52,52,30,44,398,263,308,236,157.0,0.0,52.0,0.0
41.73058924457101,-72.58540655136854,214,2024,DUXBURY LA,Local,Local Intersections,214,230,573,372,523,744,608,540,622.0,0.0,214.0,0.0
41.73216621066717,-72.56596051468571,114,2024,OPAL DR,Local,Local Intersections,114,126,247,237,480,583,454,496,464.0,0.0,114.0,0.0
41.71137832806763,-72.53824235468736,178,2024,STANLEY DR,Local,Local Intersections,178,145,507,535,718,820,657,664,660.0,0.0,178.0,0.0
41.69264826097137,-72.4840737391909,117,2024,LAKE SHORE TR,Local,Local Intersections,117,130,136,133,310,285,331,294,246.0,0.0,117.0,0.0
41.73027117205568,-72.57116511480956,2400,2024,GREAT SWAMP RD,Major Collector,Local Intersections,2400,2100,2100,2100,2500,2500,2500,2500,3797.0,0.0,2400.0,0.0
41.67005163466848,-72.52577565985837,460,2024,HIGHWOOD DR,Local,Local Intersections,460,431,460,581,888,1258,998,1066,1092.0,0.0,460.0,0.0
41.72370628712468,-72.60265649938577,11400,2024,GRISWOLD ST,Minor Arterial,Local Intersections,11400,8750,8750,8750,11650,11650,11650,10084,10166.0,0.0,11400.0,0.0
41.68391327230319,-72.5929712451244,32,2024,PEACH TREE RD,Local,Local Intersections,32,43,21,21,219,235,224,232,159.0,0.0,32.0,0.0
41.69261347287186,-72.60732106073834,6800,2024,MAIN ST,Minor Arterial,Local Intersections,6800,5700,5700,5700,5700,5700,5700,5900,6172.0,0.0,6800.0,0.0
41.70778233178459,-72.54434889306704,737,2024,STRICKLAND ST,Local,Local Intersections,737,541,1320,1467,1915,2792,2053,2165,2185.0,0.0,737.0,0.0
41.68541359182433,-72.52397409647946,630,2024,EASTBURY HILL RD,Local,Local Intersections,630,417,715,4983,1252,1724,1452,1504,1497.0,0.0,630.0,0.0
41.723851409800574,-72.6262376683468,6400,2024,PUTNAM BLVD,Major Collector,Local Intersections,6400,5600,5600,5600,6800,6800,6800,6100,9713.0,0.0,6400.0,0.0
41.69586851410463,-72.60473000966572,143,2024,HARDIN LA,Local,Local Intersections,143,105,80,150,283,412,332,348,271.0,0.0,143.0,0.0
41.70381138181994,-72.60229142623302,126,2024,WILLIAMS ST WEST,Local,Local Intersections,126,136,260,358,702,836,680,724,732.0,0.0,126.0,0.0
41.71676777856064,-72.61619953687766,184,2024,PARKER TER,Local,Local Intersections,184,142,70,78,329,502,380,407,390.0,0.0,184.0,0.0
41.71752599237687,-72.52500558781519,1118,2024,SHADY HILL LA,Local,Local Intersections,1118,921,2404,2631,2487,3194,2629,2751,2792.0,0.0,1118.0,0.0
41.71075168592846,-72.5917420378581,11100,2024,OAK ST,Major Collector,Local Intersections,11100,10800,10800,10800,13200,13200,13200,11500,8370.0,0.0,11100.0,0.0
41.705494454696,-72.52227017644658,42,2024,FALCON LA,Local,Local Intersections,42,57,49,41,388,469,412,383,271.0,0.0,42.0,0.0
41.70039475901664,-72.60795480589718,6800,2024,MAIN ST,Minor Arterial,Local Intersections,6800,5700,5700,5700,5700,5700,5700,5900,6783.0,0.0,6800.0,0.0
41.73084272635668,-72.57312722234687,85,2024,CATTAIL RD,Local,Local Intersections,85,161,478,215,358,526,414,457,439.0,0.0,85.0,0.0
41.72554484083516,-72.60557858813303,697,2024,HARRIS ST,Local,Local Intersections,697,382,2534,2798,2714,3837,3147,3264,3377.0,0.0,697.0,0.0
41.70341517482285,-72.57635857341549,81,2024,GOODRICH RD,Local,Local Intersections,81,117,52,61,271,335,321,332,341.0,0.0,81.0,0.0
41.7307584276263,-72.51210974051591,80,2024,SADDLE RIDGE RD,Local,Local Intersections,80,81,39,62,264,346,312,323,169.0,0.0,80.0,0.0
41.73424471296223,-72.56219067641149,57,2024,VISTA LA,Local,Local Intersections,57,96,70,47,338,441,411,392,213.0,0.0,57.0,0.0
41.73086514976924,-72.57293350347338,67,2024,COLTSFOOT CIR,Local,Local Intersections,67,132,226,117,386,462,438,434,406.0,0.0,67.0,0.0
41.69304895886757,-72.52733953708403,83,2024,NEEDLETREE LA,Local,Local Intersections,83,141,43,47,250,310,308,326,329.0,0.0,83.0,0.0
41.72614111970649,-72.58720898860892,118,2024,TWELVE ACRE LA,Local,Local Intersections,118,103,43,24,369,201,206,105,21.0,0.0,118.0,0.0
41.64881081736035,-72.6186181237909,195,2024,BLUFF POINT RD,Local,Local Intersections,195,130,224,259,615,823,661,648,730.0,0.0,195.0,0.0
41.71564544780573,-72.61587815876989,2400,2024,NAUBUC AV,Minor Arterial,Local Intersections,2400,2000,2000,2000,2400,2400,2400,2000,3328.0,0.0,2400.0,0.0
41.70999750498681,-72.60381104932517,36,2024,WASHINGTON ST,Local,Local Intersections,36,26,21,21,189,267,262,302,215.0,0.0,36.0,0.0
41.70582856979907,-72.56801261731523,68,2024,ROLLING HILLS DR,Local,Local Intersections,68,71,57,103,250,356,304,281,209.0,0.0,68.0,0.0
41.69083274608112,-72.60207013361209,128,2024,WHAPLEY RD,Local,Local Intersections,128,243,46,48,326,389,382,333,351.0,0.0,128.0,0.0
41.69350357777245,-72.60732726122852,262,2024,TALCOTT RD,Local,Local Intersections,262,151,133,229,496,513,467,506,498.0,0.0,262.0,0.0
41.71664532356299,-72.60926326097365,10900,2024,NEW LONDON TPK,Minor Arterial,Local Intersections,10900,9300,9300,9300,12100,12100,12100,10800,4942.0,0.0,10900.0,0.0
41.691231069254336,-72.6068908076588,6800,2024,MAIN ST,Minor Arterial,Local Intersections,6800,5700,5700,5700,5700,5700,5700,5900,6172.0,0.0,6800.0,0.0
41.70185574457947,-72.59830776798344,4000,2024,HUBBARD ST,Major Collector,Local Intersections,4000,4300,4300,4300,4200,4200,4200,4000,4017.0,0.0,4000.0,0.0
41.68298729851352,-72.58894357090134,129,2024,VALLEY VIEW RD,Local,Local Intersections,129,281,93,58,287,568,555,406,186.0,0.0,129.0,0.0
41.71715581825562,-72.62310769310672,2400,2024,NAUBUC AV,Minor Arterial,Local Intersections,2400,2000,2000,2000,2400,2400,2400,2000,3328.0,0.0,2400.0,0.0
41.69733710868967,-72.5743469910109,8600,2024,NEW LONDON TPK,Major Collector,Local Intersections,8600,8100,8100,8100,9800,9800,9800,8900,8750.0,0.0,8600.0,0.0
41.67290967430143,-72.56666369537982,2000,2024,HOPEWELL RD,Local,Local Intersections,2000,2000,2000,2000,1900,1900,1900,1900,2855.0,0.0,2000.0,0.0
41.66637266248441,-72.59541912783759,393,2024,SOUTH POND RD,Local,Local Intersections,393,358,546,1041,1313,1776,1381,1471,1521.0,0.0,393.0,0.0
41.70548371511919,-72.52243435980883,42,2024,FALCON LA,Local,Local Intersections,42,57,49,41,388,469,412,383,271.0,0.0,42.0,0.0
41.68322342952472,-72.53684481475723,630,2024,EASTBURY HILL RD,Local,Local Intersections,630,417,715,4983,1252,1724,1452,1504,1497.0,0.0,630.0,0.0
41.6763842304653,-72.57312340925459,192,2024,FOX DEN RD,Local,Local Intersections,192,137,178,369,554,650,530,566,504.0,0.0,192.0,0.0
41.72574272088767,-72.60546684981585,697,2024,HARRIS ST,Local,Local Intersections,697,382,2534,2798,2714,3837,3147,3264,3377.0,0.0,697.0,0.0
41.697338628823374,-72.48289435439557,403,2024,DIAMOND LAKE RD,Local,Local Intersections,403,412,981,810,793,841,748,775,799.0,0.0,403.0,0.0
41.67111167758468,-72.5296065327384,62,2024,SUMMIT CREST DR,Local,Local Intersections,62,158,308,313,521,725,619,656,598.0,0.0,62.0,0.0
41.71920106001512,-72.55640021486715,88,2024,MARGARET LA,Local,Local Intersections,88,71,48,53,289,417,349,341,343.0,0.0,88.0,0.0
41.66617665162836,-72.595441572849,2000,2024,HOPEWELL RD,Local,Local Intersections,2000,2000,2000,2000,1900,1900,1900,1900,2855.0,0.0,2000.0,0.0
41.69721053180311,-72.48304459036137,403,2024,DIAMOND LAKE RD,Local,Local Intersections,403,412,981,810,793,841,748,775,799.0,0.0,403.0,0.0
41.72767152297113,-72.5999365745975,204,2024,LANCASTER RD,Local,Local Intersections,204,165,778,667,1213,1748,1527,1587,1612.0,0.0,204.0,0.0
41.66798658892611,-72.59230546162036,393,2024,SOUTH POND RD,Local,Local Intersections,393,358,546,1041,1313,1776,1381,1471,1521.0,0.0,393.0,0.0
41.66772563792986,-72.58563225296234,136,2024,STEEP HOLLOW DR,Local,Local Intersections,136,122,200,306,396,473,393,415,358.0,0.0,136.0,0.0
41.68825341206145,-72.60513889943734,93,2024,HILLCREST RD,Local,Local Intersections,93,72,271,129,417,417,362,372,426.0,0.0,93.0,0.0
41.64813755153384,-72.59699541634743,213,2024,HICKORY DR,Local,Local Intersections,213,127,66,87,296,372,201,291,308.0,0.0,213.0,0.0
41.72786993064796,-72.56576938626687,355,2024,WESLEYAN RD,Local,Local Intersections,355,332,316,253,507,641,567,658,586.0,0.0,355.0,0.0
41.68893665051031,-72.56759561968717,96,2024,CRESCENT RD,Local,Local Intersections,96,71,46,21,226,333,307,313,193.0,0.0,96.0,0.0
41.664679417293634,-72.5830630714533,2000,2024,HOPEWELL RD,Local,Local Intersections,2000,2000,2000,2000,1900,1900,1900,1900,2855.0,0.0,2000.0,0.0
41.71295128917391,-72.54628131777588,157,2024,COBBLESTONE RD,Local,Local Intersections,157,129,418,405,591,752,606,643,638.0,0.0,157.0,0.0
41.69711479847224,-72.48400772055113,403,2024,DIAMOND LAKE RD,Local,Local Intersections,403,412,981,810,793,841,748,775,799.0,0.0,403.0,0.0
41.689791798324976,-72.5909784597766,106,2024,CART RD,Local,Local Intersections,106,72,22,21,366,402,299,391,236.0,0.0,106.0,0.0
41.700835387949525,-72.47389192027457,368,2024,BRENTWOOD DR,Local,Local Intersections,368,331,330,364,915,1353,1030,1121,1134.0,0.0,368.0,0.0
41.70787778500092,-72.54663703813864,275,2024,MILLSTONE RD,Local,Local Intersections,275,324,358,392,538,639,532,564,573.0,0.0,275.0,0.0
41.6795448176726,-72.58502631460837,63,2024,EVERGREEN LA,Local,Local Intersections,63,66,143,68,360,452,356,360,387.0,0.0,63.0,0.0
41.65867888518743,-72.59291848263592,799,2024,FOOTE RD,Local,Local Intersections,799,687,1173,2007,1615,1735,1508,1602,1645.0,0.0,799.0,0.0
41.68078516646096,-72.54891071046568,8600,2024,NEW LONDON TPK,Major Collector,Local Intersections,8600,8100,8100,8100,9800,9800,9800,8900,4934.0,0.0,8600.0,0.0
41.71028023689341,-72.54473928802305,737,2024,STRICKLAND ST,Local,Local Intersections,737,541,1320,1467,1915,2792,2053,2165,2185.0,0.0,737.0,0.0
41.666349096316566,-72.58256416715253,47,2024,ASHLEY CT,Local,Local Intersections,47,65,30,37,222,284,413,389,303.0,0.0,47.0,0.0
41.69645010102412,-72.58819024070186,186,2024,WAGON RD,Local,Local Intersections,186,268,257,252,609,851,773,804,801.0,0.0,186.0,0.0
41.72762213120305,-72.60011887443034,204,2024,LANCASTER RD,Local,Local Intersections,204,165,778,667,1213,1748,1527,1587,1612.0,0.0,204.0,0.0
41.689068743701576,-72.59048317319706,723,2024,FOUNDERS RD,Local,Local Intersections,723,742,1522,2387,2535,3049,2624,2726,2786.0,0.0,723.0,0.0
41.7052137136875,-72.56804812125361,64,2024,FAIRLAWN RD,Local,Local Intersections,64,67,32,60,276,368,322,312,228.0,0.0,64.0,0.0
41.66705842248344,-72.53508486147065,2100,2024,WASSUC RD,Major Collector,Local Intersections,2100,1900,1900,1900,2000,2000,2000,2000,3142.0,0.0,2100.0,0.0
41.72801584696626,-72.60374144546826,130,2024,WYLLYS ST,Local,Local Intersections,130,114,975,723,971,1432,1127,1146,1239.0,0.0,130.0,0.0
41.68642346504611,-72.54320720242035,127,2024,EDGEWOOD LA,Local,Local Intersections,127,182,46,38,344,399,392,375,288.0,0.0,127.0,0.0
41.67883725460086,-72.51700768919116,527,2024,THOMPSON ST,Local,Local Intersections,527,528,480,1813,861,1202,953,1003,1033.0,0.0,527.0,0.0
41.72811116517423,-72.57380115552861,428,2024,CAMBRIDGE DR,Local,Local Intersections,428,379,558,497,719,982,757,831,804.0,0.0,428.0,0.0
41.70059828342698,-72.54324023249843,567,2024,STRICKLAND ST,Local,Local Intersections,567,308,1040,1131,1471,2161,1523,1609,1641.0,0.0,567.0,0.0
41.710566732775625,-72.59185405389059,412,2024,NUTMEG LA,Local,Local Intersections,412,147,246,334,1074,1677,1407,1402,1425.0,0.0,412.0,0.0
41.69464118552029,-72.55475819348396,103,2024,FELDSPAR RIDGE,Local,Local Intersections,103,121,439,574,719,1011,834,907,938.0,0.0,103.0,0.0
41.70289618838311,-72.57265940207829,4100,2024,NEIPSIC RD,Major Collector,Local Intersections,4100,4000,4000,4000,4700,4700,4700,3600,3943.0,0.0,4100.0,0.0
41.69977541172826,-72.57376966584216,43,2024,FRANKLIN LA,Local,Local Intersections,43,63,138,76,243,339,303,315,323.0,0.0,43.0,0.0
41.70563217075139,-72.46739523351451,42,2024,SUNRISE DR,Local,Local Intersections,42,55,168,126,280,338,254,233,314.0,17.706584194258046,59.70658419425804,42.158533795852485
41.695711624090286,-72.60761614985132,159,2024,MORGAN DR,Local,Local Intersections,159,232,646,696,836,1064,941,850,798.0,0.0,159.0,0.0
41.66995968835964,-72.57884225448775,186,2024,SHIPMAN DR,Local,Local Intersections,186,120,144,66,342,500,366,385,294.0,0.0,186.0,0.0
41.69722246180344,-72.48292061531075,48,2024,EAST LAKE SHORE TR,Local,Local Intersections,48,76,28,21,352,386,386,375,435.0,0.0,48.0,0.0
41.68130188768048,-72.53362843771409,47,2024,JOHN MARSHALL DR,Local,Local Intersections,47,104,58,158,262,372,310,335,345.0,0.0,47.0,0.0
41.68532656705322,-72.52096604959061,123,2024,COLTON RD,Local,Local Intersections,123,94,85,56,289,438,359,371,351.0,0.0,123.0,0.0
41.68898011205706,-72.56777427083055,128,2024,PILGARD LA,Local,Local Intersections,128,85,25,21,370,406,406,394,198.0,0.0,128.0,0.0
41.690295296748346,-72.53261659640272,148,2024,FISHER HILL RD,Local,Local Intersections,148,109,449,1010,572,792,668,703,719.0,0.0,148.0,0.0
41.70489992214855,-72.58003361268072,45,2024,LENOX DR NO 2,Local,Local Intersections,45,65,46,156,292,429,408,416,320.0,0.0,45.0,0.0
41.65752290789218,-72.59299081823642,68,2024,FAIRVIEW TER,Local,Local Intersections,68,133,221,90,283,392,339,373,306.0,0.0,68.0,0.0
41.70345360762544,-72.60801065305027,6800,2024,MAIN ST,Minor Arterial,Local Intersections,6800,5700,5700,5700,5700,5700,5700,5900,6809.0,0.0,6800.0,0.0
41.69445034820311,-72.48781691854751,266,2024,DIAMOND LAKE RD,Local,Local Intersections,266,265,556,472,560,554,521,548,568.0,0.0,266.0,0.0
41.688017663486136,-72.5980679261222,429,2024,FARMSTEAD LA,Local,Local Intersections,429,193,381,520,787,910,782,758,758.0,0.0,429.0,0.0
41.71038162032958,-72.54481645857183,737,2024,STRICKLAND ST,Local,Local Intersections,737,541,1320,1467,1915,2792,2053,2165,2185.0,0.0,737.0,0.0
41.68652053279551,-72.59859779467483,192,2024,STANCLIFF RD,Local,Local Intersections,192,175,610,753,912,1197,923,964,987.0,0.0,192.0,0.0
41.69540224849766,-72.56325171512567,103,2024,FELDSPAR RIDGE,Local,Local Intersections,103,121,439,574,719,1011,834,907,938.0,0.0,103.0,0.0
41.72632239320315,-72.60467653118447,697,2024,HARRIS ST,Local,Local Intersections,697,382,2534,2798,2714,3837,3147,3264,3377.0,0.0,697.0,0.0
41.70318459838145,-72.57568496640164,4100,2024,NEIPSIC RD,Major Collector,Local Intersections,4100,4000,4000,4000,4700,4700,4700,3600,3943.0,0.0,4100.0,0.0
41.690302799117646,-72.55248421425361,77,2024,KINNE RD,Local,Local Intersections,77,90,597,491,1207,1828,1454,1534,1570.0,0.0,77.0,0.0
41.71886301756225,-72.52037568377267,451,2024,WOODHAVEN RD,Local,Local Intersections,451,297,770,781,1180,1577,1273,1341,1370.0,0.0,451.0,0.0
41.66336532665333,-72.5238106593896,1449,2024,TOLL GATE RD,Local,Local Intersections,1449,1139,1022,1999,1715,2118,1899,2028,2138.0,0.0,1449.0,0.0
41.69980347272663,-72.57359784538487,256,2024,LINCOLN DR,Local,Local Intersections,256,134,107,103,389,488,428,446,467.0,0.0,256.0,0.0
41.71056480037157,-72.59178562642566,11100,2024,OAK ST,Major Collector,Local Intersections,11100,10800,10800,10800,13200,13200,13200,11500,8370.0,0.0,11100.0,0.0
41.7009925732203,-72.57386428082528,256,2024,LINCOLN DR,Local,Local Intersections,256,134,107,103,389,488,428,446,467.0,0.0,256.0,0.0
41.68063608398729,-72.57510160002494,127,2024,WOOD POND RD,Local,Local Intersections,127,116,144,162,412,736,498,420,418.0,0.0,127.0,0.0
41.681699145219895,-72.59730035268235,112,2024,RIDGEWOOD RD,Local,Local Intersections,112,88,145,53,271,447,350,388,404.0,0.0,112.0,0.0
41.71828699133281,-72.58567986117338,607,2024,NATIONAL DR,Local,Local Intersections,607,399,490,417,1693,2729,2375,2481,2467.0,346.05726957286845,953.0572695728684,57.01108230195526
41.65560234888491,-72.53304595828249,897,2024,MOTT HILL RD,Local,Local Intersections,897,894,1197,1545,1746,2106,1767,1835,1860.0,0.0,897.0,0.0
41.71949214676616,-72.62495590115579,80,2024,POINT RD,Local,Local Intersections,80,77,72,83,359,461,323,329,270.0,0.0,80.0,0.0
41.676339225968725,-72.57290508194092,76,2024,PENNYWISE LA,Local,Local Intersections,76,73,126,223,450,504,403,472,376.0,0.0,76.0,0.0
41.693899736714485,-72.60101692212747,262,2024,TALCOTT RD,Local,Local Intersections,262,151,133,229,496,513,467,506,498.0,0.0,262.0,0.0
41.69035518545536,-72.53279318010483,44,2024,SHERBROOK DR,Local,Local Intersections,44,68,21,128,340,274,293,312,322.0,0.0,44.0,0.0
41.64973532251425,-72.53532665130466,53,2024,FIELDSTONE DR,Local,Local Intersections,53,69,329,321,578,696,606,633,624.0,0.0,53.0,0.0
41.73424471296223,-72.56219067641149,47,2024,RUFF CIR,Local,Local Intersections,47,90,30,21,326,377,358,364,170.0,0.0,47.0,0.0
41.6647786679239,-72.59440446280868,2000,2024,HOPEWELL RD,Local,Local Intersections,2000,2000,2000,2000,1900,1900,1900,1900,2855.0,0.0,2000.0,0.0
41.66784230013501,-72.59888270312464,2000,2024,HOPEWELL RD,Local,Local Intersections,2000,2000,2000,2000,1900,1900,1900,1900,3574.0,0.0,2000.0,0.0
41.732164097344686,-72.46355392496709,78,2024,TAMARAC DR,Local,Local Intersections,78,78,186,124,275,482,314,344,336.0,0.0,78.0,0.0
41.713902520411445,-72.60831042752694,4069,2024,WELLES ST,Local,Local Intersections,4069,3940,3403,4416,3253,4540,3719,3881,3965.0,0.0,4069.0,0.0
41.69699310511346,-72.48353541595439,117,2024,LAKE SHORE TR,Local,Local Intersections,117,130,136,133,310,285,331,294,246.0,0.0,117.0,0.0
41.70194369581313,-72.57413296542283,286,2024,LINCOLN DR,Local,Local Intersections,286,172,214,228,514,652,578,600,621.0,0.0,286.0,0.0
41.73195666519473,-72.56045511817571,211,2024,DEERFIELD DR,Local,Local Intersections,211,159,330,244,523,778,604,623,560.0,0.0,211.0,0.0
41.67468829279668,-72.57699456392598,187,2024,MARILYN DR,Local,Local Intersections,187,168,145,186,348,402,357,386,390.0,0.0,187.0,0.0
41.72500087404644,-72.6056043974451,697,2024,HARRIS ST,Local,Local Intersections,697,382,2534,2798,2714,3837,3147,3264,3377.0,0.0,697.0,0.0
41.67358187225206,-72.57688233502142,1055,2024,SUNSET DR,Local,Local Intersections,1055,571,1273,1396,1543,2167,1726,1834,1841.0,0.0,1055.0,0.0
41.67120479274264,-72.57900884062995,186,2024,SHIPMAN DR,Local,Local Intersections,186,120,144,66,342,500,366,385,294.0,0.0,186.0,0.0
41.70038312307631,-72.60696752781062,4000,2024,HUBBARD ST,Major Collector,Local Intersections,4000,4300,4300,4300,4200,4200,4200,4000,4017.0,0.0,4000.0,0.0
41.67438619760912,-72.5702811196749,76,2024,PENNYWISE LA,Local,Local Intersections,76,73,126,223,450,504,403,472,376.0,0.0,76.0,0.0
41.65870667513881,-72.56189318640021,1157,2024,WOODLAND ST,Local,Local Intersections,1157,780,1426,1950,2284,2766,2312,2416,2518.0,0.0,1157.0,0.0
41.671406174979005,-72.59568621156141,286,2024,LAKEWOOD RD,Local,Local Intersections,286,181,253,206,435,804,403,39,21.0,0.0,286.0,0.0
41.69600043620072,-72.60343052896573,159,2024,MORGAN DR,Local,Local Intersections,159,232,646,696,836,1064,941,850,798.0,0.0,159.0,0.0
41.65017834447664,-72.61339180577966,496,2024,GREAT POND RD,Local,Local Intersections,496,366,687,1155,1035,1324,1094,1159,1227.0,0.0,496.0,0.0
41.67143549195711,-72.54266240943033,252,2024,PADDOCK LA,Local,Local Intersections,252,251,74,132,348,453,399,422,443.0,0.0,252.0,0.0
41.71082574347197,-72.53878701180837,94,2024,GREENTREE DR,Local,Local Intersections,94,94,102,56,304,462,368,366,273.0,0.0,94.0,0.0
41.66806825996244,-72.58208142158713,209,2024,LEIGH GATE RD,Local,Local Intersections,209,188,390,439,614,669,617,641,649.0,0.0,209.0,0.0
41.6970677765144,-72.57382072957492,8600,2024,NEW LONDON TPK,Major Collector,Local Intersections,8600,8100,8100,8100,9800,9800,9800,8900,7720.0,0.0,8600.0,0.0
41.715098789989405,-72.5392343890532,714,2024,CHALKER HILL,Local,Local Intersections,714,800,1644,1845,1838,2324,1933,2007,2063.0,0.0,714.0,0.0
41.68966334850654,-72.5643989029177,8600,2024,NEW LONDON TPK,Major Collector,Local Intersections,8600,8100,8100,8100,9800,9800,9800,8900,5947.0,0.0,8600.0,0.0
41.71252971479006,-72.58496053905945,2938,2024,OAKWOOD DR NO 2,Local,Local Intersections,2938,2806,2419,2831,2589,4251,3177,3324,3332.0,0.0,2938.0,0.0
41.72697244904707,-72.50692262833348,300,2024,NATCHAUG DR,Local,Local Intersections,300,250,250,250,300,300,300,350,835.0,0.0,300.0,0.0
41.671655986260085,-72.52618911044402,460,2024,HIGHWOOD DR,Local,Local Intersections,460,431,460,581,888,1258,998,1066,1092.0,0.0,460.0,0.0
41.72887854617291,-72.56938074410549,428,2024,CAMBRIDGE DR,Local,Local Intersections,428,379,558,497,719,982,757,831,804.0,0.0,428.0,0.0
41.70413262832665,-72.5997814687184,1259,2024,WILLIAMS ST EAST,Local,Local Intersections,1259,1119,1767,2592,2492,3404,2716,2816,2840.0,0.0,1259.0,0.0
41.66468711849618,-72.58324175685858,2000,2024,HOPEWELL RD,Local,Local Intersections,2000,2000,2000,2000,1900,1900,1900,1900,2855.0,0.0,2000.0,0.0
41.6947137344234,-72.53577573778863,1300,2024,NEIPSIC RD,Minor Collector,Local Intersections,1300,1300,1300,1300,1200,1200,1200,1200,2383.0,0.0,1300.0,0.0
41.69519247030425,-72.53702656824362,43,2024,BRIDLE PATH LA,Local,Local Intersections,43,72,21,21,229,282,345,484,302.0,0.0,43.0,0.0
41.70975162408629,-72.53105334063552,65,2024,STANLEY DR EAST,Local,Local Intersections,65,124,131,162,299,382,317,345,267.0,0.0,65.0,0.0
41.65305427215932,-72.60249340874867,56,2024,HIGH RIDGE RD,Local,Local Intersections,56,60,30,21,337,369,284,359,181.0,0.0,56.0,0.0
41.728703142088,-72.57438586649319,428,2024,CAMBRIDGE DR,Local,Local Intersections,428,379,558,497,719,982,757,831,804.0,0.0,428.0,0.0
41.7016087155663,-72.57906704659118,168,2024,BROADLEAF CIR,Local,Local Intersections,168,166,37,38,278,451,354,305,247.0,0.0,168.0,0.0
41.69389383427507,-72.49277983644829,213,2024,KONGSCUT VALLEY TR,Local,Local Intersections,213,171,161,351,358,382,325,359,316.0,0.0,213.0,0.0
41.66761294016928,-72.58330180536905,176,2024,LEIGH GATE RD,Local,Local Intersections,176,202,343,396,590,651,617,657,670.0,0.0,176.0,0.0
41.72659172296201,-72.60003977315914,71,2024,SHELLEY LA,Local,Local Intersections,71,89,244,186,446,654,599,481,343.0,0.0,71.0,0.0
41.70344934393731,-72.6081917272299,138,2024,MEADOW RD,Local,Local Intersections,138,76,169,131,279,367,348,403,364.0,0.0,138.0,0.0
41.714627418866506,-72.53632678886953,344,2024,CHALKER HILL,Local,Local Intersections,344,377,761,778,1132,1445,1227,1273,1311.0,1497.0505806501224,1841.0505806501224,435.18912228201236
41.7016628420958,-72.59982445477065,4000,2024,HUBBARD ST,Major Collector,Local Intersections,4000,4300,4300,4300,4200,4200,4200,4000,4017.0,0.0,4000.0,0.0
41.72055165196013,-72.60750813493482,1154,2024,SPRING ST,Local,Local Intersections,1154,834,1230,1025,1446,1919,1604,1696,1749.0,0.0,1154.0,0.0
41.71242457640346,-72.60856580773492,8100,2024,HEBRON AV,Other Principal Arterial,Local Intersections,8100,5700,5700,5700,6800,6800,6800,7200,9497.0,0.0,8100.0,0.0
41.72819717772764,-72.60366047096478,6200,2024,PROSPECT ST,Minor Arterial,Local Intersections,6200,4800,4800,4800,5500,5500,5500,5400,5918.0,0.0,6200.0,0.0
41.700963691610575,-72.47152322624413,93,2024,PARTRIDGE LANDING,Local,Local Intersections,93,100,85,81,294,418,333,359,354.0,555.8348733054254,648.8348733054254,597.6719067800273
41.702901539530096,-72.58823723058191,4100,2024,NEIPSIC RD,Major Collector,Local Intersections,4100,4000,4000,4000,4700,4700,4700,3600,3683.0,0.0,4100.0,0.0
41.70895230045208,-72.53333036304315,178,2024,STANLEY DR,Local,Local Intersections,178,145,507,535,718,820,657,664,660.0,0.0,178.0,0.0
41.6993856613407,-72.57857454895087,802,2024,OLDE STAGE RD,Local,Local Intersections,802,878,2049,2391,2241,2880,2380,2462,2487.0,0.0,802.0,0.0
41.73121026762398,-72.50835258097922,442,2024,MINNECHAUG DR,Local,Local Intersections,442,337,703,708,1155,1347,1066,1113,1144.0,0.0,442.0,0.0
41.72571887779012,-72.5812747901916,3700,2024,ADDISON RD,Minor Arterial,Local Intersections,3700,3200,3200,3200,3500,3500,3500,3200,7516.0,0.0,3700.0,0.0
41.69554934529903,-72.48988458709849,505,2024,ASH SWAMP RD,Local,Local Intersections,505,570,1290,1197,1136,1253,1097,1143,1147.0,0.0,505.0,0.0
41.67863767737162,-72.58616542259038,2169,2024,COLEMAN RD,Local,Local Intersections,2169,1693,2413,3968,1357,1588,1367,1302,1238.0,0.0,2169.0,0.0
41.68666748355853,-72.5986860335515,1145,2024,BUTTONBALL LA,Local,Local Intersections,1145,1123,2963,4065,2788,3714,2856,3012,3085.0,0.0,1145.0,0.0
41.712637163730456,-72.5224608296661,250,2024,CHURCH HILL RD,Local,Local Intersections,250,161,710,296,281,348,341,359,398.0,99.27337196761002,349.27337196761005,39.70934878704401
41.677220701226105,-72.58900753551164,3300,2024,CHESTNUT HILL RD,Major Collector,Local Intersections,3300,3100,3100,3100,3100,3100,3100,3189,3553.0,0.0,3300.0,0.0
41.698294471651984,-72.49571222045505,859,2024,ASH SWAMP RD,Local,Local Intersections,859,860,1364,1553,1482,1655,1446,1527,1521.0,0.0,859.0,0.0
41.72612882449575,-72.60761256317299,120,2024,DEMING RD,Local,Local Intersections,120,169,542,369,679,1075,938,926,986.0,0.0,120.0,0.0
41.64805180562787,-72.59698431683864,280,2024,DAYTON RD,Local,Local Intersections,280,165,317,321,500,488,481,501,350.0,0.0,280.0,0.0
41.727836528294944,-72.58046842102499,5000,2024,ADDISON RD,Minor Arterial,Local Intersections,5000,4500,4500,4500,5300,5300,5300,4600,8634.0,0.0,5000.0,0.0
41.72770851216895,-72.60013855255684,145,2024,BARRY LA,Local,Local Intersections,145,101,256,132,458,668,570,579,559.0,0.0,145.0,0.0
41.69438911602008,-72.48791442324872,266,2024,DIAMOND LAKE RD,Local,Local Intersections,266,265,556,472,560,554,521,548,568.0,0.0,266.0,0.0
41.67221014743535,-72.56673024543718,871,2024,COLDBROOK RD,Local,Local Intersections,871,696,990,990,1334,1620,1378,1484,1514.0,0.0,871.0,0.0
41.6420241228772,-72.55901116236117,392,2024,CLARK HILL RD,Local,Local Intersections,392,246,824,655,896,1067,820,893,928.0,0.0,392.0,0.0
41.7092288552014,-72.59198101042405,2811,2024,COMMERCE ST,Local,Local Intersections,2811,2353,2500,2939,2712,4026,3219,3340,3391.0,0.0,2811.0,0.0
41.67621886645376,-72.59347618216184,3300,2024,CHESTNUT HILL RD,Major Collector,Local Intersections,3300,3100,3100,3100,3100,3100,3100,3189,3553.0,0.0,3300.0,0.0
41.719875139701934,-72.57846344975128,3700,2024,ADDISON RD,Minor Arterial,Local Intersections,3700,3200,3200,3200,3500,3500,3500,3200,4753.0,0.0,3700.0,0.0
41.70118911485357,-72.53217305348176,2100,2024,BROOK ST,Major Collector,Local Intersections,2100,2300,2300,2300,2000,2000,2000,2000,3228.0,0.0,2100.0,0.0
41.72446990063556,-72.55440214280915,1772,2024,BELL ST,Local,Local Intersections,1772,1412,1782,2486,2551,3395,2885,3021,3086.0,0.0,1772.0,0.0
41.69654469593062,-72.59867012592433,2338,2024,BUTTONBALL LA,Local,Local Intersections,2338,2239,4711,5609,3608,4632,3673,3851,1900.0,0.0,2338.0,0.0
41.73636768068869,-72.46334529225341,711,2024,BIRCH MOUNTAIN RD,Local,Local Intersections,711,639,784,954,1007,1160,1008,1059,1078.0,0.0,711.0,0.0
41.695085766526496,-72.58747049835833,252,2024,CARRIAGE DR,Local,Local Intersections,252,253,520,397,869,1043,862,925,906.0,0.0,252.0,0.0
41.69441735131578,-72.59208515499495,252,2024,CARRIAGE DR,Local,Local Intersections,252,253,520,397,869,1043,862,925,906.0,0.0,252.0,0.0
41.67132193591716,-72.57886339324938,173,2024,BOULDER CIR,Local,Local Intersections,173,104,232,167,193,261,210,231,189.0,0.0,173.0,0.0
41.68306060154389,-72.56821063590476,145,2024,APPLEWOOD LA,Local,Local Intersections,145,111,157,149,256,438,319,330,258.0,0.0,145.0,0.0
41.712845680563454,-72.52204653378439,146,2024,CHURCH HILL RD,Local,Local Intersections,146,113,386,158,266,376,320,298,288.0,0.0,146.0,0.0
41.72990647875342,-72.54896449356423,1281,2024,BELL ST,Local,Local Intersections,1281,1052,1427,1832,2102,2884,2456,2556,2600.0,0.0,1281.0,0.0
41.72689209920273,-72.58142512332877,4350,2024,ADDISON RD,Minor Arterial,Local Intersections,4350,3850,3850,3850,4400,4400,4400,3900,8075.0,0.0,4350.0,0.0
41.68843140132992,-72.56513483716495,355,2024,CIDER MILL RD,Local,Local Intersections,355,321,622,431,729,1134,888,900,845.0,0.0,355.0,0.0
41.68471078944897,-72.56973396175785,355,2024,CIDER MILL RD,Local,Local Intersections,355,321,622,431,729,1134,888,900,845.0,0.0,355.0,0.0
41.6499749965753,-72.60050895684444,390,2024,DAYTON RD,Local,Local Intersections,390,274,379,404,631,668,643,676,678.0,0.0,390.0,0.0
41.70882547136124,-72.55368949081438,686,2024,CANDLELIGHT DR,Local,Local Intersections,686,618,1257,1503,1517,2009,1522,1594,1607.0,0.0,686.0,0.0
41.72748362639739,-72.60008938223409,145,2024,BARRY LA,Local,Local Intersections,145,101,256,132,458,668,570,579,559.0,0.0,145.0,0.0
41.678322215371885,-72.58104196143793,3400,2024,CHESTNUT HILL RD,Major Collector,Local Intersections,3400,3100,3100,3100,3300,3300,3300,3100,3996.0,0.0,3400.0,0.0
41.71322537955308,-72.60385032785199,627,2024,CONCORD ST,Local,Local Intersections,627,420,389,417,571,783,743,753,736.0,0.0,627.0,0.0
41.68897006205415,-72.56401102721166,355,2024,CIDER MILL RD,Local,Local Intersections,355,321,622,431,729,1134,888,900,845.0,0.0,355.0,0.0
41.67724931023472,-72.57734175535971,2800,2024,CHESTNUT HILL RD,Major Collector,Local Intersections,2800,2550,2550,2550,2700,2700,2700,2550,3773.0,0.0,2800.0,0.0
41.69379792626489,-72.5984358859953,1742,2024,BUTTONBALL LA,Local,Local Intersections,1742,1681,3837,4837,3198,4173,3264,3432,2492.0,0.0,1742.0,0.0
41.695612028359285,-72.49003037768878,505,2024,ASH SWAMP RD,Local,Local Intersections,505,570,1290,1197,1136,1253,1097,1143,1147.0,0.0,505.0,0.0
41.71278170224281,-72.52188436131532,112,2024,CHURCH HILL RD,Local,Local Intersections,112,97,277,113,262,385,314,278,251.0,1004.1196958746414,1116.1196958746414,896.5354427452155
41.69396152212453,-72.5982996156834,252,2024,CARRIAGE DR,Local,Local Intersections,252,253,520,397,869,1043,862,925,906.0,0.0,252.0,0.0
41.710460400703816,-72.6046654614063,311,2024,CLINTON ST,Local,Local Intersections,311,208,357,384,598,882,757,774,780.0,0.0,311.0,0.0
41.71900196731851,-72.5771833166076,3700,2024,ADDISON RD,Minor Arterial,Local Intersections,3700,3200,3200,3200,3500,3500,3500,3200,4753.0,867.3208772944895,4567.320877294489,23.44110479174296
41.72148481692279,-72.57965105906081,3700,2024,ADDISON RD,Minor Arterial,Local Intersections,3700,3200,3200,3200,3500,3500,3500,3200,4753.0,0.0,3700.0,0.0
41.70535076367175,-72.60474730484432,163,2024,CANIONE RD,Local,Local Intersections,163,257,277,260,414,535,465,483,504.0,0.0,163.0,0.0
41.70067651248196,-72.53769299634733,2100,2024,BROOK ST,Major Collector,Local Intersections,2100,2300,2300,2300,2000,2000,2000,2000,3102.0,0.0,2100.0,0.0
41.72540728243395,-72.5522946048969,1772,2024,BELL ST,Local,Local Intersections,1772,1412,1782,2486,2551,3395,2885,3021,3086.0,0.0,1772.0,0.0
41.68379476730448,-72.59451676850219,83,2024,BROOKFIELD DR,Local,Local Intersections,83,78,21,43,433,490,383,376,378.0,0.0,83.0,0.0
41.70084300511657,-72.57380883710289,256,2024,LINCOLN DR,Local,Local Intersections,256,134,107,103,389,488,428,446,467.0,0.0,256.0,0.0
41.693031132909134,-72.51726762464106,88,2024,MOUNTAIN VIEW RD,Local,Local Intersections,88,67,23,29,278,484,321,356,335.0,0.0,88.0,0.0
41.696710728668926,-72.59699506641176,802,2024,OLDE STAGE RD,Local,Local Intersections,802,878,2049,2391,2241,2880,2380,2462,2487.0,0.0,802.0,0.0
41.72727491430773,-72.54728011837003,79,2024,LADYSLIPPER LA,Local,Local Intersections,79,128,158,136,305,503,363,349,346.0,0.0,79.0,0.0
41.70379189433157,-72.60218816155378,126,2024,WILLIAMS ST WEST,Local,Local Intersections,126,136,260,358,702,836,680,724,732.0,0.0,126.0,0.0
41.69323869025181,-72.5920960928263,724,2024,FOUNDERS RD,Local,Local Intersections,724,681,1977,2953,2572,3257,2663,2777,2853.0,0.0,724.0,0.0
41.67105357307525,-72.52958686960582,67,2024,LIBERTY DR,Local,Local Intersections,67,70,147,85,274,317,286,309,311.0,0.0,67.0,0.0
41.73221272050993,-72.52119902293171,197,2024,FAIRWAY CROSSING,Local,Local Intersections,197,200,442,370,751,912,751,827,827.0,0.0,197.0,0.0
41.71255582392998,-72.60872790341993,6800,2024,MAIN ST,Minor Arterial,Local Intersections,6800,5700,5700,5700,5700,5700,5700,5900,10362.0,0.0,6800.0,0.0
41.70249822325467,-72.51617083467097,972,2024,WEIR ST,Local,Local Intersections,972,1014,1284,1740,1608,1907,1623,1712,1702.0,0.0,972.0,0.0
41.7205066778755,-72.51336244369998,451,2024,WOODHAVEN RD,Local,Local Intersections,451,297,770,781,1180,1577,1273,1341,1370.0,0.0,451.0,0.0
41.70050937989698,-72.58072419055999,972,2024,BIDWELL ST,Local,Local Intersections,972,809,1560,3893,2488,3112,2526,2631,2732.0,0.0,972.0,0.0
41.706914319701774,-72.59283503315672,11100,2024,OAK ST,Major Collector,Local Intersections,11100,10800,10800,10800,13200,13200,13200,11500,8370.0,0.0,11100.0,0.0
41.6997208598572,-72.58407925955989,274,2024,BRITTANY RD,Local,Local Intersections,274,97,657,549,800,1225,763,807,824.0,0.0,274.0,0.0
41.68788587382945,-72.59820259892227,1145,2024,BUTTONBALL LA,Local,Local Intersections,1145,1123,2963,4065,2788,3714,2856,3012,3085.0,0.0,1145.0,0.0
41.692744819010095,-72.51898535248017,527,2024,THOMPSON ST,Local,Local Intersections,527,528,480,1813,861,1202,953,1003,1033.0,0.0,527.0,0.0
41.730400719452696,-72.5713172705282,423,2024,DUCK POND RD,Local,Local Intersections,423,504,692,999,938,1032,717,753,695.0,0.0,423.0,0.0
41.67177254309028,-72.58931997887541,128,2024,FALLVIEW DR,Local,Local Intersections,128,97,476,552,645,901,722,731,745.0,0.0,128.0,0.0
41.709323128482666,-72.59206557038019,11100,2024,OAK ST,Major Collector,Local Intersections,11100,10800,10800,10800,13200,13200,13200,11500,8370.0,0.0,11100.0,0.0
41.68455917983968,-72.5967106848403,192,2024,STANCLIFF RD,Local,Local Intersections,192,175,610,753,912,1197,923,964,987.0,0.0,192.0,0.0
41.706145529167934,-72.53047144892876,97,2024,GREY ROCKS CT,Local,Local Intersections,97,69,184,110,307,374,346,383,377.0,0.0,97.0,0.0
41.67629756208244,-72.57099273978191,76,2024,PENNYWISE LA,Local,Local Intersections,76,73,126,223,450,504,403,472,376.0,0.0,76.0,0.0
41.72613438194798,-72.60479188762605,98,2024,WYLLYS ST,Local,Local Intersections,98,100,534,403,677,1048,794,824,834.0,0.0,98.0,0.0
41.70940527855941,-72.60614788664729,455,2024,RIPLEY RD,Local,Local Intersections,455,348,541,613,1073,1439,1258,1292,1292.0,0.0,455.0,0.0
41.726049789159184,-72.60315024392844,6200,2024,PROSPECT ST,Minor Arterial,Local Intersections,6200,4800,4800,4800,5500,5500,5500,5400,5918.0,0.0,6200.0,0.0
41.7097692529385,-72.60377500715043,455,2024,RIPLEY RD,Local,Local Intersections,455,348,541,613,1073,1439,1258,1292,1292.0,0.0,455.0,0.0
41.67351380940258,-72.57925848195299,85,2024,LEDGEWOOD DR,Local,Local Intersections,85,73,137,113,308,331,379,481,255.0,0.0,85.0,0.0
41.72836935537259,-72.59435131464078,204,2024,LANCASTER RD,Local,Local Intersections,204,165,778,667,1213,1748,1527,1587,1612.0,0.0,204.0,0.0
41.684281107172446,-72.58340624837912,127,2024,MOSELEY TER,Local,Local Intersections,127,152,354,374,701,896,661,717,730.0,0.0,127.0,0.0
41.6811747416625,-72.53340933156312,645,2024,CHIMNEYSWEEP HILL RD,Local,Local Intersections,645,639,482,440,685,1040,832,877,895.0,0.0,645.0,0.0
41.72780052431994,-72.5805012766196,5000,2024,ADDISON RD,Minor Arterial,Local Intersections,5000,4500,4500,4500,5300,5300,5300,4600,8634.0,0.0,5000.0,0.0
41.719311577594006,-72.55655998736773,1772,2024,BELL ST,Local,Local Intersections,1772,1412,1782,2486,2551,3395,2885,3021,3086.0,0.0,1772.0,0.0
41.70199626963601,-72.58241247679412,288,2024,MARK DR,Local,Local Intersections,288,171,63,97,300,446,383,407,259.0,0.0,288.0,0.0
41.704010746187365,-72.56483107775958,6200,2024,NEIPSIC RD,Major Collector,Local Intersections,6200,5900,5900,5900,6600,6600,6600,5900,5323.0,0.0,6200.0,0.0
41.68141541330654,-72.58474032696303,127,2024,MOSELEY TER,Local,Local Intersections,127,152,354,374,701,896,661,717,730.0,0.0,127.0,0.0
41.724700607334256,-72.59822200665691,8200,2024,GRISWOLD ST,Minor Arterial,Local Intersections,8200,6300,6300,6300,8800,8800,8800,7068,8398.0,0.0,8200.0,0.0
41.66278956703058,-72.54075876114082,766,2024,COUNTRY CLUB RD NO 2,Local,Local Intersections,766,603,658,832,1003,1271,1154,1232,1251.0,0.0,766.0,0.0
41.70924252957635,-72.55627368008253,57,2024,JOHNNY CAKE LA,Local,Local Intersections,57,75,38,82,338,388,385,401,470.0,0.0,57.0,0.0
41.6777155311645,-72.51725571486762,527,2024,THOMPSON ST,Local,Local Intersections,527,528,480,1813,861,1202,953,1003,1033.0,0.0,527.0,0.0
41.72629163463716,-72.59091611357314,8200,2024,GRISWOLD ST,Minor Arterial,Local Intersections,8200,6300,6300,6300,8800,8800,8800,7068,8398.0,0.0,8200.0,0.0
41.692016361107086,-72.4948015233821,162,2024,JONATHAN TR NO 1,Local,Local Intersections,162,155,81,81,270,416,254,278,277.0,0.0,162.0,0.0
41.691917231552914,-72.59380915083948,152,2024,RANDOLPH DR,Local,Local Intersections,152,145,323,254,509,592,456,478,484.0,0.0,152.0,0.0
41.72601544870824,-72.58717619570999,6500,2024,GRISWOLD ST,Minor Arterial,Local Intersections,6500,5700,5700,5700,7300,7300,7300,6000,6214.0,0.0,6500.0,0.0
41.69103094010718,-72.59172866638343,196,2024,ROBIN RD,Local,Local Intersections,196,156,330,267,598,671,598,619,627.0,0.0,196.0,0.0
41.69614205038738,-72.6033235719121,159,2024,MORGAN DR,Local,Local Intersections,159,232,646,696,836,1064,941,850,798.0,0.0,159.0,0.0
41.68311711063026,-72.58682605927406,1323,2024,OVERLOOK RD,Local,Local Intersections,1323,1186,1380,2058,2276,2904,2407,2554,2609.0,0.0,1323.0,0.0
41.6924595130671,-72.57835395043041,243,2024,RAMPART DR,Local,Local Intersections,243,197,482,639,874,1167,962,994,1022.0,0.0,243.0,0.0
41.6776704179073,-72.58545322642718,3300,2024,CHESTNUT HILL RD,Major Collector,Local Intersections,3300,3100,3100,3100,3100,3100,3100,3189,3553.0,0.0,3300.0,0.0
41.68986827777202,-72.58023372452124,550,2024,TALL TIMBERS RD,Local,Local Intersections,550,525,525,525,500,500,500,475,1710.0,0.0,550.0,0.0
41.68134366218689,-72.59483627536875,112,2024,RIDGEWOOD RD,Local,Local Intersections,112,88,145,53,271,447,350,388,404.0,0.0,112.0,0.0
41.70968450209229,-72.56712870892294,115,2024,WARNER CT,Local,Local Intersections,115,89,202,123,289,376,325,347,271.0,0.0,115.0,0.0
41.70499137850589,-72.56516905484635,358,2024,OAKWOOD DR NO 1,Local,Local Intersections,358,239,358,332,712,863,713,746,690.0,0.0,358.0,0.0
41.6719679350101,-72.58639043874537,128,2024,FALLVIEW DR,Local,Local Intersections,128,97,476,552,645,901,722,731,745.0,0.0,128.0,0.0
41.73092420041411,-72.56571142028595,2400,2024,GREAT SWAMP RD,Major Collector,Local Intersections,2400,2100,2100,2100,2500,2500,2500,2500,3040.0,0.0,2400.0,0.0
41.69182639286197,-72.60229521588002,68,2024,DIBELLA LA,Local,Local Intersections,68,74,33,57,281,410,327,338,360.0,0.0,68.0,0.0
41.6772200020753,-72.57752746681348,1506,2024,SUNSET DR,Local,Local Intersections,1506,960,1499,1707,1963,2939,2294,2436,2444.0,0.0,1506.0,0.0
41.681645002098975,-72.58460203838281,127,2024,MOSELEY TER,Local,Local Intersections,127,152,354,374,701,896,661,717,730.0,0.0,127.0,0.0
41.72658779739496,-72.54517355120112,56,2024,CARDINAL DR,Local,Local Intersections,56,55,230,170,405,300,315,323,182.0,0.0,56.0,0.0
41.7228952347489,-72.54889825454066,97,2024,SHAGBARK RD,Local,Local Intersections,97,93,493,325,424,700,583,606,613.0,0.0,97.0,0.0
41.71334598893993,-72.57055543052114,298,2024,ORCHARD ST,Local,Local Intersections,298,244,744,681,848,1159,897,957,961.0,0.0,298.0,0.0
41.70863907843899,-72.52159824180255,1233,2024,WEIR ST,Local,Local Intersections,1233,1271,1351,1910,1923,2304,1952,2046,2045.0,512.8314764873166,1745.8314764873166,41.59217165347256
41.72663942439832,-72.59970311851596,71,2024,SHELLEY LA,Local,Local Intersections,71,89,244,186,446,654,599,481,343.0,0.0,71.0,0.0
41.68776642628743,-72.56200379777492,8600,2024,NEW LONDON TPK,Major Collector,Local Intersections,8600,8100,8100,8100,9800,9800,9800,8900,4934.0,0.0,8600.0,0.0
41.73145258462515,-72.58561166725238,922,2024,LEXINGTON RD,Local,Local Intersections,922,838,1138,1261,1676,2217,1905,1952,2001.0,0.0,922.0,0.0
41.70923272590217,-72.5920881709852,11100,2024,OAK ST,Major Collector,Local Intersections,11100,10800,10800,10800,13200,13200,13200,11500,8370.0,0.0,11100.0,0.0
41.65143437015937,-72.57147410150978,883,2024,MATSON HILL RD,Local,Local Intersections,883,579,1321,1771,1617,1775,1474,1550,1618.0,0.0,883.0,0.0
41.67149348895228,-72.5429069769493,296,2024,HOMESTEAD DR,Local,Local Intersections,296,298,245,250,514,730,524,522,578.0,0.0,296.0,0.0
41.70188029953666,-72.57412196922932,76,2024,QUINCEY RD,Local,Local Intersections,76,86,67,97,338,353,314,329,323.0,0.0,76.0,0.0
41.727224625828455,-72.5359126185913,54,2024,OLD RESERVOIR RD,Local,Local Intersections,54,72,254,87,324,361,351,366,367.0,0.0,54.0,0.0
41.726866800445954,-72.60322905459775,204,2024,LANCASTER RD,Local,Local Intersections,204,165,778,667,1213,1748,1527,1587,1612.0,0.0,204.0,0.0
41.73168448263315,-72.56399908774809,61,2024,SKYVIEW DR,Local,Local Intersections,61,87,264,203,449,607,484,532,532.0,0.0,61.0,0.0
41.72167882653812,-72.55589798384615,352,2024,BELLE WOODS DR,Local,Local Intersections,352,286,718,657,1088,1394,1204,1262,1296.0,0.0,352.0,0.0
41.69102090351409,-72.52659973711886,939,2024,FOREST LA,Local,Local Intersections,939,871,1741,2847,2059,2606,2184,2331,2360.0,0.0,939.0,0.0
41.68879271445307,-72.531678137226,1190,2024,FOREST LA,Local,Local Intersections,1190,986,2289,1434,2166,2830,2388,2536,2578.0,0.0,1190.0,0.0
41.65867772730387,-72.59312005178519,799,2024,FOOTE RD,Local,Local Intersections,799,687,1173,2007,1615,1735,1508,1602,1645.0,0.0,799.0,0.0
41.66784713052965,-72.59875565009892,2000,2024,HOPEWELL RD,Local,Local Intersections,2000,2000,2000,2000,1900,1900,1900,1900,3574.0,0.0,2000.0,0.0
41.72699950439386,-72.5918606297339,8200,2024,GRISWOLD ST,Minor Arterial,Local Intersections,8200,6300,6300,6300,8800,8800,8800,7068,8398.0,0.0,8200.0,0.0
41.701486551148896,-72.60176628097771,186,2024,MAPLE ST,Local,Local Intersections,186,210,569,729,1113,1360,1110,1177,1202.0,0.0,186.0,0.0
41.700547817687294,-72.54320199953409,3200,2024,NEIPSIC RD,Major Collector,Local Intersections,3200,2900,2900,2900,2900,2900,2900,3100,3833.0,0.0,3200.0,0.0
41.71690642578621,-72.5931947424935,702,2024,WINDING BROOK DR,Local,Local Intersections,702,540,785,814,2092,3578,2964,2849,1491.0,0.0,702.0,0.0
41.65744917400571,-72.59042465663137,799,2024,FOOTE RD,Local,Local Intersections,799,687,1173,2007,1615,1735,1508,1602,1645.0,0.0,799.0,0.0
41.67275786521488,-72.5667712827369,1254,2024,WOODLAND ST,Local,Local Intersections,1254,821,1586,2103,2426,2962,2484,2600,2706.0,0.0,1254.0,0.0
41.67438619760912,-72.5702811196749,192,2024,FOX DEN RD,Local,Local Intersections,192,137,178,369,554,650,530,566,504.0,0.0,192.0,0.0
41.69362381999354,-72.60579591124946,262,2024,TALCOTT RD,Local,Local Intersections,262,151,133,229,496,513,467,506,498.0,0.0,262.0,0.0
41.68441113466325,-72.59671399467062,192,2024,STANCLIFF RD,Local,Local Intersections,192,175,610,753,912,1197,923,964,987.0,0.0,192.0,0.0
41.69044577168624,-72.55238766749336,77,2024,KINNE RD,Local,Local Intersections,77,90,597,491,1207,1828,1454,1534,1570.0,0.0,77.0,0.0
41.73129613660953,-72.58021755046123,412,2024,BARRINGTON WAY,Local,Local Intersections,412,515,924,672,1375,1842,1641,1694,1723.0,0.0,412.0,0.0
41.65063978420283,-72.57709902312246,1217,2024,MATSON HILL RD,Local,Local Intersections,1217,816,1356,2066,1961,2180,1818,1964,2038.0,0.0,1217.0,0.0
41.72015509367261,-72.61435548102236,6800,2024,MAIN ST,Minor Arterial,Local Intersections,6800,5700,5700,5700,5700,5700,5700,5900,19090.0,0.0,6800.0,0.0
41.65750437961655,-72.5905079078551,799,2024,FOOTE RD,Local,Local Intersections,799,687,1173,2007,1615,1735,1508,1602,1645.0,0.0,799.0,0.0
41.713524006218286,-72.570708226937,95,2024,CAVAN LA,Local,Local Intersections,95,89,622,375,456,629,555,564,549.0,0.0,95.0,0.0
41.680773857531136,-72.54882903142233,3400,2024,QUARRY RD,Major Collector,Local Intersections,3400,3300,3300,3300,3300,3300,3300,4000,3870.0,0.0,3400.0,0.0
41.65726421006555,-72.5823286372468,799,2024,FOOTE RD,Local,Local Intersections,799,687,1173,2007,1615,1735,1508,1602,1645.0,0.0,799.0,0.0
41.70434274566348,-72.57993200415028,4100,2024,NEIPSIC RD,Major Collector,Local Intersections,4100,4000,4000,4000,4700,4700,4700,3600,3943.0,0.0,4100.0,0.0
41.6926169298793,-72.49181276373335,213,2024,KONGSCUT VALLEY TR,Local,Local Intersections,213,171,161,351,358,382,325,359,316.0,0.0,213.0,0.0
41.692744819010095,-72.51898535248017,766,2024,GOODALE HILL RD,Local,Local Intersections,766,582,928,3008,1094,1412,1070,1150,1158.0,0.0,766.0,0.0
41.68667288665021,-72.5167888251959,273,2024,EASTBURY HILL RD,Local,Local Intersections,273,162,204,4520,455,640,502,529,527.0,0.0,273.0,0.0
41.73061503308984,-72.58521321962834,412,2024,BARRINGTON WAY,Local,Local Intersections,412,515,924,672,1375,1842,1641,1694,1723.0,0.0,412.0,0.0
41.70316208057599,-72.61046935298783,138,2024,MEADOW RD,Local,Local Intersections,138,76,169,131,279,367,348,403,364.0,0.0,138.0,0.0
41.73249144897868,-72.56756022664865,114,2024,OPAL DR,Local,Local Intersections,114,126,247,237,480,583,454,496,464.0,0.0,114.0,0.0
41.675041735728016,-72.5840259097673,42,2024,REVERE LA,Local,Local Intersections,42,66,32,39,473,329,180,166,21.0,0.0,42.0,0.0
41.64849584160892,-72.56111479282865,439,2024,ACCORNERO LA,Local,Local Intersections,439,208,162,184,320,428,352,372,198.0,0.0,439.0,0.0
41.716753753960994,-72.61630309753089,184,2024,PARKER TER,Local,Local Intersections,184,142,70,78,329,502,380,407,390.0,0.0,184.0,0.0
41.69207936968736,-72.59369609134235,196,2024,ROBIN RD,Local,Local Intersections,196,156,330,267,598,671,598,619,627.0,0.0,196.0,0.0
41.66693982899669,-72.5351844635859,54,2024,COLDSPRING CROSSING,Local,Local Intersections,54,93,175,204,498,821,557,593,601.0,0.0,54.0,0.0
41.72304821544925,-72.53183231315857,2700,2024,HOWE RD,Major Collector,Local Intersections,2700,3000,3000,3000,3000,3000,3000,2800,3161.0,0.0,2700.0,0.0
41.6869713230594,-72.6043887045377,6800,2024,MAIN ST,Minor Arterial,Local Intersections,6800,5700,5700,5700,5700,5700,5700,5900,5610.0,0.0,6800.0,0.0
41.66761294016928,-72.58330180536905,224,2024,HEATHER GLEN RD,Local,Local Intersections,224,121,421,548,665,765,707,722,764.0,0.0,224.0,0.0
41.652237094821984,-72.57888149268946,1551,2024,MATSON HILL RD,Local,Local Intersections,1551,1052,1390,2360,2305,2585,2163,2378,2458.0,0.0,1551.0,0.0
41.687706828494655,-72.56181861478014,165,2024,RUSSET RD,Local,Local Intersections,165,120,353,251,372,568,473,465,477.0,0.0,165.0,0.0
41.69305937287916,-72.59392757034684,196,2024,ROBIN RD,Local,Local Intersections,196,156,330,267,598,671,598,619,627.0,0.0,196.0,0.0
41.70561568223238,-72.4675524866779,42,2024,SUNRISE DR,Local,Local Intersections,42,55,168,126,280,338,254,233,314.0,17.489391137926322,59.48939113792632,41.64140747125315
41.70887940563351,-72.55839843090949,2400,2024,WICKHAM RD NO 1,Minor Collector,Local Intersections,2400,2200,2200,2200,2000,2000,2000,2000,3458.0,0.0,2400.0,0.0
41.66654322364811,-72.58863157798456,393,2024,SOUTH POND RD,Local,Local Intersections,393,358,546,1041,1313,1776,1381,1471,1521.0,0.0,393.0,0.0
41.71682674292843,-72.61633275477968,128,2024,PARKER TER EXT,Local,Local Intersections,128,105,91,82,410,477,326,333,176.0,0.0,128.0,0.0
41.70649392607783,-72.54638052007247,101,2024,JUNIPER LA,Local,Local Intersections,101,131,129,291,341,395,418,412,380.0,0.0,101.0,0.0
41.733223567546496,-72.56050808479309,155,2024,EAST OPAL DR,Local,Local Intersections,155,108,497,432,605,982,693,759,734.0,0.0,155.0,0.0
41.70054321185378,-72.54323990254085,3200,2024,NEIPSIC RD,Major Collector,Local Intersections,3200,2900,2900,2900,2900,2900,2900,3100,3833.0,0.0,3200.0,0.0
41.7012951996777,-72.58412439338582,274,2024,BRITTANY RD,Local,Local Intersections,274,97,657,549,800,1225,763,807,824.0,0.0,274.0,0.0
41.72051934687192,-72.60767212742348,1154,2024,SPRING ST,Local,Local Intersections,1154,834,1230,1025,1446,1919,1604,1696,1749.0,0.0,1154.0,0.0
41.66712158412909,-72.53158909120958,366,2024,TOLL GATE RD,Local,Local Intersections,366,326,239,509,882,1055,923,969,1005.0,0.0,366.0,0.0
41.66495079607825,-72.59433457160118,103,2024,HAMPTON CT,Local,Local Intersections,103,128,155,344,310,525,290,118,21.0,0.0,103.0,0.0
41.708636702494566,-72.60138050354198,10900,2024,NEW LONDON TPK,Major Collector,Local Intersections,10900,9300,9300,9300,12100,12100,12100,10800,8993.0,0.0,10900.0,0.0
41.67879439717275,-72.51706798048187,110,2024,GRANDVIEW DR,Local,Local Intersections,110,108,148,153,357,553,428,442,440.0,0.0,110.0,0.0
41.7319934233044,-72.57164731010366,423,2024,DUCK POND RD,Local,Local Intersections,423,504,692,999,938,1032,717,753,695.0,0.0,423.0,0.0
41.67301442368615,-72.57544743250293,186,2024,SHIPMAN DR,Local,Local Intersections,186,120,144,66,342,500,366,385,294.0,0.0,186.0,0.0
41.70977366797556,-72.56702314975563,358,2024,OAKWOOD DR NO 1,Local,Local Intersections,358,239,358,332,712,863,713,746,690.0,0.0,358.0,0.0
41.71989579093852,-72.61569317692921,162,2024,PEARL ST,Local,Local Intersections,162,90,543,91,307,526,489,518,459.0,0.0,162.0,0.0
41.67577642743475,-72.584228082609,527,2024,OLDE WOOD RD,Local,Local Intersections,527,475,1657,2240,1449,1807,1461,1511,1466.0,0.0,527.0,0.0
41.72699727903261,-72.60500392169183,130,2024,WYLLYS ST,Local,Local Intersections,130,114,975,723,971,1432,1127,1146,1239.0,0.0,130.0,0.0
41.72875578506064,-72.56585606275154,355,2024,WESLEYAN RD,Local,Local Intersections,355,332,316,253,507,641,567,658,586.0,0.0,355.0,0.0
41.691926663940606,-72.58512546798414,85,2024,OLD MUSKET RD,Local,Local Intersections,85,89,89,85,399,449,404,458,412.0,0.0,85.0,0.0
41.68282327747203,-72.59731359402728,2632,2024,OVERLOOK RD,Local,Local Intersections,2632,2363,2220,3417,3141,3982,3302,3508,3601.0,0.0,2632.0,0.0
41.67714551567612,-72.58920551272004,53,2024,LENTI TER,Local,Local Intersections,53,72,177,54,255,348,323,343,263.0,0.0,53.0,0.0
41.68557977799491,-72.51952116990977,73,2024,NEWGATE DR,Local,Local Intersections,73,76,111,65,195,350,294,312,164.0,0.0,73.0,0.0
41.729637366901656,-72.57462049574718,428,2024,CAMBRIDGE DR,Local,Local Intersections,428,379,558,497,719,982,757,831,804.0,0.0,428.0,0.0
41.72224149135115,-72.61444047350896,13200,2024,GRISWOLD ST,Minor Arterial,Local Intersections,13200,10400,10400,10400,12600,12600,12600,10700,11495.0,0.0,13200.0,0.0
41.65884885272851,-72.56183431557807,1157,2024,WOODLAND ST,Local,Local Intersections,1157,780,1426,1950,2284,2766,2312,2416,2518.0,0.0,1157.0,0.0
41.66768990087782,-72.5831104849609,176,2024,LEIGH GATE RD,Local,Local Intersections,176,202,343,396,590,651,617,657,670.0,0.0,176.0,0.0
41.69193584603831,-72.59366122362185,196,2024,ROBIN RD,Local,Local Intersections,196,156,330,267,598,671,598,619,627.0,0.0,196.0,0.0
41.68624369138553,-72.58768184389473,723,2024,FOUNDERS RD,Local,Local Intersections,723,742,1522,2387,2535,3049,2624,2726,2786.0,0.0,723.0,0.0
41.65763759115266,-72.59318836482863,110,2024,GRINDLE BROOK RD,Local,Local Intersections,110,76,298,162,321,444,367,378,301.0,0.0,110.0,0.0
41.65156626035768,-72.60773768113663,146,2024,BACK LAND RD,Local,Local Intersections,146,126,249,339,562,601,588,619,640.0,0.0,146.0,0.0
41.6826194551304,-72.59662914109879,2632,2024,OVERLOOK RD,Local,Local Intersections,2632,2363,2220,3417,3141,3982,3302,3508,3601.0,0.0,2632.0,0.0
41.73141395441538,-72.58044483087238,313,2024,URBANEC RD,Local,Local Intersections,313,299,693,436,872,1212,1012,1038,1071.0,0.0,313.0,0.0
41.644683160825295,-72.56009287839689,79,2024,CRYSTAL RIDGE DR,Local,Local Intersections,79,76,584,375,590,825,635,676,699.0,0.0,79.0,0.0
41.701024580681874,-72.60393160744793,80,2024,GREEN CEMETERY RD,Local,Local Intersections,80,77,92,126,356,444,361,374,379.0,0.0,80.0,0.0
41.69625055005411,-72.52122929559266,846,2024,WEIR ST,Local,Local Intersections,846,867,1462,2870,1656,1946,1614,1708,1713.0,0.0,846.0,0.0
41.67183374662482,-72.52079455133283,527,2024,THOMPSON ST,Local,Local Intersections,527,528,480,1813,861,1202,953,1003,1033.0,0.0,527.0,0.0
41.67223518648043,-72.56819900340923,2000,2024,HOPEWELL RD,Local,Local Intersections,2000,2000,2000,2000,1900,1900,1900,1900,2855.0,0.0,2000.0,0.0
41.73195344614019,-72.56050208754083,2400,2024,GREAT SWAMP RD,Local,Local Intersections,2400,2100,2100,2100,2500,2500,2500,2500,2282.0,0.0,2400.0,0.0
41.690277900728894,-72.60656837832607,6800,2024,MAIN ST,Minor Arterial,Local Intersections,6800,5700,5700,5700,5700,5700,5700,5900,6172.0,0.0,6800.0,0.0
41.72230664495938,-72.53756798321747,7200,2024,KEENEY ST,Minor Arterial,Local Intersections,7200,6900,6900,6900,7600,7600,7600,6900,5726.0,0.0,7200.0,0.0
41.70907451118942,-72.60230351476625,10900,2024,NEW LONDON TPK,Major Collector,Local Intersections,10900,9300,9300,9300,12100,12100,12100,10800,8993.0,0.0,10900.0,0.0
41.731089880078855,-72.56483361882673,2400,2024,GREAT SWAMP RD,Local,Local Intersections,2400,2100,2100,2100,2500,2500,2500,2500,2282.0,0.0,2400.0,0.0
41.70913760570194,-72.56871385040097,115,2024,WARNER CT,Local,Local Intersections,115,89,202,123,289,376,325,347,271.0,0.0,115.0,0.0
41.68355314122028,-72.53387027958576,630,2024,EASTBURY HILL RD,Local,Local Intersections,630,417,715,4983,1252,1724,1452,1504,1497.0,0.0,630.0,0.0
41.70177287362337,-72.5998842918901,1947,2024,WILLIEB ST,Local,Local Intersections,1947,1859,2727,3301,2949,3984,3158,3264,3297.0,0.0,1947.0,0.0
41.72605713210698,-72.60746801768097,178,2024,RISLEY RD,Local,Local Intersections,178,172,566,477,942,1321,1176,1221,1289.0,0.0,178.0,0.0
41.70341517482285,-72.57635857341549,4100,2024,NEIPSIC RD,Major Collector,Local Intersections,4100,4000,4000,4000,4700,4700,4700,3600,3943.0,0.0,4100.0,0.0
41.72933263379622,-72.57761015263178,2400,2024,GREAT SWAMP RD,Major Collector,Local Intersections,2400,2100,2100,2100,2500,2500,2500,2500,4187.0,0.0,2400.0,0.0
41.70137175653834,-72.60194588838176,4000,2024,HUBBARD ST,Major Collector,Local Intersections,4000,4300,4300,4300,4200,4200,4200,4000,4017.0,0.0,4000.0,0.0
41.66878915192145,-72.59563949393285,654,2024,LAKEWOOD RD,Local,Local Intersections,654,503,725,755,912,1194,665,283,21.0,0.0,654.0,0.0
41.70786943591127,-72.46511804090096,63,2024,HORIZON LA,Local,Local Intersections,63,87,84,82,279,418,350,370,372.0,0.0,63.0,0.0
41.71546945962664,-72.59143526830648,219,2024,CITIZENS DR,Local,Local Intersections,219,213,292,247,988,1673,1580,1696,1629.0,0.0,219.0,0.0
41.71635447358808,-72.61180410672387,6800,2024,MAIN ST,Minor Arterial,Local Intersections,6800,5700,5700,5700,5700,5700,5700,5900,17386.0,0.0,6800.0,0.0
41.72654609206221,-72.54501814137244,56,2024,CARDINAL DR,Local,Local Intersections,56,55,230,170,405,300,315,323,182.0,0.0,56.0,0.0
41.66700083744133,-72.53151205694284,366,2024,TOLL GATE RD,Local,Local Intersections,366,326,239,509,882,1055,923,969,1005.0,0.0,366.0,0.0
41.66494067649228,-72.52721991123711,527,2024,THOMPSON ST,Local,Local Intersections,527,528,480,1813,861,1202,953,1003,1033.0,0.0,527.0,0.0
41.72991364872991,-72.56582406060318,355,2024,WESLEYAN RD,Local,Local Intersections,355,332,316,253,507,641,567,658,586.0,0.0,355.0,0.0
41.67109849380393,-72.52971976456861,62,2024,SUMMIT CREST DR,Local,Local Intersections,62,158,308,313,521,725,619,656,598.0,0.0,62.0,0.0
41.71896198714065,-72.57723168852077,311,2024,MILL ST,Local,Local Intersections,311,175,480,403,473,727,618,640,653.0,884.9278757725032,1195.9278757725033,284.54272532877917
41.707268753823314,-72.46954607551133,200,2024,FERN ST,Local,Local Intersections,200,125,285,427,571,723,611,653,659.0,0.0,200.0,0.0
41.685318889041774,-72.52084888920204,273,2024,EASTBURY HILL RD,Local,Local Intersections,273,162,204,4520,455,640,502,529,527.0,0.0,273.0,0.0
41.666197573553205,-72.58267401703372,224,2024,HEATHER GLEN RD,Local,Local Intersections,224,121,421,548,665,765,707,722,764.0,0.0,224.0,0.0
41.71905946634262,-72.60178356150472,135,2024,NYE RD,Local,Local Intersections,135,192,485,318,649,939,752,396,21.0,0.0,135.0,0.0
41.65818761553851,-72.53836878805221,897,2024,MOTT HILL RD,Local,Local Intersections,897,894,1197,1545,1746,2106,1767,1835,1860.0,0.0,897.0,0.0
41.70181259665332,-72.57900227120972,972,2024,BIDWELL ST,Local,Local Intersections,972,809,1560,3893,2488,3112,2526,2631,2732.0,0.0,972.0,0.0
41.66865614987217,-72.5236000188347,527,2024,THOMPSON ST,Local,Local Intersections,527,528,480,1813,861,1202,953,1003,1033.0,0.0,527.0,0.0
41.70583876873832,-72.5678675136061,64,2024,FAIRLAWN RD,Local,Local Intersections,64,67,32,60,276,368,322,312,228.0,0.0,64.0,0.0
41.72214346968837,-72.61474171055123,12900,2024,GLASTONBURY BLVD,Minor Arterial,Local Intersections,12900,11400,11400,11400,13400,13400,13400,13900,14163.0,0.0,12900.0,0.0
41.72884193816809,-72.60381289216771,115,2024,MADISON RD,Local,Local Intersections,115,111,469,231,525,814,679,696,742.0,0.0,115.0,0.0
41.71132671577152,-72.5916079227003,11100,2024,OAK ST,Major Collector,Local Intersections,11100,10800,10800,10800,13200,13200,13200,11500,8370.0,0.0,11100.0,0.0
41.73025582985528,-72.57127952804322,2400,2024,GREAT SWAMP RD,Major Collector,Local Intersections,2400,2100,2100,2100,2500,2500,2500,2500,3797.0,0.0,2400.0,0.0
41.700344990040776,-72.5840539258784,98,2024,COURTNEY CIR,Local,Local Intersections,98,32,69,29,399,358,304,334,329.0,0.0,98.0,0.0
41.72186044112874,-72.51376832671733,86,2024,TIMROD TR,Local,Local Intersections,86,83,299,218,544,782,619,663,663.0,0.0,86.0,0.0
41.69955913829019,-72.57865062919821,8600,2024,NEW LONDON TPK,Major Collector,Local Intersections,8600,8100,8100,8100,9800,9800,9800,8900,9163.0,0.0,8600.0,0.0
41.7005911903441,-72.53775527155214,2250,2024,NEIPSIC RD,Major Collector,Local Intersections,2250,2100,2100,2100,2050,2050,2050,2150,3108.0,0.0,2250.0,0.0
41.727382558835615,-72.53677666165153,54,2024,OLD RESERVOIR RD,Local,Local Intersections,54,72,254,87,324,361,351,366,367.0,0.0,54.0,0.0
41.698056167493775,-72.58646179874826,802,2024,OLDE STAGE RD,Local,Local Intersections,802,878,2049,2391,2241,2880,2380,2462,2487.0,0.0,802.0,0.0
41.73084272635668,-72.57312722234687,67,2024,COLTSFOOT CIR,Local,Local Intersections,67,132,226,117,386,462,438,434,406.0,0.0,67.0,0.0
41.67534185949719,-72.60535537332656,179,2024,RIVERVIEW RD,Local,Local Intersections,179,141,116,106,401,424,375,409,419.0,0.0,179.0,0.0
41.702140475529895,-72.47635380005775,93,2024,PARTRIDGE LANDING,Local,Local Intersections,93,100,85,81,294,418,333,359,354.0,0.0,93.0,0.0
41.662857917780514,-72.5405969967414,1436,2024,COUNTRY CLUB RD NO 2,Local,Local Intersections,1436,1302,1455,1624,1678,2142,1854,1965,1995.0,0.0,1436.0,0.0
41.72909334463099,-72.5692136306071,428,2024,CAMBRIDGE DR,Local,Local Intersections,428,379,558,497,719,982,757,831,804.0,0.0,428.0,0.0
41.64868242261255,-72.61864400000769,195,2024,BLUFF POINT RD,Local,Local Intersections,195,130,224,259,615,823,661,648,730.0,0.0,195.0,0.0
41.68777690753765,-72.56173459341285,83,2024,KINNE RD,Local,Local Intersections,83,96,650,532,1263,1948,1531,1608,1647.0,0.0,83.0,0.0
41.71359041354518,-72.60965835536032,3218,2024,WELLES ST,Local,Local Intersections,3218,2831,2921,3905,3154,4110,3407,3547,3632.0,0.0,3218.0,0.0
41.732191643153406,-72.5657687351876,114,2024,OPAL DR,Local,Local Intersections,114,126,247,237,480,583,454,496,464.0,0.0,114.0,0.0
41.67773205537449,-72.59219513143393,65,2024,NORTHVIEW DR,Local,Local Intersections,65,96,399,249,381,419,264,116,102.0,0.0,65.0,0.0
41.70077776511332,-72.47407806203019,93,2024,PARTRIDGE LANDING,Local,Local Intersections,93,100,85,81,294,418,333,359,354.0,0.0,93.0,0.0
41.72602155502318,-72.60314339606322,6200,2024,PROSPECT ST,Minor Arterial,Local Intersections,6200,4800,4800,4800,5500,5500,5500,5400,5918.0,0.0,6200.0,0.0
41.70797447773344,-72.465208579261,63,2024,HORIZON LA,Local,Local Intersections,63,87,84,82,279,418,350,370,372.0,0.0,63.0,0.0
41.73243728479441,-72.56751335653077,379,2024,TOWHEE LA,Local,Local Intersections,379,451,228,269,469,595,437,451,464.0,0.0,379.0,0.0
41.66911600982867,-72.52854897505448,159,2024,CHARLTON DR,Local,Local Intersections,159,171,23,50,328,296,275,292,222.0,0.0,159.0,0.0
41.72882016687097,-72.57441094428637,428,2024,CAMBRIDGE DR,Local,Local Intersections,428,379,558,497,719,982,757,831,804.0,0.0,428.0,0.0
41.70916332053462,-72.60248295116142,10900,2024,NEW LONDON TPK,Major Collector,Local Intersections,10900,9300,9300,9300,12100,12100,12100,10800,8993.0,0.0,10900.0,0.0
41.6556513166387,-72.53331335237094,308,2024,COUNTRY LA,Local,Local Intersections,308,248,434,513,764,875,766,796,800.0,0.0,308.0,0.0
41.729662383424014,-72.56886973720772,283,2024,PRINCETON LA,Local,Local Intersections,283,297,422,301,439,565,445,471,456.0,0.0,283.0,0.0
41.733206721242354,-72.56067609285536,211,2024,DEERFIELD DR,Local,Local Intersections,211,159,330,244,523,778,604,623,560.0,0.0,211.0,0.0
41.68717702335273,-72.58854102824871,723,2024,FOUNDERS RD,Local,Local Intersections,723,742,1522,2387,2535,3049,2624,2726,2786.0,0.0,723.0,0.0
41.69374926313212,-72.47098518837527,1218,2024,MARLBOROUGH RD,Local,Local Intersections,1218,1252,1677,2406,2314,2622,2187,2304,2362.0,0.0,1218.0,0.0
41.67770850065076,-72.59239114100056,65,2024,NORTHVIEW DR,Local,Local Intersections,65,96,399,249,381,419,264,116,102.0,0.0,65.0,0.0
41.69292259147178,-72.51705984618573,182,2024,GOODALE HILL RD,Local,Local Intersections,182,168,304,355,484,534,357,387,393.0,0.0,182.0,0.0
41.69896287184883,-72.47865259355025,403,2024,DIAMOND LAKE RD,Local,Local Intersections,403,412,981,810,793,841,748,775,799.0,0.0,403.0,0.0
41.72709775728774,-72.60220298330881,204,2024,LANCASTER RD,Local,Local Intersections,204,165,778,667,1213,1748,1527,1587,1612.0,0.0,204.0,0.0
41.695708304348855,-72.60775028835498,6800,2024,MAIN ST,Minor Arterial,Local Intersections,6800,5700,5700,5700,5700,5700,5700,5900,6172.0,0.0,6800.0,0.0
41.71635536293347,-72.60594771444724,10900,2024,NEW LONDON TPK,Minor Arterial,Local Intersections,10900,9300,9300,9300,12100,12100,12100,10800,4942.0,0.0,10900.0,0.0
41.7212968526379,-72.60438654051406,5711,2024,HOUSE ST,Local,Local Intersections,5711,5910,5365,6936,4691,6465,5480,5764,5905.0,0.0,5711.0,0.0
41.67426619365533,-72.57025478409683,76,2024,PENNYWISE LA,Local,Local Intersections,76,73,126,223,450,504,403,472,376.0,0.0,76.0,0.0
41.650683267365565,-72.5773033814074,1217,2024,MATSON HILL RD,Local,Local Intersections,1217,816,1356,2066,1961,2180,1818,1964,2038.0,0.0,1217.0,0.0
41.68826347611806,-72.58058128434021,70,2024,TALL TIMBERS DR,Local,Local Intersections,70,80,449,304,446,752,518,545,561.0,0.0,70.0,0.0
41.70165499284694,-72.59988126126729,4000,2024,HUBBARD ST,Major Collector,Local Intersections,4000,4300,4300,4300,4200,4200,4200,4000,4017.0,0.0,4000.0,0.0
41.72233510283495,-72.53751817751915,2700,2024,HOWE RD,Major Collector,Local Intersections,2700,3000,3000,3000,3000,3000,3000,2800,3161.0,0.0,2700.0,0.0
41.69555073162587,-72.5633305534721,162,2024,UPLANDS WAY,Local,Local Intersections,162,166,501,776,1079,1524,1247,1348,1426.0,0.0,162.0,0.0
41.72759999059433,-72.60500765325767,130,2024,WYLLYS ST,Local,Local Intersections,130,114,975,723,971,1432,1127,1146,1239.0,0.0,130.0,0.0
41.71349270032467,-72.57052285263377,298,2024,ORCHARD ST,Local,Local Intersections,298,244,744,681,848,1159,897,957,961.0,0.0,298.0,0.0
41.66795397828059,-72.58917809665293,393,2024,SOUTH POND RD,Local,Local Intersections,393,358,546,1041,1313,1776,1381,1471,1521.0,0.0,393.0,0.0
41.69572104584709,-72.60489388793522,159,2024,MORGAN DR,Local,Local Intersections,159,232,646,696,836,1064,941,850,798.0,0.0,159.0,0.0
41.731080420296784,-72.58676659136243,165,2024,QUERIDO DR,Local,Local Intersections,165,178,39,33,291,384,379,297,392.0,0.0,165.0,0.0
41.68536110650932,-72.52111489407676,273,2024,EASTBURY HILL RD,Local,Local Intersections,273,162,204,4520,455,640,502,529,527.0,0.0,273.0,0.0
41.70123199351377,-72.58005278467982,972,2024,BIDWELL ST,Local,Local Intersections,972,809,1560,3893,2488,3112,2526,2631,2732.0,0.0,972.0,0.0
41.7131546058724,-72.5222287975695,230,2024,SLATER RD,Local,Local Intersections,230,158,125,64,277,287,321,244,341.0,0.0,230.0,0.0
41.69715755447499,-72.57399614956641,8600,2024,NEW LONDON TPK,Major Collector,Local Intersections,8600,8100,8100,8100,9800,9800,9800,8900,7720.0,0.0,8600.0,0.0
41.6706827893924,-72.57316247578555,2000,2024,HOPEWELL RD,Local,Local Intersections,2000,2000,2000,2000,1900,1900,1900,1900,2855.0,0.0,2000.0,0.0
41.70736061166943,-72.46813895804866,43,2024,STARVIEW DR,Local,Local Intersections,43,63,172,126,302,398,294,318,237.0,0.0,43.0,0.0
41.70226196537527,-72.47657217216103,152,2024,PHEASANT CROSSING,Local,Local Intersections,152,144,26,28,311,362,310,373,331.0,0.0,152.0,0.0
41.720081704284965,-72.61433330262096,6800,2024,MAIN ST,Minor Arterial,Local Intersections,6800,5700,5700,5700,5700,5700,5700,5900,19090.0,0.0,6800.0,0.0
41.73212919840713,-72.57159656111332,159,2024,NUTHATCH KNOB,Local,Local Intersections,159,232,156,63,442,432,377,435,329.0,0.0,159.0,0.0
41.72803662949471,-72.6036225173283,6200,2024,PROSPECT ST,Minor Arterial,Local Intersections,6200,4800,4800,4800,5500,5500,5500,5400,5918.0,0.0,6200.0,0.0
41.67939987774114,-72.58504138874402,127,2024,MOSELEY TER,Local,Local Intersections,127,152,354,374,701,896,661,717,730.0,0.0,127.0,0.0
41.682759520606375,-72.59751434424615,211,2024,ORCHARD LA,Local,Local Intersections,211,85,113,72,362,547,485,525,545.0,0.0,211.0,0.0
41.68248967910997,-72.59281779255117,32,2024,PEACH TREE RD,Local,Local Intersections,32,43,21,21,219,235,224,232,159.0,0.0,32.0,0.0
41.72799207346564,-72.56580815930712,355,2024,WESLEYAN RD,Local,Local Intersections,355,332,316,253,507,641,567,658,586.0,0.0,355.0,0.0
41.7163824449045,-72.59534234847206,488,2024,WINDING BROOK DR,Local,Local Intersections,488,375,546,566,1455,2488,2061,1981,1037.0,0.0,488.0,0.0
41.70574678612083,-72.46758569115315,43,2024,STARVIEW DR,Local,Local Intersections,43,63,172,126,302,398,294,318,237.0,0.0,43.0,0.0
41.69527783374157,-72.53686257631838,1300,2024,NEIPSIC RD,Minor Collector,Local Intersections,1300,1300,1300,1300,1200,1200,1200,1200,2383.0,0.0,1300.0,0.0
41.67891533770439,-72.58113731516194,63,2024,EVERGREEN LA,Local,Local Intersections,63,66,143,68,360,452,356,360,387.0,0.0,63.0,0.0
41.71671491946689,-72.60202298450406,4571,2024,SALMON BROOK DR,Local,Local Intersections,4571,4301,3669,4066,3227,4495,3799,3963,3991.0,0.0,4571.0,0.0
41.70699199084223,-72.59268070289755,522,2024,KREIGER LA,Local,Local Intersections,522,304,740,608,1231,1688,1347,1381,1457.0,0.0,522.0,0.0
41.67667931220507,-72.57330729747683,192,2024,FOX DEN RD,Local,Local Intersections,192,137,178,369,554,650,530,566,504.0,0.0,192.0,0.0
41.69207131877524,-72.49474171469062,162,2024,JONATHAN TR NO 1,Local,Local Intersections,162,155,81,81,270,416,254,278,277.0,0.0,162.0,0.0
41.72240577275742,-72.61479915276209,6800,2024,MAIN ST,Minor Arterial,Local Intersections,6800,5700,5700,5700,5700,5700,5700,5900,20309.0,0.0,6800.0,0.0
41.71826445619077,-72.62411174448175,738,2024,PRATT ST,Local,Local Intersections,738,534,908,664,1240,1648,1385,1450,1441.0,0.0,738.0,0.0
41.702966770955335,-72.58871922056149,8600,2024,NEW LONDON TPK,Major Collector,Local Intersections,8600,8100,8100,8100,9800,9800,9800,8900,9635.0,0.0,8600.0,0.0
41.68584207910541,-72.57681853733976,58,2024,SHERWOOD DR,Local,Local Intersections,58,68,109,169,332,441,357,382,298.0,0.0,58.0,0.0
41.67569917893488,-72.58434941928627,156,2024,FARMCLIFF DR,Local,Local Intersections,156,113,541,695,953,1196,1008,1051,1072.0,0.0,156.0,0.0
41.69705796845585,-72.48346676819516,403,2024,DIAMOND LAKE RD,Local,Local Intersections,403,412,981,810,793,841,748,775,799.0,0.0,403.0,0.0
41.712956949183294,-72.54611438622969,737,2024,STRICKLAND ST,Local,Local Intersections,737,541,1320,1467,1915,2792,2053,2165,2185.0,0.0,737.0,0.0
41.73119184844038,-72.58684519736943,922,2024,LEXINGTON RD,Local,Local Intersections,922,838,1138,1261,1676,2217,1905,1952,2001.0,0.0,922.0,0.0
41.733206721242354,-72.56067609285536,155,2024,EAST OPAL DR,Local,Local Intersections,155,108,497,432,605,982,693,759,734.0,0.0,155.0,0.0
41.72953509738154,-72.59431273732696,409,2024,LONG HILL DR,Local,Local Intersections,409,283,692,397,1012,1324,1134,1190,1214.0,0.0,409.0,0.0
41.68641057034196,-72.58776881862143,723,2024,FOUNDERS RD,Local,Local Intersections,723,742,1522,2387,2535,3049,2624,2726,2786.0,0.0,723.0,0.0
41.719884628818505,-72.61559550631128,738,2024,PRATT ST,Local,Local Intersections,738,534,908,664,1240,1648,1385,1450,1441.0,0.0,738.0,0.0
41.726806708547656,-72.58158511137513,6500,2024,GRISWOLD ST,Minor Arterial,Local Intersections,6500,5700,5700,5700,7300,7300,7300,6000,6410.0,0.0,6500.0,0.0
41.72748224266114,-72.61639499851671,6800,2024,MAIN ST,Minor Arterial,Local Intersections,6800,5700,5700,5700,5700,5700,5700,5900,12883.0,0.0,6800.0,0.0
41.72146030223432,-72.5857120181521,4994,2024,EASTERN BLVD,Local,Local Intersections,4994,4949,4371,4937,3969,5862,4583,4766,4873.0,0.0,4994.0,0.0
41.69422406398724,-72.59420684548124,171,2024,ROBIN RD,Local,Local Intersections,171,165,374,322,657,802,662,693,714.0,0.0,171.0,0.0
41.656550295727634,-72.54011369961414,45,2024,NICOLE DR,Local,Local Intersections,45,218,21,64,272,376,277,352,304.0,0.0,45.0,0.0
41.70617057615525,-72.56962895328907,68,2024,ROLLING HILLS DR,Local,Local Intersections,68,71,57,103,250,356,304,281,209.0,0.0,68.0,0.0
41.72132855532427,-72.58576224784197,4994,2024,EASTERN BLVD,Local,Local Intersections,4994,4949,4371,4937,3969,5862,4583,4766,4873.0,0.0,4994.0,0.0
41.68101247900798,-72.54715451631087,3400,2024,QUARRY RD,Major Collector,Local Intersections,3400,3300,3300,3300,3300,3300,3300,4000,3870.0,0.0,3400.0,0.0
41.70410224130386,-72.58162378845594,139,2024,WADSWORTH ST,Local,Local Intersections,139,151,244,328,530,621,557,610,639.0,0.0,139.0,0.0
41.70228033124138,-72.4741917160379,93,2024,PARTRIDGE LANDING,Local,Local Intersections,93,100,85,81,294,418,333,359,354.0,0.0,93.0,0.0
41.67212672510838,-72.56686838867392,1254,2024,WOODLAND ST,Local,Local Intersections,1254,821,1586,2103,2426,2962,2484,2600,2706.0,0.0,1254.0,0.0
41.71146485929466,-72.59156905567887,11100,2024,OAK ST,Major Collector,Local Intersections,11100,10800,10800,10800,13200,13200,13200,11500,8370.0,0.0,11100.0,0.0
41.72605050677077,-72.60292483397228,71,2024,SHELLEY LA,Local,Local Intersections,71,89,244,186,446,654,599,481,343.0,0.0,71.0,0.0
41.70104127296682,-72.60377067477245,4000,2024,HUBBARD ST,Major Collector,Local Intersections,4000,4300,4300,4300,4200,4200,4200,4000,4017.0,0.0,4000.0,0.0
41.718313195033055,-72.5854932167482,4994,2024,EASTERN BLVD,Local,Local Intersections,4994,4949,4371,4937,3969,5862,4583,4766,4873.0,354.93861795051555,5348.938617950515,7.1073011203547365
41.673576710833856,-72.58380278105057,527,2024,OLDE WOOD RD,Local,Local Intersections,527,475,1657,2240,1449,1807,1461,1511,1466.0,0.0,527.0,0.0
41.70714704110864,-72.56594374871969,358,2024,OAKWOOD DR NO 1,Local,Local Intersections,358,239,358,332,712,863,713,746,690.0,0.0,358.0,0.0
41.66713820017253,-72.59693410104533,654,2024,LAKEWOOD RD,Local,Local Intersections,654,503,725,755,912,1194,665,283,21.0,0.0,654.0,0.0
41.730880209688245,-72.51196220716538,850,2024,MOUNTAIN RD,Local,Local Intersections,850,800,800,800,1000,1000,1000,850,1627.0,0.0,850.0,0.0
41.66086926898848,-72.6180540568152,185,2024,DUG RD,Local,Local Intersections,185,112,290,389,371,376,361,392,393.0,0.0,185.0,0.0
41.70362627326346,-72.5613279073568,2400,2024,WICKHAM RD NO 1,Minor Collector,Local Intersections,2400,2200,2200,2200,2000,2000,2000,2000,3458.0,0.0,2400.0,0.0
41.67870390554588,-72.52094897372328,110,2024,GRANDVIEW DR,Local,Local Intersections,110,108,148,153,357,553,428,442,440.0,0.0,110.0,0.0
41.703821072722505,-72.5827872772029,55,2024,MILLER RD,Local,Local Intersections,55,66,80,117,401,557,398,421,420.0,0.0,55.0,0.0
41.70283797365337,-72.58833350522713,8600,2024,NEW LONDON TPK,Major Collector,Local Intersections,8600,8100,8100,8100,9800,9800,9800,8900,9635.0,0.0,8600.0,0.0
41.68317094422154,-72.56840915240537,96,2024,WEST PIPPIN DR,Local,Local Intersections,96,90,188,164,320,573,440,443,444.0,0.0,96.0,0.0
41.73312171789043,-72.56195740247826,57,2024,VISTA LA,Local,Local Intersections,57,96,70,47,338,441,411,392,213.0,0.0,57.0,0.0
41.69416276836458,-72.56881759467322,8600,2024,NEW LONDON TPK,Major Collector,Local Intersections,8600,8100,8100,8100,9800,9800,9800,8900,6596.0,0.0,8600.0,0.0
41.690220299622005,-72.60637597534829,128,2024,WHAPLEY RD,Local,Local Intersections,128,243,46,48,326,389,382,333,351.0,0.0,128.0,0.0
41.66269048868512,-72.54058667756632,76,2024,HUNTINGRIDGE DR,Local,Local Intersections,76,110,211,27,259,326,315,356,268.0,0.0,76.0,0.0
41.71376519378117,-72.60958280700518,6800,2024,MAIN ST,Minor Arterial,Local Intersections,6800,5700,5700,5700,5700,5700,5700,5900,14674.0,0.0,6800.0,0.0
41.66535650424387,-72.58178855994241,2000,2024,HOPEWELL RD,Local,Local Intersections,2000,2000,2000,2000,1900,1900,1900,1900,2855.0,0.0,2000.0,0.0
41.67079854246535,-72.57305294109433,2000,2024,HOPEWELL RD,Local,Local Intersections,2000,2000,2000,2000,1900,1900,1900,1900,2855.0,0.0,2000.0,0.0
41.66490234922127,-72.59448160446843,2000,2024,HOPEWELL RD,Local,Local Intersections,2000,2000,2000,2000,1900,1900,1900,1900,2855.0,0.0,2000.0,0.0
41.69743169000687,-72.60121604017225,71,2024,STEVENS LA,Local,Local Intersections,71,85,198,194,407,541,483,446,422.0,0.0,71.0,0.0
41.67185884983839,-72.52242467914206,81,2024,GREENSWOOD PL,Local,Local Intersections,81,67,21,59,288,350,266,348,188.0,0.0,81.0,0.0
41.70158306287632,-72.57663230272058,81,2024,GOODRICH RD,Local,Local Intersections,81,117,52,61,271,335,321,332,341.0,0.0,81.0,0.0
41.69633543705335,-72.52123893061196,630,2024,SHODDY MILL RD,Local,Local Intersections,630,608,1180,3832,1511,1837,1492,1596,1583.0,0.0,630.0,0.0
41.641904402345325,-72.55892001469427,113,2024,BEACON WOODS LA,Local,Local Intersections,113,80,239,120,418,335,281,299,329.0,0.0,113.0,0.0
41.69961117627399,-72.47121408306946,396,2024,DIAMOND LAKE RD,Local,Local Intersections,396,409,806,709,789,915,810,834,882.0,4.9477500217472175,400.9477500217472,1.2494318236735398
41.71517144481184,-72.54653803349554,737,2024,STRICKLAND ST,Local,Local Intersections,737,541,1320,1467,1915,2792,2053,2165,2185.0,385.87773885751983,1122.87773885752,52.35790215163091
41.66046161700507,-72.58101956419702,203,2024,BITTERSWEET LA,Local,Local Intersections,203,195,81,147,245,273,325,325,264.0,0.0,203.0,0.0
41.65387507044632,-72.52990987805332,94,2024,MOTT HILL RD,Local,Local Intersections,94,77,125,101,350,313,313,311,141.0,0.0,94.0,0.0
41.674009842331785,-72.60579325491047,59,2024,PALISADE TER,Local,Local Intersections,59,82,27,32,310,433,340,364,191.0,0.0,59.0,0.0
41.657194220712,-72.58232087765215,1551,2024,MATSON HILL RD,Local,Local Intersections,1551,1052,1390,2360,2305,2585,2163,2378,2458.0,0.0,1551.0,0.0
41.68667288665021,-72.5167888251959,527,2024,THOMPSON ST,Local,Local Intersections,527,528,480,1813,861,1202,953,1003,1033.0,0.0,527.0,0.0
41.69915055739271,-72.51759204980867,51,2024,CHAPMAN DR,Local,Local Intersections,51,67,58,75,399,356,332,372,346.0,0.0,51.0,0.0
41.722803989047655,-72.54865504390217,111,2024,DOGWOOD LA,Local,Local Intersections,111,95,438,485,397,606,519,545,560.0,0.0,111.0,0.0
41.70898428602305,-72.56873613340733,166,2024,TANNERY CT,Local,Local Intersections,166,115,28,28,274,429,145,308,164.0,0.0,166.0,0.0
41.70339090399517,-72.57628766800968,4100,2024,NEIPSIC RD,Major Collector,Local Intersections,4100,4000,4000,4000,4700,4700,4700,3600,3943.0,0.0,4100.0,0.0
41.69254719469224,-72.58007896305426,243,2024,RAMPART DR,Local,Local Intersections,243,197,482,639,874,1167,962,994,1022.0,0.0,243.0,0.0
41.67912665370508,-72.56341700479979,2000,2024,HOPEWELL RD,Local,Local Intersections,2000,2000,2000,2000,1900,1900,1900,1900,2855.0,0.0,2000.0,0.0
41.70171756179676,-72.57917337985596,972,2024,BIDWELL ST,Local,Local Intersections,972,809,1560,3893,2488,3112,2526,2631,2732.0,0.0,972.0,0.0
41.69462887149791,-72.52744137758975,142,2024,BUTLER DR,Local,Local Intersections,142,202,473,1512,611,846,763,808,818.0,0.0,142.0,0.0
41.70648080566386,-72.54653951043711,79,2024,JUNIPER LA WEST,Local,Local Intersections,79,180,235,161,348,402,320,252,273.0,0.0,79.0,0.0
41.70872630680467,-72.50653684099628,112,2024,JASMINE LA,Local,Local Intersections,112,104,198,326,480,446,372,420,398.0,2509.4625765756564,2621.4625765756564,2240.5915862282645
41.65011119239991,-72.6005606344255,136,2024,KIMBERLY LA,Local,Local Intersections,136,81,88,63,257,325,303,312,317.0,0.0,136.0,0.0
41.66751831497302,-72.53653048592929,2103,2024,COUNTRY CLUB RD NO 2,Local,Local Intersections,2103,1998,2249,2412,2351,3010,2552,2696,2736.0,0.0,2103.0,0.0
41.69959799674559,-72.58405301438356,274,2024,BRITTANY RD,Local,Local Intersections,274,97,657,549,800,1225,763,807,824.0,0.0,274.0,0.0
41.72416754707056,-72.60134801610228,62,2024,WINDWOOD DR,Local,Local Intersections,62,106,166,96,390,612,444,420,316.0,0.0,62.0,0.0
41.667022188110046,-72.59684811187063,2000,2024,HOPEWELL RD,Local,Local Intersections,2000,2000,2000,2000,1900,1900,1900,1900,2855.0,0.0,2000.0,0.0
41.68655046644384,-72.54321252996903,154,2024,THREE MILE RD,Local,Local Intersections,154,156,226,101,328,449,395,375,378.0,0.0,154.0,0.0
41.66981830966877,-72.59588327271689,654,2024,LAKEWOOD RD,Local,Local Intersections,654,503,725,755,912,1194,665,283,21.0,0.0,654.0,0.0
41.730163278719736,-72.58991057925289,163,2024,LINDSAY LA,Local,Local Intersections,163,132,73,52,336,605,491,487,239.0,0.0,163.0,0.0
41.68213009024486,-72.59444926446918,2632,2024,OVERLOOK RD,Local,Local Intersections,2632,2363,2220,3417,3141,3982,3302,3508,3601.0,0.0,2632.0,0.0
41.72788459596058,-72.54854425727463,79,2024,LADYSLIPPER LA,Local,Local Intersections,79,128,158,136,305,503,363,349,346.0,0.0,79.0,0.0
41.70047297170571,-72.58095796920816,8600,2024,NEW LONDON TPK,Major Collector,Local Intersections,8600,8100,8100,8100,9800,9800,9800,8900,9163.0,0.0,8600.0,0.0
41.72899235066613,-72.56233932742612,63,2024,U-CONN AV,Local,Local Intersections,63,88,51,40,369,457,423,395,312.0,0.0,63.0,0.0
41.713088706141605,-72.60381693683891,8100,2024,HEBRON AV,Other Principal Arterial,Local Intersections,8100,5700,5700,5700,6800,6800,6800,7200,13666.0,0.0,8100.0,0.0
41.6671572120736,-72.5353078199734,2100,2024,WASSUC RD,Major Collector,Local Intersections,2100,1900,1900,1900,2000,2000,2000,2000,3142.0,0.0,2100.0,0.0
41.68474814722301,-72.56982125210132,42,2024,WESTLEDGE RD,Local,Local Intersections,42,49,40,25,356,390,391,288,95.0,0.0,42.0,0.0
41.726963349453705,-72.50676904374687,442,2024,MINNECHAUG DR,Local,Local Intersections,442,337,703,708,1155,1347,1066,1113,1144.0,0.0,442.0,0.0
41.69768913393581,-72.58878712905448,186,2024,WAGON RD,Local,Local Intersections,186,268,257,252,609,851,773,804,801.0,0.0,186.0,0.0
41.68692683932036,-72.60447275325201,81,2024,WESTVIEW LA,Local,Local Intersections,81,105,38,39,381,456,236,363,88.0,0.0,81.0,0.0
41.7041050100264,-72.58160474176928,4100,2024,NEIPSIC RD,Major Collector,Local Intersections,4100,4000,4000,4000,4700,4700,4700,3600,3943.0,0.0,4100.0,0.0
41.72537896202716,-72.55034671541993,229,2024,SOMERSET RD,Local,Local Intersections,229,201,379,390,626,814,640,677,699.0,0.0,229.0,0.0
41.725195601486405,-72.61039629704861,3500,2024,2-E-80,Other Freeway and Expressway,Ramp Segments,3500,3100,3100,3100,3400,3400,3400,3400,3400.0,0.0,3500.0,0.0
41.70230893583431,-72.60126237906687,1200,2024,17-S-1,Other Freeway and Expressway,Ramp Segments,1200,1300,1300,1300,1200,1200,1200,1200,1200.0,0.0,1200.0,0.0
41.70298890676593,-72.60129395167077,1200,2024,17-S-1,Other Freeway and Expressway,Ramp Segments,1200,1300,1300,1300,1200,1200,1200,1200,1200.0,0.0,1200.0,0.0
41.71498784132257,-72.59510201108247,8300,2024,2-W-18,Other Freeway and Expressway,Ramp Segments,8300,7900,7900,7900,9100,9100,9100,8600,8900.0,0.0,8300.0,0.0
41.72499353567681,-72.62134730089821,4000,2024,3-S-2A,Other Freeway and Expressway,Ramp Segments,4000,3900,3900,3900,4700,4700,4700,4300,4300.0,0.0,4000.0,0.0
41.7251418618506,-72.62086289878486,2300,2024,3-S-4A,Other Freeway and Expressway,Ramp Segments,2300,2200,2200,2200,2500,2500,2500,2900,2900.0,0.0,2300.0,0.0
41.72343820377535,-72.60710349861469,2200,2024,2-W-14A,Other Freeway and Expressway,Ramp Segments,2200,2000,2000,2000,2200,2200,2200,1900,1900.0,0.0,2200.0,0.0
41.67837575193142,-72.54048703743193,2200,2024,2-W-23,Other Freeway and Expressway,Ramp Segments,2200,2100,2100,2100,2100,2100,2100,2000,2000.0,0.0,2200.0,0.0
41.679814809758376,-72.54124661203066,2200,2024,2-W-23,Other Freeway and Expressway,Ramp Segments,2200,2100,2100,2100,2100,2100,2100,2000,2000.0,0.0,2200.0,0.0
41.713934343803416,-72.5990736973501,9200,2024,94-E,Local,Ramp Segments,9200,8600,8600,8600,9800,9800,9800,9700,,14492.338956495329,23692.33895649533,157.52542344016663
41.7233588571566,-72.62217900029269,7100,2024,3-N-1,Other Freeway and Expressway,Ramp Segments,7100,7200,7200,7200,8800,8800,8800,8700,8700.0,0.0,7100.0,0.0
41.71456119982035,-72.59378186982575,4200,2024,2-W-18,Other Freeway and Expressway,Ramp Segments,4200,3900,3900,3900,4600,4600,4600,4300,4300.0,59027.213993607154,63227.213993607154,1405.4098569906464
41.70864192575479,-72.60018945242479,1000,2024,17-S-5,Other Freeway and Expressway,Ramp Segments,1000,900,900,900,800,800,800,500,500.0,0.0,1000.0,0.0
41.71508487195779,-72.5991827925959,9200,2024,94-E,Local,Ramp Segments,9200,8600,8600,8600,9800,9800,9800,9700,,0.0,9200.0,0.0
41.714701257375566,-72.59910681523509,9200,2024,94-E,Local,Ramp Segments,9200,8600,8600,8600,9800,9800,9800,9700,,0.0,9200.0,0.0
41.722010662843154,-72.62149643260437,7100,2024,3-N-1,Other Freeway and Expressway,Ramp Segments,7100,7200,7200,7200,8800,8800,8800,8700,8700.0,0.0,7100.0,0.0
41.71453475176887,-72.5940141128711,4100,2024,2-W-18A,Other Freeway and Expressway,Ramp Segments,4100,4000,4000,4000,4500,4500,4500,4300,4300.0,34724.12862735067,38824.12862735067,846.9299665207479
41.72156082670095,-72.62134120709393,7100,2024,3-N-1,Other Freeway and Expressway,Ramp Segments,7100,7200,7200,7200,8800,8800,8800,8700,8700.0,0.0,7100.0,0.0
41.70439479735567,-72.60102207390902,1300,2024,17-N-2,Other Freeway and Expressway,Ramp Segments,1300,1500,1500,1500,1100,1100,1100,1200,1200.0,0.0,1300.0,0.0
41.705062897179765,-72.60119278019282,1300,2024,17-N-2,Other Freeway and Expressway,Ramp Segments,1300,1500,1500,1500,1100,1100,1100,1200,1200.0,0.0,1300.0,0.0
41.72187995244848,-72.62128290157301,5000,2024,3-N-3,Other Freeway and Expressway,Ramp Segments,5000,4000,4000,4000,5700,5700,5700,5200,5200.0,0.0,5000.0,0.0
41.72252153106571,-72.62151295756884,5000,2024,3-N-3,Other Freeway and Expressway,Ramp Segments,5000,4000,4000,4000,5700,5700,5700,5200,5200.0,0.0,5000.0,0.0
41.72268067606075,-72.62155158725956,5000,2024,3-N-3,Other Freeway and Expressway,Ramp Segments,5000,4000,4000,4000,5700,5700,5700,5200,5200.0,0.0,5000.0,0.0
41.72371157742339,-72.62101851286234,5000,2024,3-N-3,Other Freeway and Expressway,Ramp Segments,5000,4000,4000,4000,5700,5700,5700,5200,5200.0,0.0,5000.0,0.0
41.66606257582633,-72.5327998836242,500,2024,2-E-27,Other Freeway and Expressway,Ramp Segments,500,500,500,500,700,700,700,500,500.0,0.0,500.0,0.0
41.664746296329305,-72.53061821086405,500,2024,2-E-27,Other Freeway and Expressway,Ramp Segments,500,500,500,500,700,700,700,500,500.0,0.0,500.0,0.0
41.723350646948674,-72.60685567244055,2200,2024,2-W-14,Other Freeway and Expressway,Ramp Segments,2200,2000,2000,2000,2200,2200,2200,1900,1900.0,0.0,2200.0,0.0
41.72412332021947,-72.60805721945144,4400,2024,2-W-14,Other Freeway and Expressway,Ramp Segments,4400,4000,4000,4000,4400,4400,4400,3800,3800.0,0.0,4400.0,0.0
41.71587940101536,-72.59980154801713,9200,2024,94-E,Local,Ramp Segments,9200,8600,8600,8600,9800,9800,9800,9700,,0.0,9200.0,0.0
41.72337933261306,-72.62375628497394,7100,2024,3-N-1,Other Freeway and Expressway,Ramp Segments,7100,7200,7200,7200,8800,8800,8800,8700,8700.0,0.0,7100.0,0.0
41.72227055117961,-72.62156746067267,7100,2024,3-N-1,Other Freeway and Expressway,Ramp Segments,7100,7200,7200,7200,8800,8800,8800,8700,8700.0,0.0,7100.0,0.0
41.67874496861598,-72.54178549107768,1700,2024,2-E-24,Other Freeway and Expressway,Ramp Segments,1700,1800,1800,1800,1900,1900,1900,2000,2000.0,0.0,1700.0,0.0
41.67648528378211,-72.54105557103355,1700,2024,2-E-24,Other Freeway and Expressway,Ramp Segments,1700,1800,1800,1800,1900,1900,1900,2000,2000.0,0.0,1700.0,0.0
41.70467436534226,-72.57230705945533,1700,2024,2-E-22,Other Freeway and Expressway,Ramp Segments,1700,1600,1600,1600,2500,2500,2500,1700,1700.0,0.0,1700.0,0.0
41.70407978291608,-72.57167047360595,1700,2024,2-E-22,Other Freeway and Expressway,Ramp Segments,1700,1600,1600,1600,2500,2500,2500,1700,1700.0,0.0,1700.0,0.0
41.70344988670448,-72.57132268385034,1700,2024,2-E-22,Other Freeway and Expressway,Ramp Segments,1700,1600,1600,1600,2500,2500,2500,1700,1700.0,0.0,1700.0,0.0
41.71408915604216,-72.59569372021386,1700,2024,2-E-19A,Other Freeway and Expressway,Ramp Segments,1700,1500,1500,1500,1500,1500,1500,1700,1700.0,21907.81037164358,23607.81037164358,1288.69472774374
41.70768800555975,-72.60071089992864,2900,2024,17-S-3,Other Freeway and Expressway,Ramp Segments,2900,3200,3200,3200,2500,2500,2500,3200,3100.0,0.0,2900.0,0.0
41.7099701418706,-72.59831886696342,3200,2024,17-S-7,Other Freeway and Expressway,Ramp Segments,3200,3000,3000,3000,3100,3100,3100,3000,3000.0,0.0,3200.0,0.0
41.706670095676536,-72.5975389066744,3200,2024,17-S-7,Other Freeway and Expressway,Ramp Segments,3200,3000,3000,3000,3100,3100,3100,3000,3000.0,0.0,3200.0,0.0
41.72546527915838,-72.61311477597418,17100,2024,3-N-801,Other Freeway and Expressway,Ramp Segments,17100,15900,15900,15900,17900,17900,17900,16400,16400.0,0.0,17100.0,0.0
41.72553692871725,-72.6115634733435,17100,2024,3-N-801,Other Freeway and Expressway,Ramp Segments,17100,15900,15900,15900,17900,17900,17900,16400,16400.0,0.0,17100.0,0.0
41.725078239551536,-72.60981142928439,17100,2024,3-N-801,Other Freeway and Expressway,Ramp Segments,17100,15900,15900,15900,17900,17900,17900,16400,16400.0,0.0,17100.0,0.0
41.70658766893688,-72.59666490430142,1800,2024,17-N-6,Other Freeway and Expressway,Ramp Segments,1800,1700,1700,1700,1700,1700,1700,1700,1700.0,0.0,1800.0,0.0
41.70676342440897,-72.59687200619513,1800,2024,17-N-6,Other Freeway and Expressway,Ramp Segments,1800,1700,1700,1700,1700,1700,1700,1700,1700.0,0.0,1800.0,0.0
41.70803892382323,-72.59772466027732,3500,2024,17-N-6,Other Freeway and Expressway,Ramp Segments,3500,3300,3300,3300,3300,3300,3300,3400,3300.0,0.0,3500.0,0.0
41.709881201178,-72.5976706514843,3500,2024,17-N-6,Other Freeway and Expressway,Ramp Segments,3500,3300,3300,3300,3300,3300,3300,3400,3300.0,0.0,3500.0,0.0
41.72382023007089,-72.60873144042549,3500,2024,2-E-80,Other Freeway and Expressway,Ramp Segments,3500,3100,3100,3100,3400,3400,3400,3400,3400.0,0.0,3500.0,0.0
41.723175290100365,-72.60828131932527,3500,2024,2-E-80,Other Freeway and Expressway,Ramp Segments,3500,3100,3100,3100,3400,3400,3400,3400,3400.0,0.0,3500.0,0.0
41.72327169324036,-72.60703053760396,2200,2024,2-W-14A,Other Freeway and Expressway,Ramp Segments,2200,2000,2000,2000,2200,2200,2200,1900,1900.0,0.0,2200.0,0.0
41.67726924540263,-72.53985669616304,2200,2024,2-W-25,Other Freeway and Expressway,Ramp Segments,2200,2200,2200,2200,2500,2500,2500,2400,2400.0,0.0,2200.0,0.0
41.6775881710826,-72.54166369247032,1700,2024,2-E-24,Other Freeway and Expressway,Ramp Segments,1700,1800,1800,1800,1900,1900,1900,2000,2000.0,0.0,1700.0,0.0
41.676675178975735,-72.54133458043127,1700,2024,2-E-24,Other Freeway and Expressway,Ramp Segments,1700,1800,1800,1800,1900,1900,1900,2000,2000.0,0.0,1700.0,0.0
41.70820625434603,-72.60080110445436,1500,2024,17-S-3,Other Freeway and Expressway,Ramp Segments,1500,1600,1600,1600,1300,1300,1300,1600,1600.0,0.0,1500.0,0.0
41.70558377018343,-72.59518412881633,3200,2024,17-S-7,Other Freeway and Expressway,Ramp Segments,3200,3000,3000,3000,3100,3100,3100,3000,3000.0,0.0,3200.0,0.0
41.72446436727053,-72.61962159856567,4500,2024,3-S-4,Other Freeway and Expressway,Ramp Segments,4500,4400,4400,4400,5100,5100,5100,5800,5700.0,0.0,4500.0,0.0
41.72452828373559,-72.6205166506443,4500,2024,3-S-4,Other Freeway and Expressway,Ramp Segments,4500,4400,4400,4400,5100,5100,5100,5800,5700.0,0.0,4500.0,0.0
41.72485702706788,-72.62112193734147,4000,2024,3-S-2,Other Freeway and Expressway,Ramp Segments,4000,3800,3800,3800,4800,4800,4800,4300,4300.0,0.0,4000.0,0.0
41.723858614473,-72.62262104377197,8000,2024,3-S-2,Other Freeway and Expressway,Ramp Segments,8000,7700,7700,7700,9500,9500,9500,8600,8500.0,0.0,8000.0,0.0
41.6618120820071,-72.52095520136898,400,2024,2-W-28,Other Freeway and Expressway,Ramp Segments,400,400,400,400,400,400,400,400,400.0,0.0,400.0,0.0
41.71280474965875,-72.58902946647412,3700,2024,2-W-20,Other Freeway and Expressway,Ramp Segments,3700,3400,3400,3400,3800,3800,3800,3900,3900.0,773.5995872454635,4473.599587245463,20.908096952580095
41.7137428490642,-72.59071696539758,3700,2024,2-W-20,Other Freeway and Expressway,Ramp Segments,3700,3400,3400,3400,3800,3800,3800,3900,3900.0,9846.100548031598,13546.100548031598,266.1108256224756
41.71406223007658,-72.5959370662803,1700,2024,2-E-19,Other Freeway and Expressway,Ramp Segments,1700,1600,1600,1600,1600,1600,1600,1700,1700.0,30167.562104766417,31867.562104766417,1774.5624767509657
41.7139350519289,-72.59555003019915,3400,2024,2-E-19,Other Freeway and Expressway,Ramp Segments,3400,3100,3100,3100,3100,3100,3100,3400,3400.0,8205.644891458616,11605.644891458616,241.34249680760638
41.71382959707113,-72.59516613763643,3400,2024,2-E-19,Other Freeway and Expressway,Ramp Segments,3400,3100,3100,3100,3100,3100,3100,3400,3400.0,2588.686732093187,5988.686732093187,76.13784506156432
41.70843671876886,-72.59849797711371,2700,2024,17-N-4,Other Freeway and Expressway,Ramp Segments,2700,2800,2800,2800,2500,2500,2500,3000,3000.0,0.0,2700.0,0.0
41.70349856427495,-72.5692862379931,1500,2024,2-W-21,Other Freeway and Expressway,Ramp Segments,1500,1500,1500,1500,1500,1500,1500,1400,1400.0,0.0,1500.0,0.0
41.70383894222623,-72.56971235514433,1500,2024,2-W-21,Other Freeway and Expressway,Ramp Segments,1500,1500,1500,1500,1500,1500,1500,1400,1400.0,0.0,1500.0,0.0
41.67543931231095,-72.53965291771172,2500,2024,2-E-26,Other Freeway and Expressway,Ramp Segments,2500,2500,2500,2500,3100,3100,3100,2500,2500.0,0.0,2500.0,0.0
41.71365116462058,-72.59402613344287,3400,2024,2-E-19,Other Freeway and Expressway,Ramp Segments,3400,3100,3100,3100,3100,3100,3100,3400,3400.0,4204.147235505004,7604.147235505004,123.65138927955893
41.72932641498151,-72.6103764566617,8000,2024,3-N,Other Freeway and Expressway,Ramp Segments,8000,7400,7400,7400,7800,7800,7800,8000,,0.0,8000.0,0.0
41.70818982032458,-72.60063931035128,1400,2024,17-S-3A,Other Freeway and Expressway,Ramp Segments,1400,1600,1600,1600,1200,1200,1200,1600,1600.0,0.0,1400.0,0.0
41.72327661871094,-72.60835105257641,3500,2024,2-E-80,Other Freeway and Expressway,Ramp Segments,3500,3100,3100,3100,3400,3400,3400,3400,3400.0,0.0,3500.0,0.0
41.67829701435159,-72.54173449967313,1700,2024,2-E-24,Other Freeway and Expressway,Ramp Segments,1700,1800,1800,1800,1900,1900,1900,2000,2000.0,0.0,1700.0,0.0
41.67708182720828,-72.54159859324591,1700,2024,2-E-24,Other Freeway and Expressway,Ramp Segments,1700,1800,1800,1800,1900,1900,1900,2000,2000.0,0.0,1700.0,0.0
41.705811360229625,-72.59618335743556,3200,2024,17-S-7,Other Freeway and Expressway,Ramp Segments,3200,3000,3000,3000,3100,3100,3100,3000,3000.0,0.0,3200.0,0.0
41.72421999217729,-72.62143520165417,8000,2024,3-S-2,Other Freeway and Expressway,Ramp Segments,8000,7700,7700,7700,9500,9500,9500,8600,8500.0,0.0,8000.0,0.0
41.7068279692404,-72.59712946027116,1700,2024,17-N-6A,Other Freeway and Expressway,Ramp Segments,1700,1600,1600,1600,1600,1600,1600,1700,1700.0,0.0,1700.0,0.0
41.71348466893118,-72.59021262364824,3700,2024,2-W-20,Other Freeway and Expressway,Ramp Segments,3700,3400,3400,3400,3800,3800,3800,3900,3900.0,9223.054920199475,12923.054920199475,249.2717545999858
41.7078312408428,-72.59848587659737,2700,2024,17-N-4,Other Freeway and Expressway,Ramp Segments,2700,2800,2800,2800,2500,2500,2500,3000,3000.0,0.0,2700.0,0.0
41.725117322842486,-72.6210595685308,2200,2024,3-S-4,Other Freeway and Expressway,Ramp Segments,2200,2200,2200,2200,2600,2600,2600,2900,2900.0,0.0,2200.0,0.0
41.676099640077965,-72.54055318193443,2500,2024,2-E-26,Other Freeway and Expressway,Ramp Segments,2500,2500,2500,2500,3100,3100,3100,2500,2500.0,0.0,2500.0,0.0
41.71349470503213,-72.59271172555037,3400,2024,2-E-19,Other Freeway and Expressway,Ramp Segments,3400,3100,3100,3100,3100,3100,3100,3400,3400.0,9196.961243899075,12596.961243899075,270.4988601146787
41.70477224799284,-72.57143355557926,1500,2024,2-W-21,Other Freeway and Expressway,Ramp Segments,1500,1500,1500,1500,1500,1500,1500,1400,1400.0,0.0,1500.0,0.0
41.70547362654615,-72.59519609938835,1526,2024,WILLIAMS ST EAST,Local,Ramp Terminals,1526,1261,2054,2920,2720,3697,2970,3086,3111.0,0.0,1526.0,0.0
41.70580621007872,-72.59487336916688,11100,2024,OAK ST,Major Collector,Ramp Terminals,11100,10800,10800,10800,13200,13200,13200,11500,8370.0,0.0,11100.0,0.0
41.72339615651169,-72.60707339704572,2200,2024,2-W-14A,Other Freeway and Expressway,Ramp Terminals,2200,2000,2000,2000,2200,2200,2200,1900,1900.0,0.0,2200.0,0.0
41.71458041488068,-72.594020305518,4100,2024,2-W-18A,Other Freeway and Expressway,Ramp Terminals,4100,4000,4000,4000,4500,4500,4500,4300,4300.0,31595.187086730584,35695.187086730584,770.6143191885508
41.70815148744114,-72.60068113757323,1400,2024,17-S-3A,Other Freeway and Expressway,Ramp Terminals,1400,1600,1600,1600,1200,1200,1200,1600,1600.0,0.0,1400.0,0.0
41.7082043595882,-72.60044285028435,10900,2024,NEW LONDON TPK,Major Collector,Ramp Terminals,10900,9300,9300,9300,12100,12100,12100,10800,8993.0,0.0,10900.0,0.0
41.70140164061485,-72.60173569771405,4000,2024,HUBBARD ST,Major Collector,Ramp Terminals,4000,4300,4300,4300,4200,4200,4200,4000,4017.0,0.0,4000.0,0.0
41.70688451196016,-72.59710349676365,1700,2024,17-N-6A,Other Freeway and Expressway,Ramp Terminals,1700,1600,1600,1600,1600,1600,1600,1700,1700.0,0.0,1700.0,0.0
41.67796676278574,-72.54045257593903,4700,2024,CT-83,Other Principal Arterial,Ramp Terminals,4700,5200,5200,5200,4900,4900,4900,5600,5600.0,0.0,4700.0,0.0
41.725295912839904,-72.6213432254116,9500,2024,PUTNAM BLVD,Minor Arterial,Ramp Terminals,9500,8300,8300,8300,10700,10700,10700,9900,9688.0,0.0,9500.0,0.0
41.67794297145132,-72.54026600608542,2200,2024,2-W-25,Other Freeway and Expressway,Ramp Terminals,2200,2200,2200,2200,2500,2500,2500,2400,2400.0,0.0,2200.0,0.0
41.71371536504765,-72.59065344729385,3700,2024,2-W-20,Other Freeway and Expressway,Ramp Terminals,3700,3400,3400,3400,3800,3800,3800,3900,3900.0,9949.935371578158,13649.935371578158,268.9171722048151
41.72513864302363,-72.6211793068776,4500,2024,3-S-4,Other Freeway and Expressway,Ramp Terminals,4500,4400,4400,4400,5100,5100,5100,5800,5700.0,0.0,4500.0,0.0
41.72136964506227,-72.62143510326771,8100,2024,GLASTONBURY BLVD,Major Collector,Ramp Terminals,8100,7800,7800,7800,8900,8900,8900,8800,8192.0,0.0,8100.0,0.0
41.72313022181151,-72.60732986020635,13100,2024,GRISWOLD ST,Minor Arterial,Ramp Terminals,13100,10600,10600,10600,12500,12500,12500,11567,10896.0,0.0,13100.0,0.0
41.70670652440232,-72.59721166917892,10900,2024,NEW LONDON TPK,Major Collector,Ramp Terminals,10900,9300,9300,9300,12100,12100,12100,10800,10553.0,0.0,10900.0,0.0
41.70551164172691,-72.59491129316476,8600,2024,NEW LONDON TPK,Major Collector,Ramp Terminals,8600,8100,8100,8100,9800,9800,9800,8900,11488.0,0.0,8600.0,0.0
41.71371391125293,-72.5909177877331,7100,2024,SR-910,Major Collector,Ramp Terminals,7100,7400,7400,7400,11600,11600,11600,11700,11700.0,4763.389124467014,11863.389124467014,67.08998766854948
41.72156082670095,-72.62134120709393,5000,2024,3-N-3,Other Freeway and Expressway,Ramp Terminals,5000,4000,4000,4000,5700,5700,5700,5200,5200.0,0.0,5000.0,0.0
41.70558377018343,-72.59518412881633,3200,2024,17-S-7,Other Freeway and Expressway,Ramp Terminals,3200,3000,3000,3000,3100,3100,3100,3000,3000.0,0.0,3200.0,0.0
41.70688057527271,-72.5969973828648,1800,2024,17-N-6,Other Freeway and Expressway,Ramp Terminals,1800,1700,1700,1700,1700,1700,1700,1700,1700.0,0.0,1800.0,0.0
41.72513864302363,-72.6211793068776,4000,2024,3-S-2,Other Freeway and Expressway,Ramp Terminals,4000,3800,3800,3800,4800,4800,4800,4300,4300.0,0.0,4000.0,0.0
41.70176420888563,-72.6012615974083,1200,2024,17-S-1,Other Freeway and Expressway,Ramp Terminals,1200,1300,1300,1300,1200,1200,1200,1200,1200.0,0.0,1200.0,0.0
41.7067833637384,-72.59717526246148,1700,2024,17-N-6A,Other Freeway and Expressway,Ramp Terminals,1700,1600,1600,1600,1600,1600,1600,1700,1700.0,0.0,1700.0,0.0
41.67843662781232,-72.54055833621744,2200,2024,2-W-23,Other Freeway and Expressway,Ramp Terminals,2200,2100,2100,2100,2100,2100,2100,2000,2000.0,0.0,2200.0,0.0
41.7067833637384,-72.59717526246148,1700,2024,17-N-6A,Other Freeway and Expressway,Ramp Terminals,1700,1600,1600,1600,1600,1600,1600,1700,1700.0,0.0,1700.0,0.0
41.72156082670095,-72.62134120709393,7100,2024,3-N-1,Other Freeway and Expressway,Ramp Terminals,7100,7200,7200,7200,8800,8800,8800,8700,8700.0,0.0,7100.0,0.0
41.70839841748148,-72.60085894338694,10900,2024,NEW LONDON TPK,Major Collector,Ramp Terminals,10900,9300,9300,9300,12100,12100,12100,10800,8993.0,0.0,10900.0,0.0
41.70151573565085,-72.60091781443101,4000,2024,HUBBARD ST,Major Collector,Ramp Terminals,4000,4300,4300,4300,4200,4200,4200,4000,4017.0,0.0,4000.0,0.0
41.72534701406627,-72.62099206941613,9500,2024,PUTNAM BLVD,Minor Arterial,Ramp Terminals,9500,8300,8300,8300,10700,10700,10700,9900,9688.0,0.0,9500.0,0.0
41.70688057527271,-72.5969973828648,1800,2024,17-N-6,Other Freeway and Expressway,Ramp Terminals,1800,1700,1700,1700,1700,1700,1700,1700,1700.0,0.0,1800.0,0.0
41.70685674205945,-72.59752240786717,10900,2024,NEW LONDON TPK,Major Collector,Ramp Terminals,10900,9300,9300,9300,12100,12100,12100,10800,9386.0,0.0,10900.0,0.0
41.70586488818788,-72.59531601701717,10900,2024,NEW LONDON TPK,Major Collector,Ramp Terminals,10900,9300,9300,9300,12100,12100,12100,8900,12185.0,0.0,10900.0,0.0
41.72320221021491,-72.60674436927212,13100,2024,GRISWOLD ST,Minor Arterial,Ramp Terminals,13100,10600,10600,10600,12500,12500,12500,11567,10896.0,0.0,13100.0,0.0
41.71400618180631,-72.59078785242143,7100,2024,SR-910,Major Collector,Ramp Terminals,7100,7400,7400,7400,11600,11600,11600,11700,11700.0,19197.54233499614,26297.54233499614,270.3879202112132
41.67858511740676,-72.54022971345596,5400,2024,CT-83,Other Principal Arterial,Ramp Terminals,5400,5700,5700,5700,5500,5500,5500,5600,5600.0,0.0,5400.0,0.0
41.70717505168687,-72.5972597740489,3500,2024,17-N-6,Other Freeway and Expressway,Ramp Terminals,3500,3300,3300,3300,3300,3300,3300,3400,3300.0,0.0,3500.0,0.0
41.721462898548666,-72.62074260375874,12900,2024,GLASTONBURY BLVD,Minor Arterial,Ramp Terminals,12900,11400,11400,11400,13400,13400,13400,13900,14163.0,0.0,12900.0,0.0
41.71368707565417,-72.59930060996575,2400,2024,SYCAMORE ST,Major Collector,Ramp Terminals,2400,1800,1800,1800,2100,2100,2100,2000,2864.0,5628.276027553627,8028.276027553627,234.51150114806777
41.71373125721877,-72.59942040868253,8100,2024,HEBRON AV,Other Principal Arterial,Ramp Terminals,8100,5700,5700,5700,6800,6800,6800,7200,13431.0,4369.163376523776,12469.163376523775,53.94028859905896
41.71389269197704,-72.59905229112904,9200,2024,94-E,Local,Ramp Terminals,9200,8600,8600,8600,9800,9800,9800,9700,12781.0,15690.899667572656,24890.899667572656,170.55325725622453
41.70741300217249,-72.59871953156221,10900,2024,NEW LONDON TPK,Major Collector,Ramp Terminals,10900,9300,9300,9300,12100,12100,12100,10800,8993.0,0.0,10900.0,0.0
41.70308574300928,-72.57130439709864,4100,2024,NEIPSIC RD,Major Collector,Ramp Terminals,4100,4000,4000,4000,4700,4700,4700,3600,3943.0,0.0,4100.0,0.0
41.66666988043043,-72.53379060249492,1600,2024,WASSUC RD,Local,Ramp Terminals,1600,1500,1500,1500,1400,1400,1400,1600,2845.0,0.0,1600.0,0.0
41.66652972752503,-72.53385987620953,500,2024,2-E-27,Other Freeway and Expressway,Ramp Terminals,500,500,500,500,700,700,700,500,500.0,0.0,500.0,0.0
41.67628951920507,-72.54082265637561,2500,2024,2-E-26,Other Freeway and Expressway,Ramp Terminals,2500,2500,2500,2500,3100,3100,3100,2500,2500.0,0.0,2500.0,0.0
41.676303400502405,-72.54103722599194,4800,2024,CT-83,Other Principal Arterial,Ramp Terminals,4800,4900,4900,4900,4700,4700,4700,5600,5600.0,0.0,4800.0,0.0
41.70338145911626,-72.56933226170882,5300,2024,NEIPSIC RD,Major Collector,Ramp Terminals,5300,4900,4900,4900,5900,5900,5900,4500,5685.0,0.0,5300.0,0.0
41.70751861439429,-72.5987513437734,2700,2024,17-N-4,Other Freeway and Expressway,Ramp Terminals,2700,2800,2800,2800,2500,2500,2500,3000,3000.0,0.0,2700.0,0.0
41.66212689251574,-72.5209386550549,705,2024,TOLL GATE RD,Local,Ramp Terminals,705,542,685,1516,1329,1536,1477,1597,1713.0,0.0,705.0,0.0
41.72290776207886,-72.60803459390361,1107,2024,BANTLE RD,Local,Ramp Terminals,1107,815,1323,1173,1592,2069,1795,1873,1930.0,0.0,1107.0,0.0
41.723175290100365,-72.60828131932527,3500,2024,2-E-80,Other Freeway and Expressway,Ramp Terminals,3500,3100,3100,3100,3400,3400,3400,3400,3400.0,0.0,3500.0,0.0
41.66196333578334,-72.52103204318968,400,2024,2-W-28,Other Freeway and Expressway,Ramp Terminals,400,400,400,400,400,400,400,400,400.0,0.0,400.0,0.0
41.72300859586558,-72.60830737887875,13200,2024,GRISWOLD ST,Minor Arterial,Ramp Terminals,13200,10400,10400,10400,12600,12600,12600,10700,11847.0,0.0,13200.0,0.0
41.70357377489419,-72.5693599904085,1500,2024,2-W-21,Other Freeway and Expressway,Ramp Terminals,1500,1500,1500,1500,1500,1500,1500,1400,1400.0,0.0,1500.0,0.0
41.67654266908896,-72.54117136500341,1700,2024,2-E-24,Other Freeway and Expressway,Ramp Terminals,1700,1800,1800,1800,1900,1900,1900,2000,2000.0,0.0,1700.0,0.0
41.703296930863104,-72.57126703698196,1700,2024,2-E-22,Other Freeway and Expressway,Ramp Terminals,1700,1600,1600,1600,2500,2500,2500,1700,1700.0,0.0,1700.0,0.0
41.70762833348104,-72.59918971865551,10900,2024,NEW LONDON TPK,Major Collector,Ramp Terminals,10900,9300,9300,9300,12100,12100,12100,10800,8993.0,0.0,10900.0,0.0
41.70315821141321,-72.57081627927403,5300,2024,NEIPSIC RD,Major Collector,Ramp Terminals,5300,4900,4900,4900,5900,5900,5900,4500,5685.0,0.0,5300.0,0.0
41.66668176228472,-72.53422514351364,2100,2024,WASSUC RD,Major Collector,Ramp Terminals,2100,1900,1900,1900,2000,2000,2000,2000,3142.0,0.0,2100.0,0.0
41.71388485847872,-72.5953847540737,3400,2024,2-E-19,Other Freeway and Expressway,Ramp Terminals,3400,3100,3100,3100,3100,3100,3100,3400,3400.0,4191.903886529719,7591.903886529719,123.29129078028585
41.7034432757697,-72.56886409278526,6200,2024,NEIPSIC RD,Major Collector,Ramp Terminals,6200,5900,5900,5900,6600,6600,6600,5900,5699.0,0.0,6200.0,0.0
41.67674719603389,-72.54087697237502,4700,2024,CT-83,Other Principal Arterial,Ramp Terminals,4700,5200,5200,5200,4900,4900,4900,5600,5600.0,0.0,4700.0,0.0
41.662216250455394,-72.52115987463978,1449,2024,TOLL GATE RD,Local,Ramp Terminals,1449,1139,1022,1999,1715,2118,1899,2028,2138.0,0.0,1449.0,0.0
41.72303575017859,-72.6080762154538,13100,2024,GRISWOLD ST,Minor Arterial,Ramp Terminals,13100,10600,10600,10600,12500,12500,12500,11567,10896.0,0.0,13100.0,0.0
41.66873920518114,-72.60215744361521,59,2024,PARK PL,Local,State Intersections,59,67,49,54,307,518,403,409,413.0,0.0,59.0,0.0
41.72974975332061,-72.52252681135846,197,2024,FAIRWAY CROSSING,Local,State Intersections,197,200,442,370,751,912,751,827,827.0,0.0,197.0,0.0
41.67548242979965,-72.59884124761223,431,2024,RED HILL DR,Local,State Intersections,431,461,324,441,757,964,789,849,883.0,0.0,431.0,0.0
41.707915116598144,-72.47790171995581,40,2024,HILL ST,Local,State Intersections,40,62,21,25,246,300,302,379,416.0,16757.466520497266,16797.466520497266,41893.66630124317
41.71698427498885,-72.54033309259482,1088,2024,CHALKER HILL,Local,State Intersections,1088,1228,2536,2921,2552,3214,2647,2750,2824.0,33542.92407259112,34630.92407259112,3082.9893449072724
41.71725292084869,-72.57196304546426,298,2024,ORCHARD ST,Local,State Intersections,298,244,744,681,848,1159,897,957,961.0,27926.720512526455,28224.720512526455,9371.382722324315
41.717495219603215,-72.57202614406644,144,2024,GLENWOOD RD,Local,State Intersections,144,176,352,717,895,1103,1022,1060,1088.0,35869.54865465392,36013.54865465392,24909.408787954108
41.71500508067192,-72.58769030589063,219,2024,CITIZENS DR,Local,State Intersections,219,213,292,247,988,1673,1580,1696,1629.0,38523.57442586101,38742.57442586101,17590.67325381781
41.691463966267214,-72.53510201471151,148,2024,FISHER HILL RD,Local,State Intersections,148,109,449,1010,572,792,668,703,719.0,0.0,148.0,0.0
41.71802378168907,-72.56841792579463,38,2024,HEMLOCK HILL DR,Local,State Intersections,38,59,43,33,351,548,513,522,514.0,47028.48741479462,47066.48741479462,123759.17740735426
41.68298176630339,-72.53899855401954,630,2024,EASTBURY HILL RD,Local,State Intersections,630,417,715,4983,1252,1724,1452,1504,1497.0,0.0,630.0,0.0
41.71801894123631,-72.5622901501223,101,2024,ROSEWOOD DR,Local,State Intersections,101,91,125,82,349,511,511,538,549.0,43782.77553097071,43883.77553097071,43349.2827039314
41.66817641351382,-72.60193635465704,14400,2024,CT-17,Other Principal Arterial,State Intersections,14400,13300,13300,13300,14200,14200,14200,14000,14000.0,0.0,14400.0,0.0
41.65683041624165,-72.60434556946161,9500,2024,CT-17,Other Principal Arterial,State Intersections,9500,8600,8600,8600,9200,9200,9200,9300,9300.0,0.0,9500.0,0.0
41.666896564824114,-72.60857859146597,1400,2024,CT-160,Minor Collector,State Intersections,1400,1500,1500,1500,1600,1600,1600,1600,1600.0,0.0,1400.0,0.0
41.71679829989337,-72.57552531718329,193,2024,TARA DR,Local,State Intersections,193,216,1450,1079,1355,1797,1588,1626,1609.0,29942.271174107405,30135.271174107405,15514.130142024562
41.71636788333858,-72.55610038002759,110,2024,PINACLE RD,Local,State Intersections,110,73,46,38,312,331,236,306,323.0,28386.13400339045,28496.13400339045,25805.57636671859
41.66770559968391,-72.60227389310846,271,2024,HIGH ST,Local,State Intersections,271,354,494,694,788,925,805,856,840.0,0.0,271.0,0.0
41.71731611791813,-72.57385503127206,624,2024,VILLAGE PL,Local,State Intersections,624,589,766,429,671,1227,987,1036,1001.0,45812.306545909385,46436.306545909385,7341.715792613684
41.63649071307756,-72.60540420386191,46,2024,GLASTONBURY HUNT LA,Local,State Intersections,46,57,462,308,663,633,663,518,379.0,0.0,46.0,0.0
41.672209134230535,-72.60059043897576,203,2024,STOCKADE RD,Local,State Intersections,203,159,923,1383,1595,1750,1602,1700,1733.0,0.0,203.0,0.0
41.64374154995138,-72.6054616680547,61,2024,RAYMOND RD,Local,State Intersections,61,60,35,39,285,375,287,297,228.0,0.0,61.0,0.0
41.70548295851468,-72.53031794917337,859,2024,HURLBURT ST,Local,State Intersections,859,928,1626,1799,2380,3039,2544,2664,2719.0,0.0,859.0,0.0
41.70511728351889,-72.4716719934446,44,2024,SUNRISE DR,Local,State Intersections,44,64,315,232,332,378,289,320,323.0,5649.423847367941,5693.423847367941,12839.599653108957
41.71678012646633,-72.55632905808311,1772,2024,BELL ST,Local,State Intersections,1772,1412,1782,2486,2551,3395,2885,3021,3086.0,25394.45451037408,27166.45451037408,1433.0956269962799
41.716204871484784,-72.58142993053049,282,2024,MILL ST,Local,State Intersections,282,159,435,365,429,659,560,580,592.0,36745.71357097299,37027.71357097299,13030.394883323757
41.71877237529065,-72.52681859298167,4700,2024,CT-83,Other Principal Arterial,State Intersections,4700,4300,4300,4300,5300,5300,5300,5100,5100.0,0.0,4700.0,0.0
41.66549606060534,-72.60376247426817,1400,2024,CT-160,Minor Collector,State Intersections,1400,1500,1500,1500,1600,1600,1600,1600,1600.0,0.0,1400.0,0.0
41.69985673111248,-72.5308159021921,5900,2024,CT-83,Other Principal Arterial,State Intersections,5900,5500,5500,5500,6500,6500,6500,5600,5600.0,0.0,5900.0,0.0
41.68950630150695,-72.53720822648788,5900,2024,CT-83,Other Principal Arterial,State Intersections,5900,5500,5500,5500,6500,6500,6500,5600,5600.0,0.0,5900.0,0.0
41.7267882765261,-72.52647917319787,6300,2024,CT-83,Other Principal Arterial,State Intersections,6300,6300,6300,6300,6700,6700,6700,6700,6700.0,0.0,6300.0,0.0
41.6614165821744,-72.60468274400529,11200,2024,CT-17,Other Principal Arterial,State Intersections,11200,10100,10100,10100,10700,10700,10700,10600,10600.0,0.0,11200.0,0.0
41.67204042719008,-72.60049405538332,14400,2024,CT-17,Other Principal Arterial,State Intersections,14400,13300,13300,13300,14200,14200,14200,14000,14000.0,0.0,14400.0,0.0
41.66534056800671,-72.60357178545425,11200,2024,CT-17,Other Principal Arterial,State Intersections,11200,10100,10100,10100,10700,10700,10700,10600,10600.0,0.0,11200.0,0.0
41.6753807341939,-72.59867073635006,14400,2024,CT-17,Other Principal Arterial,State Intersections,14400,13300,13300,13300,14200,14200,14200,14000,14000.0,0.0,14400.0,0.0
41.72884029417067,-72.5236487825211,6300,2024,CT-83,Other Principal Arterial,State Intersections,6300,6300,6300,6300,6700,6700,6700,6700,6700.0,0.0,6300.0,0.0
41.7401042039173,-72.51707779715228,6600,2024,CT-83,Other Principal Arterial,State Intersections,6600,5700,5700,5700,6700,6700,6700,6700,6700.0,0.0,6600.0,0.0
41.691697914747856,-72.53512764388375,5900,2024,CT-83,Other Principal Arterial,State Intersections,5900,5500,5500,5500,6500,6500,6500,5600,5600.0,0.0,5900.0,0.0
41.70568206597512,-72.47277050807782,368,2024,BRENTWOOD DR,Local,State Intersections,368,331,330,364,915,1353,1030,1121,1134.0,16171.224978400433,16539.22497840043,4394.35461369577
41.65276938599655,-72.60373915576777,390,2024,DAYTON RD,Local,State Intersections,390,274,379,404,631,668,643,676,678.0,0.0,390.0,0.0
41.70699471746298,-72.47439870503034,763,2024,BIRCH MOUNTAIN RD,Local,State Intersections,763,740,726,1110,1310,1619,1375,1413,1442.0,11978.582873446368,12741.582873446368,1569.9322245670207
41.69618844940231,-72.45505563173282,49,2024,FOOTE LA,Local,State Intersections,49,69,71,61,346,321,301,320,166.0,11084.332908091648,11133.332908091648,22621.087567533978
41.71639755518314,-72.54520603962769,21,2024,TREAT RD,Local,State Intersections,21,21,21,21,359,393,196,21,21.0,31417.785864218702,31438.785864218702,149608.50411532714
41.70774538928029,-72.48028521953749,133,2024,RIDGE RD,Local,State Intersections,133,157,58,21,285,385,333,316,249.0,22671.695444638848,22804.695444638848,17046.387552360036
41.71713910579235,-72.57568391707441,3700,2024,ADDISON RD,Minor Arterial,State Intersections,3700,3200,3200,3200,3500,3500,3500,3200,4753.0,22205.467638656224,25905.467638656224,600.1477740177359
41.68871888596222,-72.5375638140339,48,2024,OLD MANCHESTER RD,Local,State Intersections,48,67,21,22,291,358,317,325,324.0,0.0,48.0,0.0
41.68400001929693,-72.53953287538766,3400,2024,QUARRY RD,Major Collector,State Intersections,3400,3300,3300,3300,3300,3300,3300,4000,3870.0,0.0,3400.0,0.0
41.7096206601946,-72.51417132217247,76,2024,OWENS LA,Local,State Intersections,76,90,21,21,337,370,283,177,291.0,18923.01272450913,18999.01272450913,24898.70095330149
41.66338808193525,-72.60442869442724,11200,2024,CT-17,Other Principal Arterial,State Intersections,11200,10100,10100,10100,10700,10700,10700,10600,10600.0,0.0,11200.0,0.0
41.646581367256935,-72.60560898148628,6400,2024,CT-17,Other Principal Arterial,State Intersections,6400,6100,6100,6100,6500,6500,6500,7300,7300.0,0.0,6400.0,0.0
41.6570433009024,-72.60440329888212,11200,2024,CT-17,Other Principal Arterial,State Intersections,11200,10100,10100,10100,10700,10700,10700,10600,10600.0,0.0,11200.0,0.0
41.68306366865821,-72.60022931941971,16900,2024,CT-17,Other Principal Arterial,State Intersections,16900,16000,16000,16000,17500,17500,17500,17600,17600.0,0.0,16900.0,0.0
41.67232410592197,-72.60024188276047,14400,2024,CT-17,Other Principal Arterial,State Intersections,14400,13300,13300,13300,14200,14200,14200,14000,14000.0,0.0,14400.0,0.0
41.667885292852105,-72.60198437647117,14400,2024,CT-17,Other Principal Arterial,State Intersections,14400,13300,13300,13300,14200,14200,14200,14000,14000.0,0.0,14400.0,0.0
41.661718895399474,-72.60467351366762,11200,2024,CT-17,Other Principal Arterial,State Intersections,11200,10100,10100,10100,10700,10700,10700,10600,10600.0,0.0,11200.0,0.0
41.64994170791636,-72.60427150922533,6400,2024,CT-17,Other Principal Arterial,State Intersections,6400,6100,6100,6100,6500,6500,6500,7300,7300.0,0.0,6400.0,0.0
41.66686515109945,-72.60905800209281,1400,2024,CT-160,Minor Collector,State Intersections,1400,1500,1500,1500,1600,1600,1600,1600,1600.0,0.0,1400.0,0.0
41.675268018119496,-72.5414090965314,4800,2024,CT-83,Other Principal Arterial,State Intersections,4800,4900,4900,4900,4700,4700,4700,5600,5600.0,0.0,4800.0,0.0
41.6838724371013,-72.5393344434345,5400,2024,CT-83,Other Principal Arterial,State Intersections,5400,5700,5700,5700,5500,5500,5500,5600,5600.0,0.0,5400.0,0.0
41.69952616116538,-72.53074638625732,5900,2024,CT-83,Other Principal Arterial,State Intersections,5900,5500,5500,5500,6500,6500,6500,5600,5600.0,0.0,5900.0,0.0
41.71719496415445,-72.52565718803685,1118,2024,SHADY HILL LA,Local,State Intersections,1118,921,2404,2631,2487,3194,2629,2751,2792.0,0.0,1118.0,0.0
41.70130433595439,-72.53135540194242,2100,2024,BROOK ST,Major Collector,State Intersections,2100,2300,2300,2300,2000,2000,2000,2000,3284.0,0.0,2100.0,0.0
41.71727469918179,-72.54024000671588,7200,2024,KEENEY ST,Minor Arterial,State Intersections,7200,6900,6900,6900,7600,7600,7600,6900,6589.0,21595.91500697526,28795.91500697526,299.94326398576754
41.68497083554837,-72.60022122958927,1145,2024,BUTTONBALL LA,Local,State Intersections,1145,1123,2963,4065,2788,3714,2856,3012,3085.0,0.0,1145.0,0.0
41.66361283864532,-72.61644310079028,726,2024,TRYON ST,Local,State Intersections,726,474,949,1051,1359,1661,1398,1521,1529.0,0.0,726.0,0.0
41.68420493162861,-72.60106338332474,48,2024,MALLARD DR,Local,State Intersections,48,97,49,34,356,435,346,434,283.0,0.0,48.0,0.0
41.69921637768958,-72.530680993409,5900,2024,CT-83,Other Principal Arterial,State Intersections,5900,5500,5500,5500,6500,6500,6500,5600,5600.0,0.0,5900.0,0.0
41.64040265884181,-72.6061572287534,442,2024,OLD MAIDS LA,Local,State Intersections,442,245,398,489,763,908,767,812,813.0,0.0,442.0,0.0
41.68069589469219,-72.5394847589945,5400,2024,CT-83,Other Principal Arterial,State Intersections,5400,5700,5700,5700,5500,5500,5500,5600,5600.0,0.0,5400.0,0.0
41.667012642271175,-72.60890953045595,117,2024,PEASE LA,Local,State Intersections,117,69,110,29,265,416,322,346,371.0,0.0,117.0,0.0
41.646362976811375,-72.60579767891805,496,2024,GREAT POND RD,Local,State Intersections,496,366,687,1155,1035,1324,1094,1159,1227.0,0.0,496.0,0.0
41.73977143486924,-72.5171850651224,6600,2024,CT-83,Other Principal Arterial,State Intersections,6600,5700,5700,5700,6700,6700,6700,6700,6700.0,0.0,6600.0,0.0
41.65010930244728,-72.6041870741006,6400,2024,CT-17,Other Principal Arterial,State Intersections,6400,6100,6100,6100,6500,6500,6500,7300,7300.0,0.0,6400.0,0.0
41.675689293824405,-72.59863962727461,15000,2024,CT-17,Other Principal Arterial,State Intersections,15000,14700,14700,14700,15300,15300,15300,15500,15500.0,0.0,15000.0,0.0
41.683341395225966,-72.60030648629325,16900,2024,CT-17,Other Principal Arterial,State Intersections,16900,16000,16000,16000,17500,17500,17500,17600,17600.0,0.0,16900.0,0.0
41.68452086577954,-72.6006617380177,16900,2024,CT-17,Other Principal Arterial,State Intersections,16900,16000,16000,16000,17500,17500,17500,17600,17600.0,0.0,16900.0,0.0
41.66682350279708,-72.60784722452269,1400,2024,CT-160,Minor Collector,State Intersections,1400,1500,1500,1500,1600,1600,1600,1600,1600.0,0.0,1400.0,0.0
41.69449578178469,-72.5341776390073,5900,2024,CT-83,Other Principal Arterial,State Intersections,5900,5500,5500,5500,6500,6500,6500,5600,5600.0,0.0,5900.0,0.0
41.69142006088248,-72.53545019553793,5900,2024,CT-83,Other Principal Arterial,State Intersections,5900,5500,5500,5500,6500,6500,6500,5600,5600.0,0.0,5900.0,0.0
41.7066788701131,-72.52949826621762,5900,2024,CT-83,Other Principal Arterial,State Intersections,5900,5500,5500,5500,6500,6500,6500,5600,5600.0,0.0,5900.0,0.0
41.70126763980382,-72.5310992263293,5900,2024,CT-83,Other Principal Arterial,State Intersections,5900,5500,5500,5500,6500,6500,6500,5600,5600.0,0.0,5900.0,0.0
41.6840724150798,-72.53926705829097,5900,2024,CT-83,Other Principal Arterial,State Intersections,5900,5500,5500,5500,6500,6500,6500,5600,5600.0,0.0,5900.0,0.0
41.68889137427969,-72.53731571114984,5900,2024,CT-83,Other Principal Arterial,State Intersections,5900,5500,5500,5500,6500,6500,6500,5600,5600.0,0.0,5900.0,0.0
41.716152949464,-72.54669904947546,969,2024,STRICKLAND ST,Local,State Intersections,969,888,1623,2270,2487,3539,2689,2820,2829.0,43978.97779185689,44947.97779185689,4538.594199366036
41.66764252292043,-72.60180525110853,2000,2024,HOPEWELL RD,Local,State Intersections,2000,2000,2000,2000,1900,1900,1900,1900,3509.0,0.0,2000.0,0.0
41.65177357212458,-72.60405859077358,496,2024,GREAT POND RD,Local,State Intersections,496,366,687,1155,1035,1324,1094,1159,1227.0,0.0,496.0,0.0
41.710006810196894,-72.51662581495229,157,2024,STURGEON RIVER RD,Local,State Intersections,157,138,92,54,270,363,301,320,324.0,16959.430284196125,17116.430284196125,10802.184894392436
41.68344244274121,-72.60013249832886,49,2024,PINE TREE LA,Local,State Intersections,49,56,310,382,443,560,452,452,472.0,0.0,49.0,0.0
41.7066965522667,-72.5292826449042,91,2024,SACHEM DR,Local,State Intersections,91,95,87,40,223,397,341,328,332.0,0.0,91.0,0.0
41.69434088713751,-72.53441843824534,1300,2024,NEIPSIC RD,Minor Collector,State Intersections,1300,1300,1300,1300,1200,1200,1200,1200,2383.0,0.0,1300.0,0.0
41.70034192670948,-72.46619255211668,211,2024,BAILEY ST,Local,State Intersections,211,186,394,373,765,669,585,600,593.0,6557.078246992346,6768.078246992346,3107.620022271254
41.71582513025493,-72.54891134784403,51,2024,HAWTHORNE MEAD DR,Local,State Intersections,51,71,314,152,393,407,318,352,381.0,31007.57994403432,31058.57994403432,60799.176360851605
41.7045605434789,-72.47173366928932,1214,2024,MARLBOROUGH RD,Local,State Intersections,1214,1258,1748,2446,2288,2673,2232,2352,2418.0,8473.991419420468,9687.991419420468,698.022357448144
41.70944476857948,-72.50619830878092,112,2024,JASMINE LA,Local,State Intersections,112,104,198,326,480,446,372,420,398.0,15291.37027270203,15403.37027270203,13653.009172055383
41.66830020848483,-72.60207730056266,59,2024,PARK PL,Local,State Intersections,59,67,49,54,307,518,403,409,413.0,0.0,59.0,0.0
41.661585603279725,-72.6048350587086,121,2024,CARINI RD,Local,State Intersections,121,59,166,156,338,370,371,360,291.0,0.0,121.0,0.0
41.699522194204334,-72.53044265523167,848,2024,SHODDY MILL RD,Local,State Intersections,848,784,1546,4654,2266,2778,2369,2508,2506.0,0.0,848.0,0.0
41.71472913485119,-72.58753323852712,2938,2024,OAKWOOD DR NO 2,Local,State Intersections,2938,2806,2419,2831,2589,4251,3177,3324,3332.0,21782.22861231934,24720.22861231934,741.3964810183575
41.66381754022471,-72.60429753430354,11200,2024,CT-17,Other Principal Arterial,State Intersections,11200,10100,10100,10100,10700,10700,10700,10600,10600.0,0.0,11200.0,0.0
41.66381752806508,-72.61638902881094,450,2024,CT-160,Minor Collector,State Intersections,450,450,450,450,500,500,500,450,450.0,0.0,450.0,0.0
41.651988467047744,-72.60378197611061,9500,2024,CT-17,Other Principal Arterial,State Intersections,9500,8600,8600,8600,9200,9200,9200,9300,9300.0,0.0,9500.0,0.0
41.68521217726834,-72.6003941761044,13500,2024,CT-17,Other Freeway and Expressway,State Intersections,13500,13000,13000,13000,14500,14500,14500,13700,14300.0,0.0,13500.0,0.0
41.68476841669312,-72.60045802683376,16900,2024,CT-17,Other Principal Arterial,State Intersections,16900,16000,16000,16000,17500,17500,17500,17600,17600.0,0.0,16900.0,0.0
41.68401923019877,-72.60054219999267,16900,2024,CT-17,Other Principal Arterial,State Intersections,16900,16000,16000,16000,17500,17500,17500,17600,17600.0,0.0,16900.0,0.0
41.66554350898706,-72.60346093788286,12600,2024,CT-17,Other Principal Arterial,State Intersections,12600,11800,11800,11800,12900,12900,12900,12600,12600.0,0.0,12600.0,0.0
41.71125227483029,-72.52244608164634,144,2024,CRICKET LA,Local,State Intersections,144,114,277,134,301,370,348,399,388.0,6819.120118628431,6963.120118628431,4735.500082380854
41.70695222932223,-72.52937577124268,5900,2024,CT-83,Other Principal Arterial,State Intersections,5900,5500,5500,5500,6500,6500,6500,5600,5600.0,0.0,5900.0,0.0
41.70534625904944,-72.53032484926615,5900,2024,CT-83,Other Principal Arterial,State Intersections,5900,5500,5500,5500,6500,6500,6500,5600,5600.0,0.0,5900.0,0.0
41.72107376468591,-72.52593048739831,164,2024,CEDAR RIDGE TER,Local,State Intersections,164,143,203,261,482,677,536,578,592.0,0.0,164.0,0.0
41.70156386965896,-72.5311409015291,5900,2024,CT-83,Other Principal Arterial,State Intersections,5900,5500,5500,5500,6500,6500,6500,5600,5600.0,0.0,5900.0,0.0
41.66356944983575,-72.60447665015742,121,2024,CARINI RD,Local,State Intersections,121,59,166,156,338,370,371,360,291.0,0.0,121.0,0.0
41.70559561514378,-72.47214611620328,229,2024,FERN ST,Local,State Intersections,229,158,524,728,737,882,742,793,800.0,11710.161546815067,11939.161546815067,5113.607662364658
41.73811845664441,-72.51835132410383,185,2024,INDIAN HILL TR,Local,State Intersections,185,178,312,199,412,615,471,500,491.0,0.0,185.0,0.0
41.70998964794215,-72.49785508218474,128,2024,COOP RD,Local,State Intersections,128,97,92,136,236,288,281,315,3200.0,19029.094469967942,19157.094469967942,14866.480054662456
41.68041223671516,-72.53957774128561,5400,2024,CT-83,Other Principal Arterial,State Intersections,5400,5700,5700,5700,5500,5500,5500,5600,5600.0,0.0,5400.0,0.0
41.72129320088111,-72.52615003657384,4700,2024,CT-83,Other Principal Arterial,State Intersections,4700,4300,4300,4300,5300,5300,5300,5100,5100.0,0.0,4700.0,0.0
41.68315910877941,-72.53918159228841,5400,2024,CT-83,Other Principal Arterial,State Intersections,5400,5700,5700,5700,5500,5500,5500,5600,5600.0,0.0,5400.0,0.0
41.68864703672072,-72.53730761637884,5900,2024,CT-83,Other Principal Arterial,State Intersections,5900,5500,5500,5500,6500,6500,6500,5600,5600.0,0.0,5900.0,0.0
41.68941243654422,-72.5374534530273,48,2024,OLD MANCHESTER RD,Local,State Intersections,48,67,21,22,291,358,317,325,324.0,0.0,48.0,0.0
41.663849208765214,-72.61610990655825,1400,2024,CT-160,Minor Collector,State Intersections,1400,1500,1500,1500,1600,1600,1600,1600,1600.0,0.0,1400.0,0.0
41.6827836853665,-72.6001505153767,15000,2024,CT-17,Other Principal Arterial,State Intersections,15000,14700,14700,14700,15300,15300,15300,15500,15500.0,0.0,15000.0,0.0
41.66670223211228,-72.60758440707566,1400,2024,CT-160,Minor Collector,State Intersections,1400,1500,1500,1500,1600,1600,1600,1600,1600.0,0.0,1400.0,0.0
41.69421555022871,-72.53426097188341,5900,2024,CT-83,Other Principal Arterial,State Intersections,5900,5500,5500,5500,6500,6500,6500,5600,5600.0,0.0,5900.0,0.0
41.68647846513461,-72.53767296853567,5900,2024,CT-83,Other Principal Arterial,State Intersections,5900,5500,5500,5500,6500,6500,6500,5600,5600.0,0.0,5900.0,0.0
41.6867697657236,-72.53756160997484,5900,2024,CT-83,Other Principal Arterial,State Intersections,5900,5500,5500,5500,6500,6500,6500,5600,5600.0,0.0,5900.0,0.0
41.7055221184791,-72.53014709614534,5900,2024,CT-83,Other Principal Arterial,State Intersections,5900,5500,5500,5500,6500,6500,6500,5600,5600.0,0.0,5900.0,0.0
41.72478392651472,-72.52635041193362,4700,2024,CT-83,Other Principal Arterial,State Intersections,4700,4300,4300,4300,5300,5300,5300,5100,5100.0,0.0,4700.0,0.0
41.71634534822595,-72.54740047455557,122,2024,POND CIR,Local,State Intersections,122,100,75,105,182,320,238,267,289.0,25470.64163979708,25592.64163979708,20877.57511458777
41.71673801723494,-72.54495274426964,359,2024,HARVEST LA,Local,State Intersections,359,158,508,585,506,719,471,496,387.0,34660.9707426124,35019.9707426124,9654.866502120445
41.7158810279772,-72.58489173220084,4839,2024,EASTERN BLVD,Local,State Intersections,4839,4700,4386,5198,4048,5836,4584,4782,4917.0,37946.27297031706,42785.27297031706,784.1759241644361
41.68497945444911,-72.60093571622012,6800,2024,MAIN ST,Minor Arterial,State Intersections,6800,5700,5700,5700,5700,5700,5700,5900,5597.0,0.0,6800.0,0.0
41.72454813083854,-72.52658058894833,45,2024,HOPE LA,Local,State Intersections,45,21,21,21,269,399,244,21,136.0,0.0,45.0,0.0
41.6866199414789,-72.53740977595031,1286,2024,FOREST LA,Local,State Intersections,1286,1009,2512,788,2182,2880,2426,2572,2618.0,0.0,1286.0,0.0
41.67523211025605,-72.54172518930787,8600,2024,NEW LONDON TPK,Major Collector,State Intersections,8600,8100,8100,8100,9800,9800,9800,8900,4934.0,0.0,8600.0,0.0
41.675065479583616,-72.54141672238812,3600,2024,NEW LONDON TPK,Major Collector,State Intersections,3600,3600,3600,3600,3500,3500,3500,5100,4352.0,0.0,3600.0,0.0
41.666897916833776,-72.60763499272258,149,2024,HIGH ST,Local,State Intersections,149,85,414,579,552,636,584,618,618.0,0.0,149.0,0.0
41.710942602471455,-72.5225444106807,1303,2024,WEIR ST,Local,State Intersections,1303,1303,1503,2170,2417,2885,2429,2534,2544.0,6756.169368488052,8059.169368488052,518.5087773206486
41.65637834270895,-72.60441697744835,186,2024,DUG RD,Local,State Intersections,186,113,291,390,373,377,363,393,394.0,0.0,186.0,0.0
41.71876486954383,-72.52652224322698,59,2024,BROOKHAVEN DR,Local,State Intersections,59,68,33,25,238,391,308,348,200.0,0.0,59.0,0.0
41.71548495303722,-72.55113385539593,51,2024,HAWTHORNE MEAD DR,Local,State Intersections,51,71,314,152,393,407,318,352,381.0,42416.06575371916,42467.06575371916,83168.75637984149
41.67547271671562,-72.59849983995886,3300,2024,CHESTNUT HILL RD,Major Collector,State Intersections,3300,3100,3100,3100,3100,3100,3100,3189,3553.0,0.0,3300.0,0.0
41.6653165639166,-72.60338897464129,48,2024,COTTON HOLLOW RD,Local,State Intersections,48,78,29,37,374,454,322,337,347.0,0.0,48.0,0.0
41.72664313451526,-72.5266646600555,2700,2024,HOWE RD,Major Collector,State Intersections,2700,3000,3000,3000,3000,3000,3000,2800,3161.0,0.0,2700.0,0.0
41.65006884535154,-72.6039876255561,136,2024,KIMBERLY LA,Local,State Intersections,136,81,88,63,257,325,304,312,317.0,0.0,136.0,0.0
41.65165700049252,-72.60375116081524,6400,2024,CT-17,Other Principal Arterial,State Intersections,6400,6100,6100,6100,6500,6500,6500,7300,7300.0,0.0,6400.0,0.0
41.66848373906689,-72.60189745744013,14400,2024,CT-17,Other Principal Arterial,State Intersections,14400,13300,13300,13300,14200,14200,14200,14000,14000.0,0.0,14400.0,0.0
41.66302599176877,-72.60452105964676,11200,2024,CT-17,Other Principal Arterial,State Intersections,11200,10100,10100,10100,10700,10700,10700,10600,10600.0,0.0,11200.0,0.0
41.65651789510725,-72.60427570094043,9500,2024,CT-17,Other Principal Arterial,State Intersections,9500,8600,8600,8600,9200,9200,9200,9300,9300.0,0.0,9500.0,0.0
41.6685574946015,-72.60188812196301,14400,2024,CT-17,Other Principal Arterial,State Intersections,14400,13300,13300,13300,14200,14200,14200,14000,14000.0,0.0,14400.0,0.0
41.652754329953865,-72.6038598104225,9500,2024,CT-17,Other Principal Arterial,State Intersections,9500,8600,8600,8600,9200,9200,9200,9300,9300.0,0.0,9500.0,0.0
41.682872650677965,-72.60000357455232,2632,2024,OVERLOOK RD,Local,State Intersections,2632,2363,2220,3417,3141,3982,3302,3508,3601.0,0.0,2632.0,0.0
41.66282759718849,-72.60433010171677,152,2024,SOUTH MILL DR,Local,State Intersections,152,183,232,183,402,604,463,477,487.0,0.0,152.0,0.0
41.71001925927175,-72.51264919970885,28,2024,OLD HEBRON RD,Local,State Intersections,28,63,21,48,254,258,288,313,311.0,15806.107006917271,15834.107006917271,56450.38216756168
41.73028381784819,-72.51762539534107,850,2024,MOUNTAIN RD,Local,State Intersections,850,800,800,800,1000,1000,1000,850,1627.0,0.0,850.0,0.0
41.72882923148535,-72.52351349849947,164,2024,CEDAR RIDGE TER,Local,State Intersections,164,143,203,261,482,677,536,578,592.0,0.0,164.0,0.0
41.699274272092175,-72.53083668696824,108,2024,FRANCIS DR,Local,State Intersections,108,82,229,708,468,529,400,412,419.0,0.0,108.0,0.0
41.68046641635682,-72.53937057434337,645,2024,CHIMNEYSWEEP HILL RD,Local,State Intersections,645,639,482,440,685,1040,832,877,895.0,0.0,645.0,0.0
41.65703261518863,-72.60420316039045,799,2024,FOOTE RD,Local,State Intersections,799,687,1173,2007,1615,1735,1508,1602,1645.0,0.0,799.0,0.0
41.7175664362745,-72.56042229291423,2400,2024,WICKHAM RD NO 1,Minor Collector,State Intersections,2400,2200,2200,2200,2000,2000,2000,2000,3719.0,64433.847510492604,66833.8475104926,2684.743646270525
41.717071280698136,-72.52583017582755,6900,2024,CT-83,Other Principal Arterial,State Intersections,6900,6500,6500,6500,8000,8000,8000,7300,7300.0,0.0,6900.0,0.0
41.68354382944102,-72.6003609448502,16900,2024,CT-17,Other Principal Arterial,State Intersections,16900,16000,16000,16000,17500,17500,17500,17600,17600.0,0.0,16900.0,0.0
41.72951187681108,-72.52259076907426,6300,2024,CT-83,Other Principal Arterial,State Intersections,6300,6300,6300,6300,6700,6700,6700,6700,6700.0,0.0,6300.0,0.0
41.66884626208745,-72.60184957773055,14400,2024,CT-17,Other Principal Arterial,State Intersections,14400,13300,13300,13300,14200,14200,14200,14000,14000.0,0.0,14400.0,0.0
41.73798039896956,-72.5181366300954,6600,2024,CT-83,Other Principal Arterial,State Intersections,6600,5700,5700,5700,6700,6700,6700,6700,6700.0,0.0,6600.0,0.0
41.724503752304734,-72.52629462312497,4700,2024,CT-83,Other Principal Arterial,State Intersections,4700,4300,4300,4300,5300,5300,5300,5100,5100.0,0.0,4700.0,0.0
41.64628717615663,-72.60562033349717,6400,2024,CT-17,Other Principal Arterial,State Intersections,6400,6100,6100,6100,6500,6500,6500,7300,7300.0,0.0,6400.0,0.0
41.66753041515461,-72.60215883409901,12600,2024,CT-17,Other Principal Arterial,State Intersections,12600,11800,11800,11800,12900,12900,12900,12600,12600.0,0.0,12600.0,0.0
41.729026348314925,-72.52335974292605,6300,2024,CT-83,Other Principal Arterial,State Intersections,6300,6300,6300,6300,6700,6700,6700,6700,6700.0,0.0,6300.0,0.0
41.7123324533294,-72.52667869487121,6900,2024,CT-83,Other Principal Arterial,State Intersections,6900,6500,6500,6500,8000,8000,8000,7300,7300.0,21344.20208767131,28244.20208767131,309.3362621401639
41.72968079093346,-72.52228173066418,6300,2024,CT-83,Other Principal Arterial,State Intersections,6300,6300,6300,6300,6700,6700,6700,6700,6700.0,0.0,6300.0,0.0
41.65628041054327,-72.60423025194642,9500,2024,CT-17,Other Principal Arterial,State Intersections,9500,8600,8600,8600,9200,9200,9200,9300,9300.0,0.0,9500.0,0.0
41.73829663695316,-72.51803490597844,6600,2024,CT-83,Other Principal Arterial,State Intersections,6600,5700,5700,5700,6700,6700,6700,6700,6700.0,0.0,6600.0,0.0
41.66276565146687,-72.60457531377482,11200,2024,CT-17,Other Principal Arterial,State Intersections,11200,10100,10100,10100,10700,10700,10700,10600,10600.0,0.0,11200.0,0.0
41.68919272133165,-72.53729494778632,5900,2024,CT-83,Other Principal Arterial,State Intersections,5900,5500,5500,5500,6500,6500,6500,5600,5600.0,0.0,5900.0,0.0
41.65305452957044,-72.6038903191258,9500,2024,CT-17,Other Principal Arterial,State Intersections,9500,8600,8600,8600,9200,9200,9200,9300,9300.0,0.0,9500.0,0.0
41.71196580647376,-72.52678381294139,5900,2024,CT-83,Other Principal Arterial,State Intersections,5900,5500,5500,5500,6500,6500,6500,5600,5600.0,24269.190277370344,30169.190277370344,411.34220809102277
41.682836830593246,-72.53911747983099,5400,2024,CT-83,Other Principal Arterial,State Intersections,5400,5700,5700,5700,5500,5500,5500,5600,5600.0,0.0,5400.0,0.0
41.730430258440975,-72.51777308899626,6600,2024,CT-83,Other Principal Arterial,State Intersections,6600,5700,5700,5700,6700,6700,6700,6700,6700.0,0.0,6600.0,0.0
41.720998770213015,-72.52616534010349,4700,2024,CT-83,Other Principal Arterial,State Intersections,4700,4300,4300,4300,5300,5300,5300,5100,5100.0,0.0,4700.0,0.0
41.71860088377175,-72.52672786127245,4700,2024,CT-83,Other Principal Arterial,State Intersections,4700,4300,4300,4300,5300,5300,5300,5100,5100.0,0.0,4700.0,0.0
41.73024216450288,-72.51790451609824,6300,2024,CT-83,Other Principal Arterial,State Intersections,6300,6300,6300,6300,6700,6700,6700,6700,6700.0,0.0,6300.0,0.0
41.69940037728632,-72.5307200023104,5900,2024,CT-83,Other Principal Arterial,State Intersections,5900,5500,5500,5500,6500,6500,6500,5600,5600.0,0.0,5900.0,0.0
41.72656498077309,-72.5265956067163,4700,2024,CT-83,Other Principal Arterial,State Intersections,4700,4300,4300,4300,5300,5300,5300,5100,5100.0,0.0,4700.0,0.0
41.71729890898985,-72.52592464911014,4700,2024,CT-83,Other Principal Arterial,State Intersections,4700,4300,4300,4300,5300,5300,5300,5100,5100.0,0.0,4700.0,0.0
41.72357406623525,-72.60807899166777,77400,2024,CT-2,Other Freeway and Expressway,State Segments,77400,74400,74400,74400,80400,80400,80400,78000,77100.0,0.0,77400.0,0.0
41.721766514133535,-72.60646047128502,77400,2024,CT-2,Other Freeway and Expressway,State Segments,77400,74400,74400,74400,80400,80400,80400,78000,77100.0,0.0,77400.0,0.0
41.720491246221606,-72.60519230498439,77400,2024,CT-2,Other Freeway and Expressway,State Segments,77400,74400,74400,74400,80400,80400,80400,78000,77100.0,0.0,77400.0,0.0
41.7000738260354,-72.5648692503908,45700,2024,CT-2,Other Freeway and Expressway,State Segments,45700,43800,43800,43800,45400,45400,45400,46600,45900.0,0.0,45700.0,0.0
41.69919873342466,-72.56144088740864,45700,2024,CT-2,Other Freeway and Expressway,State Segments,45700,43800,43800,43800,45400,45400,45400,46600,45900.0,0.0,45700.0,0.0
41.69836650025086,-72.55818332065127,45700,2024,CT-2,Other Freeway and Expressway,State Segments,45700,43800,43800,43800,45400,45400,45400,46600,45900.0,0.0,45700.0,0.0
41.71311290266983,-72.59143659829553,45200,2024,CT-2,Other Freeway and Expressway,State Segments,45200,43500,43500,43500,45600,45600,45600,45800,48300.0,0.0,45200.0,0.0
41.70637325210812,-72.5762592142666,48900,2024,CT-2,Other Freeway and Expressway,State Segments,48900,46900,46900,46900,49400,49400,49400,49700,48300.0,0.0,48900.0,0.0
41.72635923050056,-72.61077532096158,64700,2024,CT-2,Other Freeway and Expressway,State Segments,64700,62500,62500,62500,66900,66900,66900,65400,63700.0,0.0,64700.0,0.0
41.72500258843186,-72.6093498614521,60300,2024,CT-2,Other Freeway and Expressway,State Segments,60300,58500,58500,58500,62500,62500,62500,61600,63700.0,0.0,60300.0,0.0
41.7244490341423,-72.60887325109465,77400,2024,CT-2,Other Freeway and Expressway,State Segments,77400,74400,74400,74400,80400,80400,80400,78000,77100.0,0.0,77400.0,0.0
41.71886992999562,-72.60285083757691,68400,2024,CT-2,Other Freeway and Expressway,State Segments,68400,65900,65900,65900,70900,70900,70900,69700,68900.0,0.0,68400.0,0.0
41.71794874041736,-72.60181238099541,68400,2024,CT-2,Other Freeway and Expressway,State Segments,68400,65900,65900,65900,70900,70900,70900,69700,68900.0,0.0,68400.0,0.0
41.71652077151426,-72.6003760970949,68400,2024,CT-2,Other Freeway and Expressway,State Segments,68400,65900,65900,65900,70900,70900,70900,69700,68900.0,0.0,68400.0,0.0
41.71571681794599,-72.59931013374549,50100,2024,CT-2,Other Freeway and Expressway,State Segments,50100,48300,48300,48300,51600,51600,51600,51600,46200.0,0.0,50100.0,0.0
41.72670786116787,-72.61126492080002,64700,2024,CT-2,Other Freeway and Expressway,State Segments,64700,62500,62500,62500,66900,66900,66900,65400,63700.0,0.0,64700.0,0.0
41.71256079461337,-72.58972337758998,45200,2024,CT-2,Other Freeway and Expressway,State Segments,45200,43500,43500,43500,45600,45600,45600,45800,48300.0,0.0,45200.0,0.0
41.71034049749243,-72.58546196122954,48900,2024,CT-2,Other Freeway and Expressway,State Segments,48900,46900,46900,46900,49400,49400,49400,49700,48300.0,0.0,48900.0,0.0
41.705527984209525,-72.57374134052567,48900,2024,CT-2,Other Freeway and Expressway,State Segments,48900,46900,46900,46900,49400,49400,49400,49700,48300.0,0.0,48900.0,0.0
41.660747443585095,-72.51990955122574,47400,2024,CT-2,Other Freeway and Expressway,State Segments,47400,45500,45500,45500,48100,48100,48100,48400,47800.0,0.0,47400.0,0.0
41.66037769128408,-72.51880733880488,47400,2024,CT-2,Other Freeway and Expressway,State Segments,47400,45500,45500,45500,48100,48100,48100,48400,47800.0,0.0,47400.0,0.0
41.65903573105464,-72.51451858560999,47400,2024,CT-2,Other Freeway and Expressway,State Segments,47400,45500,45500,45500,48100,48100,48100,48400,47800.0,0.0,47400.0,0.0
41.65875976424098,-72.51323098153472,47400,2024,CT-2,Other Freeway and Expressway,State Segments,47400,45500,45500,45500,48100,48100,48100,48400,47800.0,0.0,47400.0,0.0
41.65771004063814,-72.50693896655747,47400,2024,CT-2,Other Freeway and Expressway,State Segments,47400,45500,45500,45500,48100,48100,48100,48400,47800.0,0.0,47400.0,0.0
41.69033332461639,-72.54021774155069,45700,2024,CT-2,Other Freeway and Expressway,State Segments,45700,43800,43800,43800,45400,45400,45400,46600,45900.0,0.0,45700.0,0.0
41.68885155174135,-72.5400738052028,45700,2024,CT-2,Other Freeway and Expressway,State Segments,45700,43800,43800,43800,45400,45400,45400,46600,45900.0,0.0,45700.0,0.0
41.68737400014495,-72.54028548318222,45700,2024,CT-2,Other Freeway and Expressway,State Segments,45700,43800,43800,43800,45400,45400,45400,46600,45900.0,0.0,45700.0,0.0
41.66231200702121,-72.52461433739167,47000,2024,CT-2,Other Freeway and Expressway,State Segments,47000,45100,45100,45100,47700,47700,47700,48000,47400.0,0.0,47000.0,0.0
41.68157099852319,-72.54153692375132,45700,2024,CT-2,Other Freeway and Expressway,State Segments,45700,43800,43800,43800,45400,45400,45400,46600,45900.0,0.0,45700.0,0.0
41.65946794186884,-72.51606233573034,47400,2024,CT-2,Other Freeway and Expressway,State Segments,47400,45500,45500,45500,48100,48100,48100,48400,47800.0,0.0,47400.0,0.0
41.6572470600909,-72.50552753824668,47400,2024,CT-2,Other Freeway and Expressway,State Segments,47400,45500,45500,45500,48100,48100,48100,48400,47800.0,0.0,47400.0,0.0
41.69525298792409,-72.54411508942503,45700,2024,CT-2,Other Freeway and Expressway,State Segments,45700,43800,43800,43800,45400,45400,45400,46600,45900.0,0.0,45700.0,0.0
41.69331919703698,-72.54178515987215,45700,2024,CT-2,Other Freeway and Expressway,State Segments,45700,43800,43800,43800,45400,45400,45400,46600,45900.0,0.0,45700.0,0.0
41.68553658983218,-72.54068327610676,45700,2024,CT-2,Other Freeway and Expressway,State Segments,45700,43800,43800,43800,45400,45400,45400,46600,45900.0,0.0,45700.0,0.0
41.66549606060534,-72.60376247426817,1400,2024,CT-160,Minor Collector,State Segments,1400,1500,1500,1500,1600,1600,1600,1600,1600.0,0.0,1400.0,0.0
41.6653100147056,-72.61376604935104,1400,2024,CT-160,Minor Collector,State Segments,1400,1500,1500,1500,1600,1600,1600,1600,1600.0,0.0,1400.0,0.0
41.666289223508905,-72.60620581899218,1400,2024,CT-160,Minor Collector,State Segments,1400,1500,1500,1500,1600,1600,1600,1600,1600.0,0.0,1400.0,0.0
41.70121054784751,-72.56766523039482,45700,2024,CT-2,Other Freeway and Expressway,State Segments,45700,43800,43800,43800,45400,45400,45400,46600,45900.0,0.0,45700.0,0.0
41.72575160625826,-72.61005256005693,64700,2024,CT-2,Other Freeway and Expressway,State Segments,64700,62500,62500,62500,66900,66900,66900,65400,63700.0,0.0,64700.0,0.0
41.71743099986376,-72.6012825295735,68400,2024,CT-2,Other Freeway and Expressway,State Segments,68400,65900,65900,65900,70900,70900,70900,69700,68900.0,0.0,68400.0,0.0
41.71705188177755,-72.600914639375,68400,2024,CT-2,Other Freeway and Expressway,State Segments,68400,65900,65900,65900,70900,70900,70900,69700,68900.0,0.0,68400.0,0.0
41.71456725500061,-72.59631306871813,41800,2024,CT-2,Other Freeway and Expressway,State Segments,41800,40400,40400,40400,42500,42500,42500,42400,46200.0,9709.71335391672,51509.71335391672,23.22897931559024
41.71438200908891,-72.59566873216909,41800,2024,CT-2,Other Freeway and Expressway,State Segments,41800,40400,40400,40400,42500,42500,42500,42400,46200.0,13356.879759045789,55156.87975904579,31.95425779676026
41.71376748705492,-72.59361189566846,41800,2024,CT-2,Other Freeway and Expressway,State Segments,41800,40400,40400,40400,42500,42500,42500,42400,46200.0,14843.709397684026,56643.709397684026,35.51126650163642
41.70979672690202,-72.58451007265246,48900,2024,CT-2,Other Freeway and Expressway,State Segments,48900,46900,46900,46900,49400,49400,49400,49700,48300.0,0.0,48900.0,0.0
41.70920995598292,-72.5834958443118,48900,2024,CT-2,Other Freeway and Expressway,State Segments,48900,46900,46900,46900,49400,49400,49400,49700,48300.0,0.0,48900.0,0.0
41.66590033220326,-72.53186098468474,46500,2024,CT-2,Other Freeway and Expressway,State Segments,46500,44600,44600,44600,47000,47000,47000,47500,46900.0,0.0,46500.0,0.0
41.6640261488663,-72.529314610542,47000,2024,CT-2,Other Freeway and Expressway,State Segments,47000,45100,45100,45100,47700,47700,47700,48000,47400.0,0.0,47000.0,0.0
41.66342607369057,-72.52793652392083,47000,2024,CT-2,Other Freeway and Expressway,State Segments,47000,45100,45100,45100,47700,47700,47700,48000,47400.0,0.0,47000.0,0.0
41.66312299952073,-72.52704744497862,47000,2024,CT-2,Other Freeway and Expressway,State Segments,47000,45100,45100,45100,47700,47700,47700,48000,47400.0,0.0,47000.0,0.0
41.69630632290223,-72.5466890708834,45700,2024,CT-2,Other Freeway and Expressway,State Segments,45700,43800,43800,43800,45400,45400,45400,46600,45900.0,0.0,45700.0,0.0
41.66444023833392,-72.61949678491538,450,2024,CT-160,Minor Collector,State Segments,450,450,450,450,500,500,500,450,450.0,0.0,450.0,0.0
41.68520037710999,-72.5385290507518,5900,2024,CT-83,Other Principal Arterial,State Segments,5900,5500,5500,5500,6500,6500,6500,5600,5600.0,0.0,5900.0,0.0
41.726840342802376,-72.52641047420089,6300,2024,CT-83,Other Principal Arterial,State Segments,6300,6300,6300,6300,6700,6700,6700,6700,6700.0,0.0,6300.0,0.0
41.73888119989628,-72.51773437998617,6600,2024,CT-83,Other Principal Arterial,State Segments,6600,5700,5700,5700,6700,6700,6700,6700,6700.0,0.0,6600.0,0.0
41.67684680685585,-72.54084219790056,4700,2024,CT-83,Other Principal Arterial,State Segments,4700,5200,5200,5200,4900,4900,4900,5600,5600.0,0.0,4700.0,0.0
41.67831620799014,-72.54033126715471,5400,2024,CT-83,Other Principal Arterial,State Segments,5400,5700,5700,5700,5500,5500,5500,5600,5600.0,0.0,5400.0,0.0
41.728336099764135,-72.52437969777328,6300,2024,CT-83,Other Principal Arterial,State Segments,6300,6300,6300,6300,6700,6700,6700,6700,6700.0,0.0,6300.0,0.0
41.72526984121225,-72.60958740553717,64700,2024,CT-2,Other Freeway and Expressway,State Segments,64700,62500,62500,62500,66900,66900,66900,65400,63700.0,0.0,64700.0,0.0
41.71908376139239,-72.60316717800198,77400,2024,CT-2,Other Freeway and Expressway,State Segments,77400,74400,74400,74400,80400,80400,80400,78000,77100.0,0.0,77400.0,0.0
41.71646984743406,-72.60032024385855,59200,2024,CT-2,Other Freeway and Expressway,State Segments,59200,57300,57300,57300,61100,61100,61100,60100,46200.0,0.0,59200.0,0.0
41.7271964476128,-72.61205946967942,68200,2024,CT-2,Other Freeway and Expressway,State Segments,68200,65600,65600,65600,70300,70300,70300,68800,68000.0,0.0,68200.0,0.0
41.71304745068315,-72.59121801040394,45200,2024,CT-2,Other Freeway and Expressway,State Segments,45200,43500,43500,43500,45600,45600,45600,45800,48300.0,0.0,45200.0,0.0
41.71175572745472,-72.58793609508326,48900,2024,CT-2,Other Freeway and Expressway,State Segments,48900,46900,46900,46900,49400,49400,49400,49700,48300.0,0.0,48900.0,0.0
41.70526861814916,-72.57312840086027,48900,2024,CT-2,Other Freeway and Expressway,State Segments,48900,46900,46900,46900,49400,49400,49400,49700,48300.0,0.0,48900.0,0.0
41.662833166936885,-72.5261747732838,47000,2024,CT-2,Other Freeway and Expressway,State Segments,47000,45100,45100,45100,47700,47700,47700,48000,47400.0,0.0,47000.0,0.0
41.66137921137141,-72.52181219439805,47000,2024,CT-2,Other Freeway and Expressway,State Segments,47000,45100,45100,45100,47700,47700,47700,48000,47400.0,0.0,47000.0,0.0
41.668036220490855,-72.53361136183486,46500,2024,CT-2,Other Freeway and Expressway,State Segments,46500,44600,44600,44600,47000,47000,47000,47500,46900.0,0.0,46500.0,0.0
41.68195105929743,-72.54145657208714,45700,2024,CT-2,Other Freeway and Expressway,State Segments,45700,43800,43800,43800,45400,45400,45400,46600,45900.0,0.0,45700.0,0.0
41.659306752251446,-72.51552469631545,47400,2024,CT-2,Other Freeway and Expressway,State Segments,47400,45500,45500,45500,48100,48100,48100,48400,47800.0,0.0,47400.0,0.0
41.69469691092839,-72.54327966585195,45700,2024,CT-2,Other Freeway and Expressway,State Segments,45700,43800,43800,43800,45400,45400,45400,46600,45900.0,0.0,45700.0,0.0
41.69193456282381,-72.54081896854449,45700,2024,CT-2,Other Freeway and Expressway,State Segments,45700,43800,43800,43800,45400,45400,45400,46600,45900.0,0.0,45700.0,0.0
41.685844490806325,-72.54061554093349,45700,2024,CT-2,Other Freeway and Expressway,State Segments,45700,43800,43800,43800,45400,45400,45400,46600,45900.0,0.0,45700.0,0.0
41.68366630151075,-72.54108019403506,45700,2024,CT-2,Other Freeway and Expressway,State Segments,45700,43800,43800,43800,45400,45400,45400,46600,45900.0,0.0,45700.0,0.0
41.6838724371013,-72.5393344434345,5400,2024,CT-83,Other Principal Arterial,State Segments,5400,5700,5700,5700,5500,5500,5500,5600,5600.0,0.0,5400.0,0.0
41.713784853572825,-72.59089164847038,7100,2024,SR-910,Major Collector,State Segments,7100,7400,7400,7400,11600,11600,11600,11700,11700.0,5576.296294296941,12676.29629429694,78.53938442671748
41.65171670400327,-72.49851484532849,47400,2024,CT-2,Other Freeway and Expressway,State Segments,47400,45500,45500,45500,48100,48100,48100,48400,47800.0,0.0,47400.0,0.0
41.71028100657664,-72.59767297798057,11400,2024,CT-17,Other Freeway and Expressway,State Segments,11400,10700,10700,10700,12600,12600,12600,10900,10900.0,0.0,11400.0,0.0
41.710647746390855,-72.59752362661006,14900,2024,CT-17,Other Freeway and Expressway,State Segments,14900,14000,14000,14000,15900,15900,15900,14000,17200.0,0.0,14900.0,0.0
41.71121572923979,-72.59739275543723,18100,2024,CT-17,Other Freeway and Expressway,State Segments,18100,17000,17000,17000,19000,19000,19000,16800,17200.0,0.0,18100.0,0.0
41.66817641351382,-72.60193635465704,14400,2024,CT-17,Other Principal Arterial,State Segments,14400,13300,13300,13300,14200,14200,14200,14000,14000.0,0.0,14400.0,0.0
41.67377873595861,-72.5991986241265,14400,2024,CT-17,Other Principal Arterial,State Segments,14400,13300,13300,13300,14200,14200,14200,14000,14000.0,0.0,14400.0,0.0
41.68417471237914,-72.60044227476126,16900,2024,CT-17,Other Principal Arterial,State Segments,16900,16000,16000,16000,17500,17500,17500,17600,17600.0,0.0,16900.0,0.0
41.6855174807474,-72.60033030810924,13500,2024,CT-17,Other Freeway and Expressway,State Segments,13500,13000,13000,13000,14500,14500,14500,13700,14300.0,0.0,13500.0,0.0
41.68580558287056,-72.60025000115046,13500,2024,CT-17,Other Freeway and Expressway,State Segments,13500,13000,13000,13000,14500,14500,14500,13700,14300.0,0.0,13500.0,0.0
41.67648618330241,-72.59859552702656,15000,2024,CT-17,Other Principal Arterial,State Segments,15000,14700,14700,14700,15300,15300,15300,15500,15500.0,0.0,15000.0,0.0
41.67856726917024,-72.59874223448186,15000,2024,CT-17,Other Principal Arterial,State Segments,15000,14700,14700,14700,15300,15300,15300,15500,15500.0,0.0,15000.0,0.0
41.68079945246341,-72.54170242185303,43500,2024,CT-2,Other Freeway and Expressway,State Segments,43500,41700,41700,41700,43300,43300,43300,44600,45900.0,0.0,43500.0,0.0
41.65455802828147,-72.50227040651546,47400,2024,CT-2,Other Freeway and Expressway,State Segments,47400,45500,45500,45500,48100,48100,48100,48400,47800.0,0.0,47400.0,0.0
41.654082532191154,-72.50184977607378,47400,2024,CT-2,Other Freeway and Expressway,State Segments,47400,45500,45500,45500,48100,48100,48100,48400,47800.0,0.0,47400.0,0.0
41.67798515946758,-72.54135303895262,41800,2024,CT-2,Other Freeway and Expressway,State Segments,41800,39900,39900,39900,41400,41400,41400,42600,42400.0,0.0,41800.0,0.0
41.67932306844956,-72.5417729477114,43500,2024,CT-2,Other Freeway and Expressway,State Segments,43500,41700,41700,41700,43300,43300,43300,44600,45900.0,0.0,43500.0,0.0
41.65597620456154,-72.50354280658499,47400,2024,CT-2,Other Freeway and Expressway,State Segments,47400,45500,45500,45500,48100,48100,48100,48400,47800.0,0.0,47400.0,0.0
41.67416800614843,-72.53848618413241,46500,2024,CT-2,Other Freeway and Expressway,State Segments,46500,44600,44600,44600,47000,47000,47000,47500,46900.0,0.0,46500.0,0.0
41.673580037707225,-72.53801835312699,46500,2024,CT-2,Other Freeway and Expressway,State Segments,46500,44600,44600,44600,47000,47000,47000,47500,46900.0,0.0,46500.0,0.0
41.67217306704767,-72.5368950779481,46500,2024,CT-2,Other Freeway and Expressway,State Segments,46500,44600,44600,44600,47000,47000,47000,47500,46900.0,0.0,46500.0,0.0
41.67029006096192,-72.53539482503972,46500,2024,CT-2,Other Freeway and Expressway,State Segments,46500,44600,44600,44600,47000,47000,47000,47500,46900.0,0.0,46500.0,0.0
41.7087111426014,-72.59922468122562,10400,2024,CT-17,Other Freeway and Expressway,State Segments,10400,9800,9800,9800,11800,11800,11800,10400,10900.0,0.0,10400.0,0.0
41.709387123979205,-72.59840486539736,10400,2024,CT-17,Other Freeway and Expressway,State Segments,10400,9800,9800,9800,11800,11800,11800,10400,10900.0,0.0,10400.0,0.0
41.70997823773492,-72.59786008670258,10400,2024,CT-17,Other Freeway and Expressway,State Segments,10400,9800,9800,9800,11800,11800,11800,10400,10900.0,0.0,10400.0,0.0
41.71516974710287,-72.59783840879643,18100,2024,CT-17,Other Freeway and Expressway,State Segments,18100,17000,17000,17000,19000,19000,19000,16800,17200.0,7431.941691176327,25531.941691176326,41.060451332465895
41.66540890661816,-72.60353445734536,11200,2024,CT-17,Other Principal Arterial,State Segments,11200,10100,10100,10100,10700,10700,10700,10600,10600.0,0.0,11200.0,0.0
41.6623443386297,-72.60463308278833,11200,2024,CT-17,Other Principal Arterial,State Segments,11200,10100,10100,10100,10700,10700,10700,10600,10600.0,0.0,11200.0,0.0
41.69787450848578,-72.59998272466815,13500,2024,CT-17,Other Freeway and Expressway,State Segments,13500,13000,13000,13000,14500,14500,14500,13700,14300.0,0.0,13500.0,0.0
41.6985350931016,-72.60006016300073,13500,2024,CT-17,Other Freeway and Expressway,State Segments,13500,13000,13000,13000,14500,14500,14500,13700,14300.0,0.0,13500.0,0.0
41.683271967868365,-72.60028719540371,16900,2024,CT-17,Other Principal Arterial,State Segments,16900,16000,16000,16000,17500,17500,17500,17600,17600.0,0.0,16900.0,0.0
41.68401262951782,-72.60042552753383,16900,2024,CT-17,Other Principal Arterial,State Segments,16900,16000,16000,16000,17500,17500,17500,17600,17600.0,0.0,16900.0,0.0
41.68647343505688,-72.59998386516433,13500,2024,CT-17,Other Freeway and Expressway,State Segments,13500,13000,13000,13000,14500,14500,14500,13700,14300.0,0.0,13500.0,0.0
41.68767391003983,-72.59949782066788,13500,2024,CT-17,Other Freeway and Expressway,State Segments,13500,13000,13000,13000,14500,14500,14500,13700,14300.0,0.0,13500.0,0.0
41.66276565146687,-72.60457531377482,11200,2024,CT-17,Other Principal Arterial,State Segments,11200,10100,10100,10100,10700,10700,10700,10600,10600.0,0.0,11200.0,0.0
41.66302599176877,-72.60452105964676,11200,2024,CT-17,Other Principal Arterial,State Segments,11200,10100,10100,10100,10700,10700,10700,10600,10600.0,0.0,11200.0,0.0
41.66431329577167,-72.60409828417457,11200,2024,CT-17,Other Principal Arterial,State Segments,11200,10100,10100,10100,10700,10700,10700,10600,10600.0,0.0,11200.0,0.0
41.70146803962016,-72.6006422829099,13500,2024,CT-17,Other Freeway and Expressway,State Segments,13500,13000,13000,13000,14500,14500,14500,13700,14300.0,0.0,13500.0,0.0
41.70253928784609,-72.60086272981184,13500,2024,CT-17,Other Freeway and Expressway,State Segments,13500,13000,13000,13000,14500,14500,14500,13700,14300.0,0.0,13500.0,0.0
41.70606936153944,-72.6011641906535,16000,2024,CT-17,Other Freeway and Expressway,State Segments,16000,15800,15800,15800,16800,16800,16800,16100,14700.0,0.0,16000.0,0.0
41.717101848505095,-72.59992553199173,18100,2024,CT-17,Other Freeway and Expressway,State Segments,18100,17000,17000,17000,19000,19000,19000,16800,17200.0,0.0,18100.0,0.0
41.7173426402392,-72.60021678915844,18100,2024,CT-17,Other Freeway and Expressway,State Segments,18100,17000,17000,17000,19000,19000,19000,16800,17200.0,0.0,18100.0,0.0
41.69089010978338,-72.59939249904991,13500,2024,CT-17,Other Freeway and Expressway,State Segments,13500,13000,13000,13000,14500,14500,14500,13700,14300.0,0.0,13500.0,0.0
41.65165700049252,-72.60375116081524,6400,2024,CT-17,Other Principal Arterial,State Segments,6400,6100,6100,6100,6500,6500,6500,7300,7300.0,0.0,6400.0,0.0
41.651988467047744,-72.60378197611061,9500,2024,CT-17,Other Principal Arterial,State Segments,9500,8600,8600,8600,9200,9200,9200,9300,9300.0,0.0,9500.0,0.0
41.68121237208462,-72.54161338983863,45700,2024,CT-2,Other Freeway and Expressway,State Segments,45700,43800,43800,43800,45400,45400,45400,46600,45900.0,0.0,45700.0,0.0
41.680402942352345,-72.54177519464771,43500,2024,CT-2,Other Freeway and Expressway,State Segments,43500,41700,41700,41700,43300,43300,43300,44600,45900.0,0.0,43500.0,0.0
41.655024542484725,-72.50267639107652,47400,2024,CT-2,Other Freeway and Expressway,State Segments,47400,45500,45500,45500,48100,48100,48100,48400,47800.0,0.0,47400.0,0.0
41.67630833725073,-72.54017340925445,41800,2024,CT-2,Other Freeway and Expressway,State Segments,41800,39900,39900,39900,41400,41400,41400,42600,42400.0,0.0,41800.0,0.0
41.70919802552911,-72.59862329349201,10400,2024,CT-17,Other Freeway and Expressway,State Segments,10400,9800,9800,9800,11800,11800,11800,10400,10900.0,0.0,10400.0,0.0
41.71263104630992,-72.59713351050347,18100,2024,CT-17,Other Freeway and Expressway,State Segments,18100,17000,17000,17000,19000,19000,19000,16800,17200.0,6173.499417331295,24273.499417331295,34.107731587465715
41.66510821771231,-72.603698702114,11200,2024,CT-17,Other Principal Arterial,State Segments,11200,10100,10100,10100,10700,10700,10700,10600,10600.0,0.0,11200.0,0.0
41.66663394932837,-72.6027512664112,12600,2024,CT-17,Other Principal Arterial,State Segments,12600,11800,11800,11800,12900,12900,12900,12600,12600.0,0.0,12600.0,0.0
41.69676648111631,-72.59989369181555,13500,2024,CT-17,Other Freeway and Expressway,State Segments,13500,13000,13000,13000,14500,14500,14500,13700,14300.0,0.0,13500.0,0.0
41.69819155372853,-72.60001522430876,13500,2024,CT-17,Other Freeway and Expressway,State Segments,13500,13000,13000,13000,14500,14500,14500,13700,14300.0,0.0,13500.0,0.0
41.70710551144069,-72.60059316221613,13100,2024,CT-17,Other Freeway and Expressway,State Segments,13100,12600,12600,12600,14300,14300,14300,13200,14700.0,0.0,13100.0,0.0
41.708500762950585,-72.59946210958758,13100,2024,CT-17,Other Freeway and Expressway,State Segments,13100,12600,12600,12600,14300,14300,14300,13200,14700.0,0.0,13100.0,0.0
41.68614219410572,-72.60012674561179,13500,2024,CT-17,Other Freeway and Expressway,State Segments,13500,13000,13000,13000,14500,14500,14500,13700,14300.0,0.0,13500.0,0.0
41.70053599875431,-72.60045354001697,13500,2024,CT-17,Other Freeway and Expressway,State Segments,13500,13000,13000,13000,14500,14500,14500,13700,14300.0,0.0,13500.0,0.0
41.68185700799955,-72.5998935037925,15000,2024,CT-17,Other Principal Arterial,State Segments,15000,14700,14700,14700,15300,15300,15300,15500,15500.0,0.0,15000.0,0.0
41.71390261583939,-72.59083102961844,7100,2024,SR-910,Major Collector,State Segments,7100,7400,7400,7400,11600,11600,11600,11700,11700.0,9613.340545727759,16713.34054572776,135.3991626158839
41.72313697062443,-72.62543150743068,56200,2024,CT-3,Other Freeway and Expressway,State Segments,56200,55100,55100,55100,58000,58000,58000,53400,55400.0,0.0,56200.0,0.0
41.724693986451335,-72.61736391463465,50600,2024,CT-3,Other Freeway and Expressway,State Segments,50600,48600,48600,48600,50500,50500,50500,47500,49300.0,0.0,50600.0,0.0
41.72669644093424,-72.61085599753142,26700,2024,CT-3,Other Freeway and Expressway,State Segments,26700,25400,25400,25400,26800,26800,26800,25000,26300.0,0.0,26700.0,0.0
41.72504154252913,-72.61555313797919,50600,2024,CT-3,Other Freeway and Expressway,State Segments,50600,48600,48600,48600,50500,50500,50500,47500,49300.0,0.0,50600.0,0.0
41.72526986149842,-72.61436574425248,50600,2024,CT-3,Other Freeway and Expressway,State Segments,50600,48600,48600,48600,50500,50500,50500,47500,49300.0,0.0,50600.0,0.0
41.72534407420413,-72.6139822958651,50600,2024,CT-3,Other Freeway and Expressway,State Segments,50600,48600,48600,48600,50500,50500,50500,47500,49300.0,0.0,50600.0,0.0
41.7187721284396,-72.63688218610298,56200,2024,CT-3,Other Freeway and Expressway,State Segments,56200,55100,55100,55100,58000,58000,58000,53400,55400.0,0.0,56200.0,0.0
41.72164677554834,-72.63214172808883,56200,2024,CT-3,Other Freeway and Expressway,State Segments,56200,55100,55100,55100,58000,58000,58000,53400,55400.0,0.0,56200.0,0.0
41.723242010380616,-72.62487752039736,56200,2024,CT-3,Other Freeway and Expressway,State Segments,56200,55100,55100,55100,58000,58000,58000,53400,55400.0,0.0,56200.0,0.0
41.72356976420997,-72.6231922205005,49100,2024,CT-3,Other Freeway and Expressway,State Segments,49100,47900,47900,47900,49200,49200,49200,45300,40700.0,0.0,49100.0,0.0
41.7055221184791,-72.53014709614534,5900,2024,CT-83,Other Principal Arterial,State Segments,5900,5500,5500,5500,6500,6500,6500,5600,5600.0,0.0,5900.0,0.0
41.72968079093346,-72.52228173066418,6300,2024,CT-83,Other Principal Arterial,State Segments,6300,6300,6300,6300,6700,6700,6700,6700,6700.0,0.0,6300.0,0.0
41.73401384468866,-72.51764790936411,6600,2024,CT-83,Other Principal Arterial,State Segments,6600,5700,5700,5700,6700,6700,6700,6700,6700.0,0.0,6600.0,0.0
41.65558019625813,-72.60414004081132,9500,2024,CT-17,Other Principal Arterial,State Segments,9500,8600,8600,8600,9200,9200,9200,9300,9300.0,0.0,9500.0,0.0
41.723067316251424,-72.62580413938147,56200,2024,CT-3,Other Freeway and Expressway,State Segments,56200,55100,55100,55100,58000,58000,58000,53400,55400.0,0.0,56200.0,0.0
41.723231145743874,-72.6249348233066,56200,2024,CT-3,Other Freeway and Expressway,State Segments,56200,55100,55100,55100,58000,58000,58000,53400,55400.0,0.0,56200.0,0.0
41.68341082708107,-72.60032577721367,16900,2024,CT-17,Other Principal Arterial,State Segments,16900,16000,16000,16000,17500,17500,17500,17600,17600.0,0.0,16900.0,0.0
41.6685574946015,-72.60188812196301,14400,2024,CT-17,Other Principal Arterial,State Segments,14400,13300,13300,13300,14200,14200,14200,14000,14000.0,0.0,14400.0,0.0
41.670694558088535,-72.6013843753285,14400,2024,CT-17,Other Principal Arterial,State Segments,14400,13300,13300,13300,14200,14200,14200,14000,14000.0,0.0,14400.0,0.0
41.70054457895236,-72.53093862945722,5900,2024,CT-83,Other Principal Arterial,State Segments,5900,5500,5500,5500,6500,6500,6500,5600,5600.0,0.0,5900.0,0.0
41.65061324869274,-72.60394921226514,6400,2024,CT-17,Other Principal Arterial,State Segments,6400,6100,6100,6100,6500,6500,6500,7300,7300.0,0.0,6400.0,0.0
41.69022300133832,-72.53669667447251,5900,2024,CT-83,Other Principal Arterial,State Segments,5900,5500,5500,5500,6500,6500,6500,5600,5600.0,0.0,5900.0,0.0
41.71783313196629,-72.5262459240527,4700,2024,CT-83,Other Principal Arterial,State Segments,4700,4300,4300,4300,5300,5300,5300,5100,5100.0,0.0,4700.0,0.0
41.72325014071447,-72.52608911481387,4700,2024,CT-83,Other Principal Arterial,State Segments,4700,4300,4300,4300,5300,5300,5300,5100,5100.0,0.0,4700.0,0.0
41.67996735191537,-72.53972656237511,5400,2024,CT-83,Other Principal Arterial,State Segments,5400,5700,5700,5700,5500,5500,5500,5600,5600.0,0.0,5400.0,0.0
41.68219196377328,-72.53906520875175,5400,2024,CT-83,Other Principal Arterial,State Segments,5400,5700,5700,5700,5500,5500,5500,5600,5600.0,0.0,5400.0,0.0
41.68309451709168,-72.53916832170974,5400,2024,CT-83,Other Principal Arterial,State Segments,5400,5700,5700,5700,5500,5500,5500,5600,5600.0,0.0,5400.0,0.0
41.64606057395994,-72.60562907527869,6400,2024,CT-17,Other Principal Arterial,State Segments,6400,6100,6100,6100,6500,6500,6500,7300,7300.0,0.0,6400.0,0.0
41.70594520201721,-72.52983907841761,5900,2024,CT-83,Other Principal Arterial,State Segments,5900,5500,5500,5500,6500,6500,6500,5600,5600.0,0.0,5900.0,0.0
41.72934038654815,-72.52286628594659,6300,2024,CT-83,Other Principal Arterial,State Segments,6300,6300,6300,6300,6700,6700,6700,6700,6700.0,0.0,6300.0,0.0
41.692606223307735,-72.53432895340444,5900,2024,CT-83,Other Principal Arterial,State Segments,5900,5500,5500,5500,6500,6500,6500,5600,5600.0,0.0,5900.0,0.0
41.69941222365639,-72.53072248868268,5900,2024,CT-83,Other Principal Arterial,State Segments,5900,5500,5500,5500,6500,6500,6500,5600,5600.0,0.0,5900.0,0.0
41.68919272133165,-72.53729494778632,5900,2024,CT-83,Other Principal Arterial,State Segments,5900,5500,5500,5500,6500,6500,6500,5600,5600.0,0.0,5900.0,0.0
41.71974642606843,-72.52661578443482,4700,2024,CT-83,Other Principal Arterial,State Segments,4700,4300,4300,4300,5300,5300,5300,5100,5100.0,0.0,4700.0,0.0
41.72625728290844,-72.52657152310482,4700,2024,CT-83,Other Principal Arterial,State Segments,4700,4300,4300,4300,5300,5300,5300,5100,5100.0,0.0,4700.0,0.0
41.64786882375678,-72.6053031108267,6400,2024,CT-17,Other Principal Arterial,State Segments,6400,6100,6100,6100,6500,6500,6500,7300,7300.0,0.0,6400.0,0.0
41.73968634960238,-72.51722684191594,6600,2024,CT-83,Other Principal Arterial,State Segments,6600,5700,5700,5700,6700,6700,6700,6700,6700.0,0.0,6600.0,0.0
41.66674624345436,-72.60946209071096,1400,2024,CT-160,Minor Collector,State Segments,1400,1500,1500,1500,1600,1600,1600,1600,1600.0,0.0,1400.0,0.0
41.666896564824114,-72.60857859146597,1400,2024,CT-160,Minor Collector,State Segments,1400,1500,1500,1500,1600,1600,1600,1600,1600.0,0.0,1400.0,0.0
41.71362808175781,-72.52663631082591,6900,2024,CT-83,Other Principal Arterial,State Segments,6900,6500,6500,6500,8000,8000,8000,7300,7300.0,3376.119149583177,10276.119149583177,48.92926303743735
41.70920382779662,-72.5280114846107,5900,2024,CT-83,Other Principal Arterial,State Segments,5900,5500,5500,5500,6500,6500,6500,5600,5600.0,0.0,5900.0,0.0
41.715943169499454,-72.52554357966828,6900,2024,CT-83,Other Principal Arterial,State Segments,6900,6500,6500,6500,8000,8000,8000,7300,7300.0,0.0,6900.0,0.0
41.71400618180631,-72.59078785242143,7100,2024,SR-910,Major Collector,State Segments,7100,7400,7400,7400,11600,11600,11600,11700,11700.0,19197.54233499614,26297.54233499614,270.3879202112132
41.67317155799044,-72.53767582956253,46500,2024,CT-2,Other Freeway and Expressway,State Segments,46500,44600,44600,44600,47000,47000,47000,47500,46900.0,0.0,46500.0,0.0
41.66338808193525,-72.60442869442724,11200,2024,CT-17,Other Principal Arterial,State Segments,11200,10100,10100,10100,10700,10700,10700,10600,10600.0,0.0,11200.0,0.0
41.70132684227196,-72.60061368954591,13500,2024,CT-17,Other Freeway and Expressway,State Segments,13500,13000,13000,13000,14500,14500,14500,13700,14300.0,0.0,13500.0,0.0
41.70473437326408,-72.60130625326735,14700,2024,CT-17,Other Freeway and Expressway,State Segments,14700,14300,14300,14300,15700,15700,15700,14900,14300.0,0.0,14700.0,0.0
41.65282941385382,-72.60386744079659,9500,2024,CT-17,Other Principal Arterial,State Segments,9500,8600,8600,8600,9200,9200,9200,9300,9300.0,0.0,9500.0,0.0
41.71420827156062,-72.59508064714531,41800,2024,CT-2,Other Freeway and Expressway,State Segments,41800,40400,40400,40400,42500,42500,42500,42400,46200.0,10423.26710921539,52223.26710921539,24.936045715826292
41.70814976613693,-72.58145793192942,48900,2024,CT-2,Other Freeway and Expressway,State Segments,48900,46900,46900,46900,49400,49400,49400,49700,48300.0,0.0,48900.0,0.0
41.66361868648138,-72.52843468590898,47000,2024,CT-2,Other Freeway and Expressway,State Segments,47000,45100,45100,45100,47700,47700,47700,48000,47400.0,0.0,47000.0,0.0
41.69605147698195,-72.54586600509111,45700,2024,CT-2,Other Freeway and Expressway,State Segments,45700,43800,43800,43800,45400,45400,45400,46600,45900.0,0.0,45700.0,0.0
41.74029123866901,-72.5170435929883,6600,2024,CT-83,Other Principal Arterial,State Segments,6600,5700,5700,5700,6700,6700,6700,6700,6700.0,0.0,6600.0,0.0
41.683588163557246,-72.6003726670274,16900,2024,CT-17,Other Principal Arterial,State Segments,16900,16000,16000,16000,17500,17500,17500,17600,17600.0,0.0,16900.0,0.0
41.6967805138542,-72.5314928334872,5900,2024,CT-83,Other Principal Arterial,State Segments,5900,5500,5500,5500,6500,6500,6500,5600,5600.0,0.0,5900.0,0.0
41.70802822965442,-72.52881001910292,5900,2024,CT-83,Other Principal Arterial,State Segments,5900,5500,5500,5500,6500,6500,6500,5600,5600.0,0.0,5900.0,0.0
41.687638873632274,-72.53730828792334,5900,2024,CT-83,Other Principal Arterial,State Segments,5900,5500,5500,5500,6500,6500,6500,5600,5600.0,0.0,5900.0,0.0
41.71055126121765,-72.59754857384468,14900,2024,CT-17,Other Freeway and Expressway,State Segments,14900,14000,14000,14000,15900,15900,15900,14000,17200.0,0.0,14900.0,0.0
41.6753807341939,-72.59867073635006,14400,2024,CT-17,Other Principal Arterial,State Segments,14400,13300,13300,13300,14200,14200,14200,14000,14000.0,0.0,14400.0,0.0
41.68476841669312,-72.60045802683376,16900,2024,CT-17,Other Principal Arterial,State Segments,16900,16000,16000,16000,17500,17500,17500,17600,17600.0,0.0,16900.0,0.0
41.68584878855324,-72.6002379585506,13500,2024,CT-17,Other Freeway and Expressway,State Segments,13500,13000,13000,13000,14500,14500,14500,13700,14300.0,0.0,13500.0,0.0
41.676069559089655,-72.59861544667164,15000,2024,CT-17,Other Principal Arterial,State Segments,15000,14700,14700,14700,15300,15300,15300,15500,15500.0,0.0,15000.0,0.0
41.7231497678054,-72.60768409620962,77400,2024,CT-2,Other Freeway and Expressway,State Segments,77400,74400,74400,74400,80400,80400,80400,78000,77100.0,0.0,77400.0,0.0
41.71952674704727,-72.60383643198477,77400,2024,CT-2,Other Freeway and Expressway,State Segments,77400,74400,74400,74400,80400,80400,80400,78000,77100.0,0.0,77400.0,0.0
41.71327653488783,-72.59198308196437,45200,2024,CT-2,Other Freeway and Expressway,State Segments,45200,43500,43500,43500,45600,45600,45600,45800,48300.0,0.0,45200.0,0.0
41.70566246273615,-72.57410389294313,48900,2024,CT-2,Other Freeway and Expressway,State Segments,48900,46900,46900,46900,49400,49400,49400,49700,48300.0,0.0,48900.0,0.0
41.65820771839727,-72.509853675338,47400,2024,CT-2,Other Freeway and Expressway,State Segments,47400,45500,45500,45500,48100,48100,48100,48400,47800.0,0.0,47400.0,0.0
41.68615954132496,-72.54055064788244,45700,2024,CT-2,Other Freeway and Expressway,State Segments,45700,43800,43800,43800,45400,45400,45400,46600,45900.0,0.0,45700.0,0.0
41.7105773547172,-72.52737048799315,5900,2024,CT-83,Other Principal Arterial,State Segments,5900,5500,5500,5500,6500,6500,6500,5600,5600.0,1894.2880873344996,7794.288087334499,32.1065777514322
41.6754466417776,-72.5394904145356,44000,2024,CT-2,Other Freeway and Expressway,State Segments,44000,42100,42100,42100,43900,43900,43900,45000,42400.0,0.0,44000.0,0.0
41.711883136381296,-72.59725849082498,18100,2024,CT-17,Other Freeway and Expressway,State Segments,18100,17000,17000,17000,19000,19000,19000,16800,17200.0,0.0,18100.0,0.0
41.70792412703331,-72.59993391779479,13100,2024,CT-17,Other Freeway and Expressway,State Segments,13100,12600,12600,12600,14300,14300,14300,13200,14700.0,0.0,13100.0,0.0
41.68123176487034,-72.59968969019599,15000,2024,CT-17,Other Principal Arterial,State Segments,15000,14700,14700,14700,15300,15300,15300,15500,15500.0,0.0,15000.0,0.0
41.69725032766124,-72.55348534823644,45700,2024,CT-2,Other Freeway and Expressway,State Segments,45700,43800,43800,43800,45400,45400,45400,46600,45900.0,0.0,45700.0,0.0
41.703967731874044,-72.57114930280724,45700,2024,CT-2,Other Freeway and Expressway,State Segments,45700,43800,43800,43800,45400,45400,45400,46600,45900.0,0.0,45700.0,0.0
41.66300600792711,-72.52669708802559,47000,2024,CT-2,Other Freeway and Expressway,State Segments,47000,45100,45100,45100,47700,47700,47700,48000,47400.0,0.0,47000.0,0.0
41.67557167607371,-72.54129773424462,4800,2024,CT-83,Other Principal Arterial,State Segments,4800,4900,4900,4900,4700,4700,4700,5600,5600.0,0.0,4800.0,0.0
41.659136394809046,-72.51491492802934,47400,2024,CT-2,Other Freeway and Expressway,State Segments,47400,45500,45500,45500,48100,48100,48100,48400,47800.0,0.0,47400.0,0.0
41.67984484048678,-72.54180749656756,43500,2024,CT-2,Other Freeway and Expressway,State Segments,43500,41700,41700,41700,43300,43300,43300,44600,45900.0,0.0,43500.0,0.0
41.65555439153017,-72.50313750275862,47400,2024,CT-2,Other Freeway and Expressway,State Segments,47400,45500,45500,45500,48100,48100,48100,48400,47800.0,0.0,47400.0,0.0
41.72409677394219,-72.62046209269162,41100,2024,CT-3,Other Freeway and Expressway,State Segments,41100,40200,40200,40200,39700,39700,39700,37400,40700.0,0.0,41100.0,0.0
41.66520696676512,-72.62379935579665,450,2024,CT-160,Minor Collector,State Segments,450,450,450,450,500,500,500,450,450.0,0.0,450.0,0.0
41.683595523770286,-72.53927154635612,5400,2024,CT-83,Other Principal Arterial,State Segments,5400,5700,5700,5700,5500,5500,5500,5600,5600.0,0.0,5400.0,0.0
41.72585734733088,-72.61218599933196,26700,2024,CT-3,Other Freeway and Expressway,State Segments,26700,25400,25400,25400,26800,26800,26800,25000,26300.0,0.0,26700.0,0.0
41.65683041624165,-72.60434556946161,9500,2024,CT-17,Other Principal Arterial,State Segments,9500,8600,8600,8600,9200,9200,9200,9300,9300.0,0.0,9500.0,0.0
41.64979464322472,-72.60434560032245,6400,2024,CT-17,Other Principal Arterial,State Segments,6400,6100,6100,6100,6500,6500,6500,7300,7300.0,0.0,6400.0,0.0
41.73007755401077,-72.51972895804217,6300,2024,CT-83,Other Principal Arterial,State Segments,6300,6300,6300,6300,6700,6700,6700,6700,6700.0,0.0,6300.0,0.0
41.70366855547432,-72.53151616426634,5900,2024,CT-83,Other Principal Arterial,State Segments,5900,5500,5500,5500,6500,6500,6500,5600,5600.0,0.0,5900.0,0.0
41.654412352019605,-72.50214413731331,47400,2024,CT-2,Other Freeway and Expressway,State Segments,47400,45500,45500,45500,48100,48100,48100,48400,47800.0,0.0,47400.0,0.0
41.70980322787629,-72.59799002511774,10400,2024,CT-17,Other Freeway and Expressway,State Segments,10400,9800,9800,9800,11800,11800,11800,10400,10900.0,0.0,10400.0,0.0
41.65863245164624,-72.60472664217976,11200,2024,CT-17,Other Principal Arterial,State Segments,11200,10100,10100,10100,10700,10700,10700,10600,10600.0,0.0,11200.0,0.0
41.68377992949917,-72.60039609672332,16900,2024,CT-17,Other Principal Arterial,State Segments,16900,16000,16000,16000,17500,17500,17500,17600,17600.0,0.0,16900.0,0.0
41.68686618962355,-72.59981241575382,13500,2024,CT-17,Other Freeway and Expressway,State Segments,13500,13000,13000,13000,14500,14500,14500,13700,14300.0,0.0,13500.0,0.0
41.72447053531894,-72.60889136273379,60300,2024,CT-2,Other Freeway and Expressway,State Segments,60300,58500,58500,58500,62500,62500,62500,61600,63700.0,0.0,60300.0,0.0
41.7182768503198,-72.60215242077479,68400,2024,CT-2,Other Freeway and Expressway,State Segments,68400,65900,65900,65900,70900,70900,70900,69700,68900.0,0.0,68400.0,0.0
41.71504527654714,-72.59786379798177,50100,2024,CT-2,Other Freeway and Expressway,State Segments,50100,48300,48300,48300,51600,51600,51600,51600,46200.0,8870.777168785597,58970.7771687856,17.706142053464262
41.69655963760084,-72.54816163685777,45700,2024,CT-2,Other Freeway and Expressway,State Segments,45700,43800,43800,43800,45400,45400,45400,46600,45900.0,0.0,45700.0,0.0
41.65966514619152,-72.51667173491639,47400,2024,CT-2,Other Freeway and Expressway,State Segments,47400,45500,45500,45500,48100,48100,48100,48400,47800.0,0.0,47400.0,0.0
41.6567059774335,-72.50451030449071,47400,2024,CT-2,Other Freeway and Expressway,State Segments,47400,45500,45500,45500,48100,48100,48100,48400,47800.0,0.0,47400.0,0.0
41.66682350279708,-72.60784722452269,1400,2024,CT-160,Minor Collector,State Segments,1400,1500,1500,1500,1600,1600,1600,1600,1600.0,0.0,1400.0,0.0
41.71659406841066,-72.63877803993522,56200,2024,CT-3,Other Freeway and Expressway,State Segments,56200,55100,55100,55100,58000,58000,58000,53400,55400.0,0.0,56200.0,0.0
41.69142067205403,-72.60220557505764,68,2024,DIBELLA LA,Local,Town Segments,68,74,33,57,281,410,327,338,360.0,0.0,68.0,0.0
41.72694492790252,-72.58741512570259,118,2024,TWELVE ACRE LA,Local,Town Segments,118,103,43,24,369,201,206,105,21.0,0.0,118.0,0.0
41.660267305498735,-72.58284937825992,203,2024,BITTERSWEET LA,Local,Town Segments,203,195,81,147,245,273,325,325,264.0,0.0,203.0,0.0
41.67960221932062,-72.52268752283969,110,2024,GRANDVIEW DR,Local,Town Segments,110,108,148,153,357,553,428,442,440.0,0.0,110.0,0.0
41.64943994437855,-72.61040838194631,55,2024,KETTLE POND RD,Local,Town Segments,55,65,43,295,291,405,350,374,292.0,0.0,55.0,0.0
41.66780292734816,-72.58550891292829,176,2024,LEIGH GATE RD,Local,Town Segments,176,202,343,396,590,651,617,657,670.0,0.0,176.0,0.0
41.72737320236591,-72.54726785056002,79,2024,LADYSLIPPER LA,Local,Town Segments,79,128,158,136,305,503,363,349,346.0,0.0,79.0,0.0
41.72844487809471,-72.56585742315741,355,2024,WESLEYAN RD,Local,Town Segments,355,332,316,253,507,641,567,658,586.0,0.0,355.0,0.0
41.68351354168247,-72.52572056530279,50,2024,PINEMEADOW DR,Local,Town Segments,50,101,25,21,219,294,318,323,252.0,0.0,50.0,0.0
41.70541179655489,-72.59431526981017,8600,2024,NEW LONDON TPK,Major Collector,Town Segments,8600,8100,8100,8100,9800,9800,9800,8900,11488.0,0.0,8600.0,0.0
41.70654133440252,-72.59680246101063,10900,2024,NEW LONDON TPK,Major Collector,Town Segments,10900,9300,9300,9300,12100,12100,12100,10800,12177.0,0.0,10900.0,0.0
41.70660417742992,-72.59693824315963,10900,2024,NEW LONDON TPK,Major Collector,Town Segments,10900,9300,9300,9300,12100,12100,12100,10800,12178.0,0.0,10900.0,0.0
41.70880604693185,-72.60173951938289,10900,2024,NEW LONDON TPK,Major Collector,Town Segments,10900,9300,9300,9300,12100,12100,12100,10800,8993.0,0.0,10900.0,0.0
41.64544605847141,-72.5762100341703,188,2024,BELLTOWN RD,Local,Town Segments,188,151,286,493,458,503,474,503,394.0,0.0,188.0,0.0
41.72977365020867,-72.51178736230005,80,2024,SADDLE RIDGE RD,Local,Town Segments,80,81,39,62,264,346,312,323,169.0,0.0,80.0,0.0
41.7108851643434,-72.52978813967957,65,2024,STANLEY DR EAST,Local,Town Segments,65,124,131,162,299,382,317,345,267.0,666.2199000341814,731.2199000341814,1024.953692360279
41.73713299965861,-72.52674935548836,185,2024,INDIAN HILL TR,Local,Town Segments,185,178,312,199,412,615,471,500,491.0,0.0,185.0,0.0
41.69468353115059,-72.52262190056932,83,2024,NEEDLETREE LA,Local,Town Segments,83,141,43,47,250,310,308,326,329.0,0.0,83.0,0.0
41.69886874336742,-72.53354614034264,41,2024,DELMAR RD,Local,Town Segments,41,65,49,108,356,376,322,240,252.0,0.0,41.0,0.0
41.726837670506,-72.60824783115241,120,2024,DEMING RD,Local,Town Segments,120,169,542,369,679,1075,938,926,986.0,0.0,120.0,0.0
41.70862080446316,-72.56858809856023,166,2024,TANNERY CT,Local,Town Segments,166,115,28,28,274,429,145,308,164.0,0.0,166.0,0.0
41.72055482393751,-72.5308873373343,55,2024,HERITAGE DR,Local,Town Segments,55,122,390,291,874,587,407,353,352.0,0.0,55.0,0.0
41.66651176508743,-72.58846482999198,136,2024,STEEP HOLLOW DR,Local,Town Segments,136,122,200,306,396,473,393,415,358.0,0.0,136.0,0.0
41.683974532494986,-72.59866740164856,49,2024,PINE TREE LA,Local,Town Segments,49,56,310,382,443,560,452,452,472.0,0.0,49.0,0.0
41.67170243743623,-72.54224797992927,296,2024,HOMESTEAD DR,Local,Town Segments,296,298,245,250,514,730,524,522,578.0,0.0,296.0,0.0
41.70477892644847,-72.51822487807904,1213,2024,WEIR ST,Local,Town Segments,1213,1272,1287,1793,1674,2012,1713,1803,1796.0,0.0,1213.0,0.0
41.70328964981007,-72.51729444108553,1212,2024,WEIR ST,Local,Town Segments,1212,1271,1286,1792,1673,2011,1712,1802,1795.0,0.0,1212.0,0.0
41.698307155876506,-72.51844669886663,799,2024,WEIR ST,Local,Town Segments,799,827,1291,1687,1608,1876,1604,1695,1683.0,0.0,799.0,0.0
41.672251242297015,-72.60091402801518,203,2024,STOCKADE RD,Local,Town Segments,203,159,923,1383,1595,1750,1602,1700,1733.0,0.0,203.0,0.0
41.67505328007756,-72.58348518724446,42,2024,REVERE LA,Local,Town Segments,42,66,32,39,473,329,180,166,21.0,0.0,42.0,0.0
41.68084026038997,-72.59742746881737,112,2024,RIDGEWOOD RD,Local,Town Segments,112,88,145,53,271,447,350,388,404.0,0.0,112.0,0.0
41.69151722057168,-72.56602367288241,8600,2024,NEW LONDON TPK,Major Collector,Town Segments,8600,8100,8100,8100,9800,9800,9800,8900,5947.0,0.0,8600.0,0.0
41.71043381567991,-72.5563525450902,57,2024,JOHNNY CAKE LA,Local,Town Segments,57,75,38,82,338,388,385,401,470.0,0.0,57.0,0.0
41.645758528979,-72.56064584376921,392,2024,CLARK HILL RD,Local,Town Segments,392,246,824,655,896,1067,820,893,928.0,0.0,392.0,0.0
41.69960784047263,-72.53065108816487,949,2024,SHODDY MILL RD,Local,Town Segments,949,810,1646,4847,2395,2898,2496,2637,2641.0,0.0,949.0,0.0
41.69789263995639,-72.52611729862237,748,2024,SHODDY MILL RD,Local,Town Segments,748,758,1446,4461,2136,2658,2242,2379,2371.0,0.0,748.0,0.0
41.68474353754322,-72.57065742017845,42,2024,WESTLEDGE RD,Local,Town Segments,42,49,40,25,356,390,391,288,95.0,0.0,42.0,0.0
41.70663642635038,-72.46788378249076,43,2024,STARVIEW DR,Local,Town Segments,43,63,172,126,302,398,294,318,237.0,0.0,43.0,0.0
41.738235328453015,-72.52321912527177,239,2024,PANE DR,Local,Town Segments,239,191,169,90,341,479,350,378,382.0,0.0,239.0,0.0
41.69036575790266,-72.5774479199668,500,2024,TALL TIMBERS RD,Local,Town Segments,500,450,450,450,450,450,450,450,1698.0,0.0,500.0,0.0
41.69380639115408,-72.5724129769977,500,2024,TALL TIMBERS RD,Local,Town Segments,500,450,450,450,450,450,450,450,1669.0,0.0,500.0,0.0
41.70634846750193,-72.54745980753276,79,2024,JUNIPER LA WEST,Local,Town Segments,79,180,235,161,348,402,320,252,273.0,0.0,79.0,0.0
41.71911909867852,-72.56250479301141,101,2024,ROSEWOOD DR,Local,Town Segments,101,91,125,82,349,511,511,538,549.0,10692.527116697522,10793.527116697522,10586.660511581706
41.71558766223342,-72.5744296931263,193,2024,TARA DR,Local,Town Segments,193,216,1450,1079,1355,1797,1588,1626,1609.0,1776.3628178199197,1969.3628178199197,920.3952423937407
41.68401508613285,-72.60156817171769,48,2024,MALLARD DR,Local,Town Segments,48,97,49,34,356,435,346,434,283.0,0.0,48.0,0.0
41.67499903639612,-72.60267515136027,431,2024,RED HILL DR,Local,Town Segments,431,461,324,441,757,964,789,849,883.0,0.0,431.0,0.0
41.70547366791929,-72.59519606684944,1527,2024,WILLIAMS ST EAST,Local,Town Segments,1527,1262,2056,2923,2722,3700,2973,3088,3114.0,0.0,1527.0,0.0
41.73208877651911,-72.56664947715264,114,2024,OPAL DR,Local,Town Segments,114,126,247,237,480,583,454,496,464.0,0.0,114.0,0.0
41.70850665646826,-72.50685156707043,112,2024,JASMINE LA,Local,Town Segments,112,104,198,326,480,446,372,420,398.0,1965.6362894423578,2077.636289442358,1755.0324012878195
41.66431644409767,-72.52309556986614,332,2024,REDWOOD LA,Local,Town Segments,332,141,21,56,274,365,275,309,323.0,0.0,332.0,0.0
41.69976620066843,-72.48256441315718,49,2024,QUAIL RUN,Local,Town Segments,49,65,521,220,255,334,304,238,325.0,469.9092417137054,518.9092417137053,958.9984524769499
41.680386331910576,-72.52016445481398,123,2024,COLTON RD,Local,Town Segments,123,94,86,56,289,438,359,371,351.0,0.0,123.0,0.0
41.73321264386789,-72.56199686074125,57,2024,VISTA LA,Local,Town Segments,57,96,70,47,338,441,411,392,213.0,0.0,57.0,0.0
41.71553726222101,-72.58906781828166,219,2024,CITIZENS DR,Local,Town Segments,219,213,292,247,988,1673,1580,1696,1629.0,3608.1728426661693,3827.1728426661693,1647.567508066744
41.69617868471528,-72.4897400222009,153,2024,GROUSE HILL RD,Local,Town Segments,153,185,276,223,397,409,376,375,375.0,0.0,153.0,0.0
41.699391825737216,-72.49310639727086,103,2024,PENWOOD CROSSING,Local,Town Segments,103,86,185,158,337,455,379,407,418.0,0.0,103.0,0.0
41.723157472569206,-72.55955625025312,352,2024,BELLE WOODS DR,Local,Town Segments,352,286,718,657,1088,1394,1204,1262,1296.0,0.0,352.0,0.0
41.696596471939976,-72.60489390627285,143,2024,HARDIN LA,Local,Town Segments,143,105,80,150,283,412,332,348,271.0,0.0,143.0,0.0
41.67619224461036,-72.60550239105763,179,2024,RIVERVIEW RD,Local,Town Segments,179,141,116,106,401,424,375,409,419.0,0.0,179.0,0.0
41.707295216425024,-72.46939095278385,200,2024,FERN ST,Local,Town Segments,200,125,285,427,571,723,611,653,659.0,0.0,200.0,0.0
41.68617070844947,-72.56634501670175,216,2024,BALDWIN LA,Local,Town Segments,216,245,240,341,507,771,584,609,641.0,0.0,216.0,0.0
41.70518873558714,-72.59391305909736,8600,2024,NEW LONDON TPK,Major Collector,Town Segments,8600,8100,8100,8100,9800,9800,9800,8900,9950.0,0.0,8600.0,0.0
41.730816598461466,-72.51214129319564,850,2024,MOUNTAIN RD,Local,Town Segments,850,800,800,800,1000,1000,1000,850,1627.0,0.0,850.0,0.0
41.70494495182144,-72.54605951868149,101,2024,JUNIPER LA,Local,Town Segments,101,131,129,291,341,395,418,412,380.0,0.0,101.0,0.0
41.70843165370578,-72.55843628016498,2400,2024,WICKHAM RD NO 1,Minor Collector,Town Segments,2400,2200,2200,2200,2000,2000,2000,2000,3458.0,0.0,2400.0,0.0
41.71281525189485,-72.52212174819856,250,2024,CHURCH HILL RD,Local,Town Segments,250,161,710,296,281,348,341,359,398.0,0.0,250.0,0.0
41.71262858894934,-72.52123311607023,43,2024,CHURCH HILL RD,Local,Town Segments,43,66,61,21,253,405,301,238,178.0,2148.635268301846,2191.635268301846,4996.82620535313
41.69964018333136,-72.57471203260236,43,2024,FRANKLIN LA,Local,Town Segments,43,63,138,76,243,339,303,315,323.0,0.0,43.0,0.0
41.703315251611606,-72.60929861223782,138,2024,MEADOW RD,Local,Town Segments,138,76,169,131,279,367,348,403,364.0,0.0,138.0,0.0
41.73197897364263,-72.5257133981864,197,2024,FAIRWAY CROSSING,Local,Town Segments,197,200,442,370,751,912,751,827,827.0,0.0,197.0,0.0
41.64489199971823,-72.59558042919346,130,2024,DAYTON RD,Local,Town Segments,130,67,284,262,440,405,401,413,108.0,0.0,130.0,0.0
41.70106739654861,-72.57846581201241,168,2024,BROADLEAF CIR,Local,Town Segments,168,166,37,38,278,451,354,305,247.0,0.0,168.0,0.0
41.72532711469135,-72.62113338291542,9500,2024,PUTNAM BLVD,Minor Arterial,Town Segments,9500,8300,8300,8300,10700,10700,10700,9900,9688.0,0.0,9500.0,0.0
41.66851209672861,-72.60305198954252,59,2024,PARK PL,Local,Town Segments,59,67,49,54,307,518,403,409,413.0,0.0,59.0,0.0
41.705483756471786,-72.52243432722342,42,2024,FALCON LA,Local,Town Segments,42,57,49,41,388,469,412,383,271.0,0.0,42.0,0.0
41.71472850807242,-72.59092392750263,2575,2024,WESTERN BLVD,Local,Town Segments,2575,1946,2704,3105,2774,4067,3654,3660,3598.0,4675.186269671787,7250.186269671787,181.56063183191407
41.71535530127428,-72.59161190911144,3328,2024,WESTERN BLVD,Local,Town Segments,3328,2797,3155,3555,3400,4995,4310,4364,4337.0,0.0,3328.0,0.0
41.71948331075469,-72.59286308381675,3833,2024,WESTERN BLVD,Local,Town Segments,3833,3462,3606,4177,3501,5059,4147,4267,4294.0,0.0,3833.0,0.0
41.7279414167759,-72.5370391283787,62,2024,BADER LA,Local,Town Segments,62,72,44,47,362,463,339,346,266.0,0.0,62.0,0.0
41.70609272095379,-72.53151300603916,97,2024,GREY ROCKS CT,Local,Town Segments,97,69,184,110,307,374,346,383,377.0,0.0,97.0,0.0
41.6701306765653,-72.56626238674919,1254,2024,WOODLAND ST,Local,Town Segments,1254,821,1586,2103,2426,2962,2484,2600,2706.0,0.0,1254.0,0.0
41.72506504533363,-72.59387273802759,219,2024,MILESTONE DR NO 1,Local,Town Segments,219,216,116,139,332,438,353,362,382.0,0.0,219.0,0.0
41.6741751650814,-72.58579304108991,156,2024,FARMCLIFF DR,Local,Town Segments,156,113,541,695,953,1196,1008,1051,1072.0,0.0,156.0,0.0
41.68799873005764,-72.58951473222432,723,2024,FOUNDERS RD,Local,Town Segments,723,742,1522,2387,2535,3049,2624,2726,2786.0,0.0,723.0,0.0
41.72634152892266,-72.57517729495682,573,2024,WORTHINGTON RD,Local,Town Segments,573,540,782,652,932,1413,1009,1089,1049.0,0.0,573.0,0.0
41.69516592032316,-72.52736829661568,142,2024,BUTLER DR,Local,Town Segments,142,202,473,1512,611,846,763,808,818.0,0.0,142.0,0.0
41.7084384683664,-72.60590296251884,39,2024,CARTER LA,Local,Town Segments,39,55,24,37,206,411,286,229,148.0,0.0,39.0,0.0
41.73276328811434,-72.5700229565641,159,2024,NUTHATCH KNOB,Local,Town Segments,159,232,156,63,442,432,377,435,329.0,0.0,159.0,0.0
41.70581285195156,-72.4714696556977,229,2024,FERN ST,Local,Town Segments,229,158,524,728,737,882,742,793,800.0,937.2363025776936,1166.2363025776936,409.27349457541203
41.6922967358568,-72.52350405795553,778,2024,FOREST LA,Local,Town Segments,778,684,1461,2903,1801,2221,1808,1943,1953.0,0.0,778.0,0.0
41.70490744595664,-72.59323200898922,8600,2024,NEW LONDON TPK,Major Collector,Town Segments,8600,8100,8100,8100,9800,9800,9800,8900,9949.0,0.0,8600.0,0.0
41.711523705714725,-72.60549744714649,10900,2024,NEW LONDON TPK,Minor Arterial,Town Segments,10900,9300,9300,9300,12100,12100,12100,10800,7920.0,0.0,10900.0,0.0
41.69251148289235,-72.5214155634031,779,2024,FOREST LA,Local,Town Segments,779,685,1462,2906,1802,2223,1810,1945,1955.0,0.0,779.0,0.0
41.69415878516068,-72.48439527391875,87,2024,BIRCH TR,Local,Town Segments,87,72,231,94,330,415,357,345,262.0,0.0,87.0,0.0
41.71278174359514,-72.5218843287259,43,2024,CHURCH HILL RD,Local,Town Segments,43,65,61,21,252,403,300,237,177.0,0.0,43.0,0.0
41.6509378650857,-72.56394791038363,876,2024,CLARK HILL RD,Local,Town Segments,876,517,1186,1090,1338,1679,1341,1408,1460.0,0.0,876.0,0.0
41.71829464806367,-72.57452008808501,624,2024,VILLAGE PL,Local,Town Segments,624,589,766,429,671,1227,987,1036,1001.0,2752.0783099916825,3376.0783099916825,441.03819070379524
41.72484100235091,-72.55737269368558,152,2024,SPRUCE LA,Local,Town Segments,152,89,923,404,575,708,610,629,633.0,0.0,152.0,0.0
41.701383550089375,-72.57660499184242,81,2024,GOODRICH RD,Local,Town Segments,81,117,52,61,271,335,321,332,341.0,0.0,81.0,0.0
41.71534540553829,-72.61987699246072,2400,2024,NAUBUC AV,Minor Arterial,Town Segments,2400,2000,2000,2000,2400,2400,2400,2000,3328.0,0.0,2400.0,0.0
41.647963764297394,-72.59652959591578,130,2024,DAYTON RD,Local,Town Segments,130,67,284,262,441,406,402,414,108.0,0.0,130.0,0.0
41.70043252503911,-72.58325852400726,98,2024,COURTNEY CIR,Local,Town Segments,98,32,69,29,399,358,304,334,329.0,0.0,98.0,0.0
41.66778634403679,-72.60006233273687,2000,2024,HOPEWELL RD,Local,Town Segments,2000,2000,2000,2000,1900,1900,1900,1900,3511.0,0.0,2000.0,0.0
41.72455497698798,-72.6231888003265,6400,2024,PUTNAM BLVD,Major Collector,Town Segments,6400,5600,5600,5600,6800,6800,6800,6100,9713.0,0.0,6400.0,0.0
41.7316484430753,-72.57759927083815,412,2024,BARRINGTON WAY,Local,Town Segments,412,515,924,672,1375,1842,1641,1694,1723.0,0.0,412.0,0.0
41.72655807369496,-72.60327347631832,6200,2024,PROSPECT ST,Minor Arterial,Town Segments,6200,4800,4800,4800,5500,5500,5500,5400,5918.0,0.0,6200.0,0.0
41.69168923314561,-72.58576568464817,85,2024,OLD MUSKET RD,Local,Town Segments,85,89,89,85,399,449,404,458,412.0,0.0,85.0,0.0
41.64975299158674,-72.61805323715764,195,2024,BLUFF POINT RD,Local,Town Segments,195,130,224,259,615,823,661,648,730.0,0.0,195.0,0.0
41.70409349442257,-72.60008763047122,994,2024,WILLIAMS ST EAST,Local,Town Segments,994,978,1481,2265,2265,3113,2464,2549,2573.0,0.0,994.0,0.0
41.708525252014375,-72.50578650620331,197,2024,CRANESBILL DR,Local,Town Segments,197,73,494,512,462,480,385,413,438.0,1739.9959767441596,1936.9959767441596,883.2466887026192
41.7276900451409,-72.60494644220186,130,2024,WYLLYS ST,Local,Town Segments,130,114,975,723,971,1432,1127,1146,1239.0,0.0,130.0,0.0
41.68931911451113,-72.58563242204207,600,2024,TALL TIMBERS RD,Local,Town Segments,600,600,600,600,550,550,550,500,1721.0,0.0,600.0,0.0
41.73215431872757,-72.57359434243891,85,2024,CATTAIL RD,Local,Town Segments,85,161,478,215,358,526,414,457,439.0,0.0,85.0,0.0
41.71468901192899,-72.51650189691085,139,2024,KNOLLWOOD DR,Local,Town Segments,139,79,562,458,607,426,366,343,265.0,0.0,139.0,0.0
41.67351637387696,-72.57686262090328,1055,2024,SUNSET DR,Local,Town Segments,1055,571,1273,1396,1543,2167,1726,1834,1841.0,0.0,1055.0,0.0
41.67615686696789,-72.57731232797498,1506,2024,SUNSET DR,Local,Town Segments,1506,960,1499,1707,1963,2939,2294,2436,2444.0,0.0,1506.0,0.0
41.72574276226349,-72.60546681727332,697,2024,HARRIS ST,Local,Town Segments,697,382,2534,2798,2714,3837,3147,3264,3377.0,0.0,697.0,0.0
41.69280224363334,-72.48432733844183,70,2024,CROSS TR,Local,Town Segments,70,69,40,28,347,299,306,303,236.0,0.0,70.0,0.0
41.69182643423724,-72.60229518335251,154,2024,CURTIS RD,Local,Town Segments,154,117,140,229,449,448,363,411,409.0,0.0,154.0,0.0
41.70429966909686,-72.57896570805339,4100,2024,NEIPSIC RD,Major Collector,Town Segments,4100,4000,4000,4000,4700,4700,4700,3600,3943.0,0.0,4100.0,0.0
41.70138493413578,-72.55875685220249,3200,2024,NEIPSIC RD,Major Collector,Town Segments,3200,2900,2900,2900,2900,2900,2900,3100,3825.0,0.0,3200.0,0.0
41.69855615014497,-72.55458195292164,3200,2024,NEIPSIC RD,Major Collector,Town Segments,3200,2900,2900,2900,2900,2900,2900,3100,3777.0,0.0,3200.0,0.0
41.68475417060844,-72.51912286324777,203,2024,WITTLES WAY,Local,Town Segments,203,73,21,21,207,495,300,297,230.0,0.0,203.0,0.0
41.70314265436007,-72.58918952668151,8600,2024,NEW LONDON TPK,Major Collector,Town Segments,8600,8100,8100,8100,9800,9800,9800,8900,9635.0,0.0,8600.0,0.0
41.70422277697818,-72.59167329832025,8600,2024,NEW LONDON TPK,Major Collector,Town Segments,8600,8100,8100,8100,9800,9800,9800,8900,9936.0,0.0,8600.0,0.0
41.72659176433631,-72.60003974061271,71,2024,SHELLEY LA,Local,Town Segments,71,89,244,186,446,654,599,481,343.0,0.0,71.0,0.0
41.71131206507943,-72.53883517972454,178,2024,STANLEY DR,Local,Town Segments,178,145,507,535,718,820,657,664,660.0,0.0,178.0,0.0
41.67516783246049,-72.57506890926683,187,2024,MARILYN DR,Local,Town Segments,187,168,145,186,348,402,357,386,390.0,0.0,187.0,0.0
41.70631625866743,-72.59631615751422,10900,2024,NEW LONDON TPK,Major Collector,Town Segments,10900,9300,9300,9300,12100,12100,12100,8900,12175.0,0.0,10900.0,0.0
41.70022351146964,-72.54516453929244,3200,2024,NEIPSIC RD,Major Collector,Town Segments,3200,2900,2900,2900,2900,2900,2900,3100,3833.0,0.0,3200.0,0.0
41.71689718672589,-72.56028802964816,2400,2024,WICKHAM RD NO 1,Minor Collector,Town Segments,2400,2200,2200,2200,2000,2000,2000,2000,3719.0,12555.881616563865,14955.881616563865,523.1617340234944
41.73001133769543,-72.4638106801782,711,2024,BIRCH MOUNTAIN RD,Local,Town Segments,711,639,784,954,1007,1160,1008,1059,1078.0,0.0,711.0,0.0
41.69089942468327,-72.48303604347494,52,2024,SPRINGSIDE TR,Local,Town Segments,52,52,30,44,398,263,308,236,157.0,0.0,52.0,0.0
41.67597186917023,-72.51735755452079,527,2024,THOMPSON ST,Local,Town Segments,527,528,480,1813,861,1202,953,1003,1033.0,0.0,527.0,0.0
41.72329584929249,-72.60599792786803,14600,2024,GRISWOLD ST,Minor Arterial,Town Segments,14600,11200,11200,11200,14500,14500,14500,13100,11669.0,0.0,14600.0,0.0
41.72341975663316,-72.60472172997204,14600,2024,GRISWOLD ST,Minor Arterial,Town Segments,14600,11200,11200,11200,14500,14500,14500,13100,11824.0,0.0,14600.0,0.0
41.72359627977068,-72.603078364385,14600,2024,GRISWOLD ST,Minor Arterial,Town Segments,14600,11200,11200,11200,14500,14500,14500,13100,11933.0,0.0,14600.0,0.0
41.72614708439431,-72.59527876415765,8200,2024,GRISWOLD ST,Minor Arterial,Town Segments,8200,6300,6300,6300,8800,8800,8800,7068,8398.0,0.0,8200.0,0.0
41.72096908585598,-72.51120867521483,451,2024,WOODHAVEN RD,Local,Town Segments,451,297,770,781,1180,1577,1273,1341,1370.0,0.0,451.0,0.0
41.66486810780546,-72.52727800115822,1449,2024,TOLL GATE RD,Local,Town Segments,1449,1139,1022,1999,1715,2118,1899,2028,2138.0,0.0,1449.0,0.0
41.71955776800822,-72.5779598418908,3700,2024,ADDISON RD,Minor Arterial,Town Segments,3700,3200,3200,3200,3500,3500,3500,3200,4753.0,0.0,3700.0,0.0
41.69372200805884,-72.5682602312105,8600,2024,NEW LONDON TPK,Major Collector,Town Segments,8600,8100,8100,8100,9800,9800,9800,8900,6090.0,0.0,8600.0,0.0
41.71319124485624,-72.60503655410547,10900,2024,NEW LONDON TPK,Minor Arterial,Town Segments,10900,9300,9300,9300,12100,12100,12100,10800,9661.0,0.0,10900.0,0.0
41.71394494854936,-72.60527266853435,10900,2024,NEW LONDON TPK,Minor Arterial,Town Segments,10900,9300,9300,9300,12100,12100,12100,10800,6174.0,0.0,10900.0,0.0
41.66806830133222,-72.58208138905863,219,2024,LEIGH GATE RD,Local,Town Segments,219,260,721,772,803,877,794,801,816.0,0.0,219.0,0.0
41.66840081829768,-72.58038276069342,231,2024,LEIGH GATE RD,Local,Town Segments,231,101,107,149,450,479,439,466,460.0,0.0,231.0,0.0
41.67174394013384,-72.56565721368736,867,2024,COLDBROOK RD,Local,Town Segments,867,701,977,937,1321,1545,1301,1404,1428.0,0.0,867.0,0.0
41.67950984611307,-72.58652826937654,2169,2024,COLEMAN RD,Local,Town Segments,2169,1693,2413,3968,1357,1588,1367,1302,1238.0,0.0,2169.0,0.0
41.72577164817144,-72.58896572536737,6500,2024,GRISWOLD ST,Minor Arterial,Town Segments,6500,5700,5700,5700,7300,7300,7300,6000,6018.0,0.0,6500.0,0.0
41.67168847933528,-72.57901926882492,173,2024,BOULDER CIR,Local,Town Segments,173,104,232,167,193,261,210,231,189.0,0.0,173.0,0.0
41.69215973600775,-72.55038335878695,55,2024,KINNE RD,Local,Town Segments,55,67,415,173,438,657,542,605,600.0,0.0,55.0,0.0
41.7185209120433,-72.52145616159402,287,2024,KNOLLWOOD DR,Local,Town Segments,287,218,851,753,882,937,797,816,785.0,0.0,287.0,0.0
41.703623247027934,-72.56739970386235,6200,2024,NEIPSIC RD,Major Collector,Town Segments,6200,5900,5900,5900,6600,6600,6600,5900,5699.0,0.0,6200.0,0.0
41.71671897307329,-72.6141520249985,145,2024,PARKER TER,Local,Town Segments,145,76,34,43,283,485,371,399,367.0,0.0,145.0,0.0
41.716953660187386,-72.61661066579623,128,2024,PARKER TER EXT,Local,Town Segments,128,105,91,82,410,477,326,333,176.0,0.0,128.0,0.0
41.65283860753748,-72.60263878747564,41,2024,STRATTON RD,Local,Town Segments,41,61,202,151,314,435,344,345,260.0,0.0,41.0,0.0
41.67218803126256,-72.56990392024203,577,2024,SUNSET DR,Local,Town Segments,577,327,921,869,1361,1814,1470,1577,1608.0,0.0,577.0,0.0
41.727807915498296,-72.57804131805257,81,2024,APRIL DR,Local,Town Segments,81,101,94,224,394,662,482,507,547.0,0.0,81.0,0.0
41.69964644350883,-72.47855169574169,53,2024,WREN HOLLOW,Local,Town Segments,53,107,21,27,242,483,320,312,325.0,0.0,53.0,0.0
41.704826764459085,-72.59728800277868,1524,2024,WILLIAMS ST EAST,Local,Town Segments,1524,1260,2053,2918,2718,3694,2968,3083,3108.0,0.0,1524.0,0.0
41.72590951581587,-72.60468959085381,65,2024,WYLLYS ST,Local,Town Segments,65,86,93,83,383,665,462,503,428.0,0.0,65.0,0.0
41.65376196431917,-72.56366643505385,996,2024,WOODLAND ST,Local,Town Segments,996,690,1434,1594,1600,1887,1529,1591,1660.0,0.0,996.0,0.0
41.66362926909021,-72.53989264593098,2105,2024,COUNTRY CLUB RD NO 2,Local,Town Segments,2105,2000,2252,2415,2354,3013,2555,2698,2739.0,0.0,2105.0,0.0
41.65155820533473,-72.57011268629843,883,2024,MATSON HILL RD,Local,Town Segments,883,579,1321,1771,1617,1775,1474,1550,1618.0,0.0,883.0,0.0
41.72618700082384,-72.5182263408681,167,2024,CEDAR RIDGE DR,Local,Town Segments,167,131,280,236,427,548,478,509,449.0,0.0,167.0,0.0
41.72731339267338,-72.548824252921,229,2024,SOMERSET RD,Local,Town Segments,229,201,379,390,626,814,640,677,699.0,0.0,229.0,0.0
41.7100167981362,-72.60372950714678,36,2024,WASHINGTON ST,Local,Town Segments,36,26,21,21,189,267,262,302,215.0,0.0,36.0,0.0
41.71027521450304,-72.60205191257245,36,2024,WASHINGTON ST,Local,Town Segments,36,26,21,21,190,268,264,303,216.0,0.0,36.0,0.0
41.69733715005699,-72.57434695846275,8600,2024,NEW LONDON TPK,Major Collector,Town Segments,8600,8100,8100,8100,9800,9800,9800,8900,8338.0,0.0,8600.0,0.0
41.72199567934336,-72.6256656221231,7800,2024,NAUBUC AV,Minor Arterial,Town Segments,7800,7000,7000,7000,8200,8200,8200,7500,5773.0,0.0,7800.0,0.0
41.72319115043636,-72.626059713093,7800,2024,NAUBUC AV,Minor Arterial,Town Segments,7800,7000,7000,7000,8200,8200,8200,7500,5931.0,0.0,7800.0,0.0
41.71646332604083,-72.59566407489446,488,2024,WINDING BROOK DR,Local,Town Segments,488,375,546,566,1455,2488,2061,1981,1037.0,0.0,488.0,0.0
41.692620645231095,-72.47332164713276,48,2024,EMPRESS LA,Local,Town Segments,48,79,288,507,465,533,446,449,460.0,0.0,48.0,0.0
41.66783936940264,-72.5984835993829,2000,2024,HOPEWELL RD,Local,Town Segments,2000,2000,2000,2000,1900,1900,1900,1900,3636.0,0.0,2000.0,0.0
41.69599069653961,-72.48142780812165,48,2024,EAST LAKE SHORE TR,Local,Town Segments,48,76,28,21,352,386,386,375,435.0,0.0,48.0,0.0
41.671247397876826,-72.56893016391138,71,2024,ECHO LA,Local,Town Segments,71,74,30,112,302,525,246,370,377.0,0.0,71.0,0.0
41.68703386274448,-72.60264287315064,55,2024,ELM TREE RD,Local,Town Segments,55,73,339,152,357,418,322,346,385.0,0.0,55.0,0.0
41.69055531595442,-72.52762988994,939,2024,FOREST LA,Local,Town Segments,939,871,1741,2847,2059,2606,2184,2331,2360.0,0.0,939.0,0.0
41.725558081966014,-72.53855719412556,75,2024,HUNTER LA,Local,Town Segments,75,94,186,79,362,611,439,441,447.0,0.0,75.0,0.0
41.72233439371974,-72.59978788288035,705,2024,SPRING ST EXT,Local,Town Segments,705,986,1134,998,1251,1720,1474,1522,1518.0,0.0,705.0,0.0
41.70597467655429,-72.57807825478189,97,2024,LENOX DR NO 1,Local,Town Segments,97,63,203,186,391,554,468,514,519.0,0.0,97.0,0.0
41.71934727716329,-72.61663620656662,738,2024,PRATT ST,Local,Town Segments,738,534,908,664,1240,1648,1385,1450,1441.0,0.0,738.0,0.0
41.70770829722598,-72.52082120611554,1233,2024,WEIR ST,Local,Town Segments,1233,1271,1351,1910,1923,2304,1952,2046,2045.0,529.3572530141045,1762.3572530141046,42.932461720527535
41.67774387353365,-72.59209709407125,65,2024,NORTHVIEW DR,Local,Town Segments,65,96,399,249,381,419,264,116,102.0,0.0,65.0,0.0
41.68862072550572,-72.53203820826809,1190,2024,FOREST LA,Local,Town Segments,1190,986,2289,1434,2166,2830,2388,2536,2578.0,0.0,1190.0,0.0
41.73213633729056,-72.54842990429695,790,2024,BELL ST,Local,Town Segments,790,691,1072,1179,1652,2374,2026,2091,2114.0,0.0,790.0,0.0
41.674530250937615,-72.54060373646686,3600,2024,NEW LONDON TPK,Major Collector,Town Segments,3600,3600,3600,3600,3500,3500,3500,5100,4352.0,0.0,3600.0,0.0
41.69548072863567,-72.59571464398476,146,2024,ROBIN RD,Local,Town Segments,146,174,419,378,716,933,727,767,802.0,0.0,146.0,0.0
41.725649795767744,-72.54556702079316,51,2024,MOCKINGBIRD LA,Local,Town Segments,51,69,34,49,238,267,306,322,171.0,0.0,51.0,0.0
41.67404193014155,-72.60404757500834,59,2024,PALISADE TER,Local,Town Segments,59,82,27,32,310,433,340,364,191.0,0.0,59.0,0.0
41.64931900256224,-72.57072555526818,153,2024,CHATHAM HILL,Local,Town Segments,153,155,684,974,529,450,364,358,403.0,0.0,153.0,0.0
41.720849820565206,-72.61249821852824,82,2024,WRIGHTS LA,Local,Town Segments,82,98,106,60,688,1027,760,1015,1115.0,0.0,82.0,0.0
41.694216673234045,-72.48496515770698,51,2024,LAUREL TR,Local,Town Segments,51,53,340,40,353,387,184,376,305.0,0.0,51.0,0.0
41.68366303446808,-72.58539660277967,338,2024,OVERLOOK RD,Local,Town Segments,338,260,670,861,1490,1955,1588,1706,1743.0,0.0,338.0,0.0
41.69591659636908,-72.59102234744675,157,2024,SURREY LA,Local,Town Segments,157,221,322,355,506,578,545,536,539.0,0.0,157.0,0.0
41.64908856696385,-72.59603361901837,213,2024,HICKORY DR,Local,Town Segments,213,127,66,87,296,372,201,291,308.0,0.0,213.0,0.0
41.67296671341873,-72.56129483079523,874,2024,COLDBROOK RD,Local,Town Segments,874,707,985,945,1332,1558,1312,1416,1440.0,0.0,874.0,0.0
41.71432260805955,-72.6041081023684,627,2024,CONCORD ST,Local,Town Segments,627,420,389,417,571,783,743,753,736.0,0.0,627.0,0.0
41.68949766449871,-72.5683210097674,128,2024,PILGARD LA,Local,Town Segments,128,85,25,21,370,406,406,394,198.0,0.0,128.0,0.0
41.71455003028098,-72.57063911584025,298,2024,ORCHARD ST,Local,Town Segments,298,244,744,681,848,1159,897,957,961.0,85.1657901747855,383.1657901747855,28.579124219726676
41.67266987228427,-72.58267712645436,383,2024,STONEPOST RD,Local,Town Segments,383,396,1095,1092,977,1074,947,969,1027.0,0.0,383.0,0.0
41.69313179321877,-72.52069996543202,861,2024,WEIR ST,Local,Town Segments,861,874,1613,4032,1661,1967,1579,1673,1696.0,0.0,861.0,0.0
41.70406204170782,-72.5641124744562,6200,2024,NEIPSIC RD,Major Collector,Town Segments,6200,5900,5900,5900,6600,6600,6600,5900,5323.0,0.0,6200.0,0.0
41.7170194571518,-72.6144280068415,145,2024,PARKER TER,Local,Town Segments,145,76,34,43,283,485,371,399,367.0,0.0,145.0,0.0
41.70783390592541,-72.547060355003,275,2024,MILLSTONE RD,Local,Town Segments,275,324,358,392,538,639,532,564,573.0,0.0,275.0,0.0
41.6688849311542,-72.57752207311393,232,2024,LEIGH GATE RD,Local,Town Segments,232,102,107,149,451,480,439,467,461.0,0.0,232.0,0.0
41.7226084223258,-72.6115369987451,13200,2024,GRISWOLD ST,Minor Arterial,Town Segments,13200,10400,10400,10400,12600,12600,12600,10700,11847.0,0.0,13200.0,0.0
41.68447468067321,-72.591921146635,32,2024,PEACH TREE RD,Local,Town Segments,32,43,21,21,219,235,224,232,159.0,0.0,32.0,0.0
41.64956563689467,-72.60210862537178,136,2024,KIMBERLY LA,Local,Town Segments,136,81,88,63,257,325,303,312,317.0,0.0,136.0,0.0
41.68891734522795,-72.5541018166758,77,2024,KINNE RD,Local,Town Segments,77,90,597,491,1207,1828,1454,1534,1570.0,0.0,77.0,0.0
41.70120899512583,-72.5332203423866,2100,2024,BROOK ST,Major Collector,Town Segments,2100,2300,2300,2300,2000,2000,2000,2000,3172.0,0.0,2100.0,0.0
41.6998042000678,-72.59882019833351,2338,2024,BUTTONBALL LA,Local,Town Segments,2338,2239,4711,5609,3608,4632,3673,3851,1900.0,0.0,2338.0,0.0
41.66242388822071,-72.5423043306107,865,2024,COLDBROOK RD,Local,Town Segments,865,700,975,935,1318,1542,1299,1401,1425.0,0.0,865.0,0.0
41.73037428081076,-72.57037375915718,2400,2024,GREAT SWAMP RD,Major Collector,Town Segments,2400,2100,2100,2100,2500,2500,2500,2500,3797.0,0.0,2400.0,0.0
41.6479153445719,-72.59847142245724,429,2024,DAYTON RD,Local,Town Segments,429,263,350,380,559,571,560,588,592.0,0.0,429.0,0.0
41.66660994228437,-72.53732505764012,2103,2024,COUNTRY CLUB RD NO 2,Local,Town Segments,2103,1998,2249,2412,2351,3010,2552,2696,2736.0,0.0,2103.0,0.0
41.63577669585335,-72.62765614640927,197,2024,TRYON ST,Local,Town Segments,197,107,203,222,482,574,497,534,531.0,0.0,197.0,0.0
41.71265429032079,-72.60493263421428,10900,2024,NEW LONDON TPK,Minor Arterial,Town Segments,10900,9300,9300,9300,12100,12100,12100,10800,7979.0,0.0,10900.0,0.0
41.66844520991688,-72.60550293037636,69,2024,BEECHWOOD LA,Local,Town Segments,69,70,30,42,321,584,343,347,352.0,0.0,69.0,0.0
41.716663283958745,-72.60640802379524,10900,2024,NEW LONDON TPK,Minor Arterial,Town Segments,10900,9300,9300,9300,12100,12100,12100,10800,4942.0,0.0,10900.0,0.0
41.731488913955225,-72.56412952452402,2400,2024,GREAT SWAMP RD,Local,Town Segments,2400,2100,2100,2100,2500,2500,2500,2500,2282.0,0.0,2400.0,0.0
41.71313265923413,-72.54949976103994,51,2024,HAWTHORNE MEAD DR,Local,Town Segments,51,71,314,152,393,407,318,352,381.0,1049.3288052814312,1100.3288052814312,2057.5074613361394
41.69451535484592,-72.53799221568653,43,2024,BRIDLE PATH LA,Local,Town Segments,43,72,21,21,229,282,345,484,302.0,0.0,43.0,0.0
41.72799108929714,-72.60217308480246,86,2024,KENNETH DR,Local,Town Segments,86,94,203,57,269,352,372,377,200.0,0.0,86.0,0.0
41.69346108110717,-72.47776437774046,71,2024,FREEDOM WAY,Local,Town Segments,71,80,312,156,283,415,235,318,249.0,0.0,71.0,0.0
41.71560958802004,-72.54493557238155,21,2024,TREAT RD,Local,Town Segments,21,21,21,21,359,393,196,21,21.0,5029.142228934068,5050.142228934068,23948.296328257467
41.66175247165527,-72.5425874893213,766,2024,COUNTRY CLUB RD NO 2,Local,Town Segments,766,603,658,832,1003,1271,1154,1232,1251.0,0.0,766.0,0.0
41.72848050603637,-72.57987883490247,5000,2024,ADDISON RD,Minor Arterial,Town Segments,5000,4500,4500,4500,5300,5300,5300,4600,8634.0,0.0,5000.0,0.0
41.73233742431837,-72.57447751471213,5000,2024,ADDISON RD,Minor Arterial,Town Segments,5000,4500,4500,4500,5300,5300,5300,4600,5872.0,0.0,5000.0,0.0
41.71373419471964,-72.60134457533563,5470,2024,HOUSE ST,Local,Town Segments,5470,5639,5264,6509,4535,6174,5157,5465,5602.0,0.0,5470.0,0.0
41.687383513253074,-72.56224786279745,165,2024,RUSSET RD,Local,Town Segments,165,120,353,251,372,568,473,465,477.0,0.0,165.0,0.0
41.64853359437255,-72.62077558927578,336,2024,TRYON ST,Local,Town Segments,336,227,390,463,574,646,560,602,605.0,0.0,336.0,0.0
41.70211451503541,-72.5828114687125,288,2024,MARK DR,Local,Town Segments,288,171,63,97,300,446,383,407,259.0,0.0,288.0,0.0
41.71315147053627,-72.60336025002863,8100,2024,HEBRON AV,Other Principal Arterial,Town Segments,8100,5700,5700,5700,6800,6800,6800,7200,13666.0,0.0,8100.0,0.0
41.71328688609785,-72.6024306148276,8100,2024,HEBRON AV,Other Principal Arterial,Town Segments,8100,5700,5700,5700,6800,6800,6800,7200,13161.0,0.0,8100.0,0.0
41.69272327854,-72.51936083365517,951,2024,GOODALE HILL RD,Local,Town Segments,951,825,1032,5108,1430,1874,1429,1530,1546.0,0.0,951.0,0.0
41.71279028026184,-72.6088630604709,6800,2024,MAIN ST,Minor Arterial,Town Segments,6800,5700,5700,5700,5700,5700,5700,5900,12452.0,0.0,6800.0,0.0
41.71324064934015,-72.60916869397957,6800,2024,MAIN ST,Minor Arterial,Town Segments,6800,5700,5700,5700,5700,5700,5700,5900,15035.0,0.0,6800.0,0.0
41.71326818579914,-72.60918838882029,6800,2024,MAIN ST,Minor Arterial,Town Segments,6800,5700,5700,5700,5700,5700,5700,5900,15034.0,0.0,6800.0,0.0
41.71434769333219,-72.61009656930074,6800,2024,MAIN ST,Minor Arterial,Town Segments,6800,5700,5700,5700,5700,5700,5700,5900,15728.0,0.0,6800.0,0.0
41.72150230032164,-72.61461339502392,6800,2024,MAIN ST,Minor Arterial,Town Segments,6800,5700,5700,5700,5700,5700,5700,5900,19203.0,0.0,6800.0,0.0
41.72225559948521,-72.61476752754092,6800,2024,MAIN ST,Minor Arterial,Town Segments,6800,5700,5700,5700,5700,5700,5700,5900,20309.0,0.0,6800.0,0.0
41.68497945444911,-72.60093571622012,6800,2024,MAIN ST,Minor Arterial,Town Segments,6800,5700,5700,5700,5700,5700,5700,5900,5597.0,0.0,6800.0,0.0
41.6852093687555,-72.60151371300891,6800,2024,MAIN ST,Minor Arterial,Town Segments,6800,5700,5700,5700,5700,5700,5700,5900,5597.0,0.0,6800.0,0.0
41.72421997666855,-72.61516143501616,6800,2024,MAIN ST,Minor Arterial,Town Segments,6800,5700,5700,5700,5700,5700,5700,5900,21559.0,0.0,6800.0,0.0
41.667591026395,-72.60947617228177,117,2024,PEASE LA,Local,Town Segments,117,69,110,29,265,416,322,346,371.0,0.0,117.0,0.0
41.65623998027337,-72.60671108800234,186,2024,DUG RD,Local,Town Segments,186,113,291,390,373,377,363,393,394.0,0.0,186.0,0.0
41.69284185660278,-72.60737275542267,6800,2024,MAIN ST,Minor Arterial,Town Segments,6800,5700,5700,5700,5700,5700,5700,5900,6172.0,0.0,6800.0,0.0
41.68662533988401,-72.58946277597741,96,2024,BRADLEY WAY,Local,Town Segments,96,121,316,364,880,380,329,182,21.0,0.0,96.0,0.0
41.73377165737228,-72.53862554720635,84,2024,BROOKVIEW DR,Local,Town Segments,84,194,312,191,352,443,345,365,378.0,0.0,84.0,0.0
41.67165602761404,-72.52618907787803,460,2024,HIGHWOOD DR,Local,Town Segments,460,431,460,581,888,1258,998,1066,1092.0,0.0,460.0,0.0
41.69915717980985,-72.47457966523402,396,2024,DIAMOND LAKE RD,Local,Town Segments,396,409,806,709,789,915,810,834,882.0,0.0,396.0,0.0
41.63632350797749,-72.60817397593,46,2024,GLASTONBURY HUNT LA,Local,Town Segments,46,57,462,308,663,633,663,518,379.0,0.0,46.0,0.0
41.70883506113032,-72.51663003813336,157,2024,STURGEON RIVER RD,Local,Town Segments,157,138,92,54,270,363,301,320,324.0,3090.4936940693706,3247.4936940693706,1968.4673210632934
41.6961899995808,-72.45487116398849,49,2024,FOOTE LA,Local,Town Segments,49,69,71,61,346,321,301,320,166.0,9189.277804510302,9238.277804510302,18753.628172470006
41.716585498554366,-72.5404675252216,1088,2024,CHALKER HILL,Local,Town Segments,1088,1228,2536,2921,2552,3214,2647,2750,2824.0,14366.447912627698,15454.447912627698,1320.4455802047516
41.69046997950578,-72.55690210793387,243,2024,PAXTON WAY,Local,Town Segments,243,211,588,475,1049,1457,1246,1366,1396.0,0.0,243.0,0.0
41.6539285508268,-72.52688098911608,69,2024,DICKINSON RD,Local,Town Segments,69,70,146,95,342,375,376,180,203.0,0.0,69.0,0.0
41.72814536123029,-72.59135699268744,2519,2024,CANDLEWOOD RD,Local,Town Segments,2519,2308,2345,3456,3676,4761,4149,4286,4380.0,0.0,2519.0,0.0
41.685913083209456,-72.56848084702179,355,2024,CIDER MILL RD,Local,Town Segments,355,321,622,431,729,1134,888,900,845.0,0.0,355.0,0.0
41.64227900127005,-72.5567454173718,113,2024,BEACON WOODS LA,Local,Town Segments,113,80,239,120,418,335,281,299,329.0,0.0,113.0,0.0
41.68975611611149,-72.49743611441858,145,2024,GOODALE HILL RD,Local,Town Segments,145,152,255,303,458,495,323,351,358.0,0.0,145.0,0.0
41.69056477372391,-72.53417297666125,21,2024,ROARING BROOK PLAZA,Local,Town Segments,21,50,21,21,589,645,150,166,192.0,0.0,21.0,0.0
41.720519388248384,-72.60767209488498,1154,2024,SPRING ST,Local,Town Segments,1154,834,1230,1025,1446,1919,1604,1696,1749.0,0.0,1154.0,0.0
41.70171976125346,-72.54340747728641,567,2024,STRICKLAND ST,Local,Town Segments,567,308,1040,1131,1471,2161,1523,1609,1641.0,0.0,567.0,0.0
41.68809747260876,-72.59205717337124,429,2024,FARMSTEAD LA,Local,Town Segments,429,193,381,520,787,910,782,758,758.0,0.0,429.0,0.0
41.70598684494984,-72.54419654973023,583,2024,STRICKLAND ST,Local,Town Segments,583,316,1069,1163,1512,2221,1566,1654,1687.0,0.0,583.0,0.0
41.70681338448028,-72.60807569942206,6800,2024,MAIN ST,Minor Arterial,Town Segments,6800,5700,5700,5700,5700,5700,5700,5900,6914.0,0.0,6800.0,0.0
41.709373091586166,-72.60811601831621,6800,2024,MAIN ST,Minor Arterial,Town Segments,6800,5700,5700,5700,5700,5700,5700,5900,7188.0,0.0,6800.0,0.0
41.70956393888197,-72.60811948235646,6800,2024,MAIN ST,Minor Arterial,Town Segments,6800,5700,5700,5700,5700,5700,5700,5900,7118.0,0.0,6800.0,0.0
41.710455922482986,-72.60815016257929,6800,2024,MAIN ST,Minor Arterial,Town Segments,6800,5700,5700,5700,5700,5700,5700,5900,7189.0,0.0,6800.0,0.0
41.71563799164897,-72.61119524286906,6800,2024,MAIN ST,Minor Arterial,Town Segments,6800,5700,5700,5700,5700,5700,5700,5900,15724.0,0.0,6800.0,0.0
41.72591215519036,-72.61559147194319,6800,2024,MAIN ST,Minor Arterial,Town Segments,6800,5700,5700,5700,5700,5700,5700,5900,13164.0,0.0,6800.0,0.0
41.72649907997123,-72.61579277708299,6800,2024,MAIN ST,Minor Arterial,Town Segments,6800,5700,5700,5700,5700,5700,5700,5900,13068.0,0.0,6800.0,0.0
41.72689872467656,-72.61595289936662,6800,2024,MAIN ST,Minor Arterial,Town Segments,6800,5700,5700,5700,5700,5700,5700,5900,13066.0,0.0,6800.0,0.0
41.72748228404003,-72.61639496598029,6800,2024,MAIN ST,Minor Arterial,Town Segments,6800,5700,5700,5700,5700,5700,5700,5900,12883.0,0.0,6800.0,0.0
41.71639246089208,-72.58142348295662,282,2024,MILL ST,Local,Town Segments,282,159,435,365,429,659,560,580,592.0,22911.06549489025,23193.06549489025,8124.491310244768
41.66033191735993,-72.61428917350655,186,2024,DUG RD,Local,Town Segments,186,113,292,391,374,378,364,394,395.0,0.0,186.0,0.0
41.66085035101111,-72.61618003644716,185,2024,DUG RD,Local,Town Segments,185,112,290,389,371,376,361,392,393.0,0.0,185.0,0.0
41.69109488704609,-72.53341439420424,148,2024,FISHER HILL RD,Local,Town Segments,148,109,449,1010,572,792,668,703,719.0,0.0,148.0,0.0
41.71343829688778,-72.60116755772032,8100,2024,HEBRON AV,Other Principal Arterial,Town Segments,8100,5700,5700,5700,6800,6800,6800,7200,11872.0,0.0,8100.0,0.0
41.72631336614333,-72.55551400151482,61,2024,CLOVE HILL RD,Local,Town Segments,61,48,597,219,307,446,332,332,253.0,0.0,61.0,0.0
41.7045605434789,-72.47173366928932,1210,2024,MARLBOROUGH RD,Local,Town Segments,1210,1264,1820,2485,2261,2724,2276,2399,2473.0,8749.813940736098,9959.813940736098,723.1251190690989
41.69570814294002,-72.51857770238034,88,2024,MOUNTAIN VIEW RD,Local,Town Segments,88,67,23,29,278,484,321,356,335.0,0.0,88.0,0.0
41.685217048706,-72.56535840957284,153,2024,EAST PIPPIN DR,Local,Town Segments,153,129,42,178,367,469,318,333,422.0,0.0,153.0,0.0
41.683925685898345,-72.59331081985648,60,2024,PEACH TREE LA,Local,Town Segments,60,79,21,26,325,326,331,339,179.0,0.0,60.0,0.0
41.70717087408821,-72.59269492916297,11100,2024,OAK ST,Major Collector,Town Segments,11100,10800,10800,10800,13200,13200,13200,11500,8370.0,0.0,11100.0,0.0
41.711871069780095,-72.53851053414898,24,2024,COLONY CIR,Local,Town Segments,24,50,53,21,246,341,330,332,264.0,0.0,24.0,0.0
41.71405592315528,-72.57464249137455,44,2024,CRESTDALE RD,Local,Town Segments,44,64,391,95,344,520,488,456,414.0,0.0,44.0,0.0
41.64733885747109,-72.61318606215754,496,2024,GREAT POND RD,Local,Town Segments,496,366,687,1155,1035,1324,1094,1159,1227.0,0.0,496.0,0.0
41.71407575220536,-72.53552911290382,819,2024,HURLBURT ST,Local,Town Segments,819,907,1645,1735,2346,3033,2544,2668,2729.0,1942.0455337099013,2761.045533709901,237.12399678997573
41.732388809495,-72.57827245096563,134,2024,LEXINGTON RD,Local,Town Segments,134,143,125,42,331,539,412,394,395.0,0.0,134.0,0.0
41.72400088543091,-72.52380458454563,164,2024,CEDAR RIDGE TER,Local,Town Segments,164,143,203,261,482,677,536,578,592.0,0.0,164.0,0.0
41.70316607182062,-72.47643208699574,152,2024,PHEASANT CROSSING,Local,Town Segments,152,144,26,28,311,362,310,373,331.0,28.645498145808595,180.6454981458086,18.845722464347762
41.70999964746393,-72.56772785363253,21,2024,OAKWOOD DR NO 1,Local,Town Segments,21,21,21,21,347,291,381,21,21.0,0.0,21.0,0.0
41.64434401308214,-72.56299584837498,79,2024,CRYSTAL RIDGE DR,Local,Town Segments,79,76,584,375,590,825,635,676,699.0,0.0,79.0,0.0
41.68600313267303,-72.51975599051904,73,2024,NEWGATE DR,Local,Town Segments,73,76,111,65,195,350,294,312,164.0,0.0,73.0,0.0
41.69244676983264,-72.58912198166243,356,2024,GATES FARM RD,Local,Town Segments,356,273,812,829,1497,1669,1367,1469,1507.0,0.0,356.0,0.0
41.67176528046218,-72.58942123993836,128,2024,FALLVIEW DR,Local,Town Segments,128,97,476,552,645,901,722,731,745.0,0.0,128.0,0.0
41.71275941668996,-72.60628447482334,8100,2024,HEBRON AV,Other Principal Arterial,Town Segments,8100,5700,5700,5700,6800,6800,6800,7200,10408.0,0.0,8100.0,0.0
41.71283405983169,-72.60494351583479,8100,2024,HEBRON AV,Other Principal Arterial,Town Segments,8100,5700,5700,5700,6800,6800,6800,7200,11171.0,0.0,8100.0,0.0
41.71107503135445,-72.60822745003347,6800,2024,MAIN ST,Minor Arterial,Town Segments,6800,5700,5700,5700,5700,5700,5700,5900,7258.0,0.0,6800.0,0.0
41.7117021186585,-72.60839306413341,6800,2024,MAIN ST,Minor Arterial,Town Segments,6800,5700,5700,5700,5700,5700,5700,5900,8156.0,0.0,6800.0,0.0
41.71109738180832,-72.54541026202111,737,2024,STRICKLAND ST,Local,Town Segments,737,541,1320,1467,1915,2792,2053,2165,2185.0,0.0,737.0,0.0
41.71505272520358,-72.61070254351968,6800,2024,MAIN ST,Minor Arterial,Town Segments,6800,5700,5700,5700,5700,5700,5700,5900,15602.0,0.0,6800.0,0.0
41.71522914670912,-72.61085382098257,6800,2024,MAIN ST,Minor Arterial,Town Segments,6800,5700,5700,5700,5700,5700,5700,5900,15638.0,0.0,6800.0,0.0
41.705258041713,-72.60456472601841,212,2024,WILLIAMS ST WEST,Local,Town Segments,212,218,498,684,1071,1284,1080,1155,1178.0,0.0,212.0,0.0
41.71699634929016,-72.58101453677413,282,2024,MILL ST,Local,Town Segments,282,159,435,365,429,659,560,580,592.0,11132.725987087535,11414.725987087535,3947.775172726076
41.66740772672329,-72.59581351972082,654,2024,LAKEWOOD RD,Local,Town Segments,654,503,725,755,912,1194,665,283,21.0,0.0,654.0,0.0
41.67309006027028,-72.58063773664728,85,2024,LEDGEWOOD DR,Local,Town Segments,85,73,137,113,308,331,379,481,255.0,0.0,85.0,0.0
41.684898521958885,-72.58107546568972,174,2024,OVERLOOK RD,Local,Town Segments,174,108,212,339,637,911,706,756,770.0,0.0,174.0,0.0
41.710568872731095,-72.58474697983453,2811,2024,COMMERCE ST,Local,Town Segments,2811,2353,2500,2939,2712,4026,3219,3340,3391.0,0.0,2811.0,0.0
41.670472160198194,-72.59601870240695,636,2024,LAKEWOOD RD,Local,Town Segments,636,350,423,481,780,995,706,198,21.0,0.0,636.0,0.0
41.683078307695226,-72.54294434533146,3400,2024,QUARRY RD,Major Collector,Town Segments,3400,3300,3300,3300,3300,3300,3300,4000,3870.0,0.0,3400.0,0.0
41.69766329527679,-72.59754414190753,121,2024,OLD VILLAGE RD,Local,Town Segments,121,82,144,158,441,382,317,350,285.0,0.0,121.0,0.0
41.67195079547458,-72.60231272229517,4259,2024,STOCKADE RD,Local,Town Segments,4259,132,29,194,1233,1352,1239,1315,1340.0,0.0,4259.0,0.0
41.69549991490909,-72.52109087131466,861,2024,WEIR ST,Local,Town Segments,861,873,1612,4031,1660,1967,1579,1673,1695.0,0.0,861.0,0.0
41.71391100929861,-72.6081216940737,4069,2024,WELLES ST,Local,Town Segments,4069,3940,3403,4416,3253,4540,3719,3881,3965.0,0.0,4069.0,0.0
41.68889370023049,-72.56771290326338,96,2024,CRESCENT RD,Local,Town Segments,96,71,46,21,226,333,307,313,193.0,0.0,96.0,0.0
41.708789011349474,-72.6037605205359,46,2024,FULL CIR,Local,Town Segments,46,57,79,77,254,290,308,298,292.0,0.0,46.0,0.0
41.72233126101776,-72.61379545315275,13200,2024,GRISWOLD ST,Minor Arterial,Town Segments,13200,10400,10400,10400,12600,12600,12600,10700,11495.0,0.0,13200.0,0.0
41.69351235331924,-72.60466139776295,262,2024,TALCOTT RD,Local,Town Segments,262,151,133,229,496,513,467,506,498.0,0.0,262.0,0.0
41.65006884535154,-72.6039876255561,136,2024,KIMBERLY LA,Local,Town Segments,136,81,88,63,257,325,304,312,317.0,0.0,136.0,0.0
41.68828212041235,-72.56156827001945,83,2024,KINNE RD,Local,Town Segments,83,96,650,532,1263,1948,1531,1608,1647.0,0.0,83.0,0.0
41.70067655383889,-72.53769296377405,2100,2024,BROOK ST,Major Collector,Town Segments,2100,2300,2300,2300,2000,2000,2000,2000,3102.0,0.0,2100.0,0.0
41.66420781948193,-72.54408760948189,869,2024,COLDBROOK RD,Local,Town Segments,869,703,979,939,1324,1548,1304,1407,1431.0,0.0,869.0,0.0
41.651136466762864,-72.60123120829883,390,2024,DAYTON RD,Local,Town Segments,390,274,379,404,631,668,643,676,678.0,0.0,390.0,0.0
41.69553876899949,-72.57086219313409,8600,2024,NEW LONDON TPK,Major Collector,Town Segments,8600,8100,8100,8100,9800,9800,9800,8900,7102.0,0.0,8600.0,0.0
41.69374082914491,-72.4858769116783,28,2024,HILLTOP TR,Local,Town Segments,28,36,21,21,350,384,183,283,302.0,0.0,28.0,0.0
41.667794686027314,-72.53241680493015,366,2024,TOLL GATE RD,Local,Town Segments,366,326,239,509,882,1055,923,969,1005.0,0.0,366.0,0.0
41.71294180320417,-72.60483582316182,10900,2024,NEW LONDON TPK,Minor Arterial,Town Segments,10900,9300,9300,9300,12100,12100,12100,10800,8819.0,0.0,10900.0,0.0
41.72404964123761,-72.55502543544212,1772,2024,BELL ST,Local,Town Segments,1772,1412,1782,2486,2551,3395,2885,3021,3086.0,0.0,1772.0,0.0
41.69632251054789,-72.52189335387195,630,2024,SHODDY MILL RD,Local,Town Segments,630,608,1180,3832,1511,1837,1492,1596,1583.0,0.0,630.0,0.0
41.7029241480891,-72.59004329583657,4000,2024,HUBBARD ST,Major Collector,Town Segments,4000,4300,4300,4300,4200,4200,4200,4000,3659.0,0.0,4000.0,0.0
41.71940171958405,-72.59987771075237,135,2024,NYE RD,Local,Town Segments,135,192,485,318,649,939,752,396,21.0,0.0,135.0,0.0
41.682142134290224,-72.53662986680173,45,2024,JAMESTOWN CT,Local,Town Segments,45,67,34,21,261,331,312,323,249.0,0.0,45.0,0.0
41.69917731208322,-72.5878121374318,89,2024,HAMPSHIRE DR,Local,Town Segments,89,78,266,90,345,460,378,424,457.0,0.0,89.0,0.0
41.73209135461831,-72.56573711536132,1500,2024,HILLSTOWN RD,Major Collector,Town Segments,1500,1300,1300,1300,1500,1500,1500,1600,3656.0,0.0,1500.0,0.0
41.73377066727114,-72.56654962077324,1500,2024,HILLSTOWN RD,Major Collector,Town Segments,1500,1300,1300,1300,1500,1500,1500,1600,3523.0,0.0,1500.0,0.0
41.72739856231092,-72.53655198639797,54,2024,OLD RESERVOIR RD,Local,Town Segments,54,72,254,87,324,361,351,366,367.0,0.0,54.0,0.0
41.65582005928817,-72.55594663903196,50,2024,COUNTRY CLUB RD NO 1,Local,Town Segments,50,70,132,58,375,573,419,455,476.0,0.0,50.0,0.0
41.69465808703925,-72.49363096503315,213,2024,KONGSCUT VALLEY TR,Local,Town Segments,213,171,161,351,358,382,325,359,316.0,0.0,213.0,0.0
41.69181181223935,-72.49385477724273,69,2024,JONATHAN TR NO 2,Local,Town Segments,69,70,45,51,333,358,365,354,412.0,0.0,69.0,0.0
41.66530335341441,-72.5931935670916,103,2024,HAMPTON CT,Local,Town Segments,103,128,155,344,310,525,290,118,21.0,0.0,103.0,0.0
41.71200815138027,-72.60850597874176,6800,2024,MAIN ST,Minor Arterial,Town Segments,6800,5700,5700,5700,5700,5700,5700,5900,8213.0,0.0,6800.0,0.0
41.670017258824814,-72.57235037785932,52,2024,PURTILL ST,Local,Town Segments,52,46,24,22,240,353,298,228,325.0,0.0,52.0,0.0
41.71352395839453,-72.60094308596301,8100,2024,HEBRON AV,Other Principal Arterial,Town Segments,8100,5700,5700,5700,6800,6800,6800,7200,13025.0,0.0,8100.0,0.0
41.713747076130936,-72.59931250949722,8100,2024,HEBRON AV,Other Principal Arterial,Town Segments,8100,5700,5700,5700,6800,6800,6800,7200,13431.0,5600.287901115469,13700.28790111547,69.13935680389469
41.69207136012012,-72.4947416820943,162,2024,JONATHAN TR NO 1,Local,Town Segments,162,155,81,81,270,416,254,278,277.0,0.0,162.0,0.0
41.71550500229412,-72.53988878902388,1085,2024,CHALKER HILL,Local,Town Segments,1085,1224,2528,2912,2544,3204,2639,2741,2815.0,3303.905478793063,4388.905478793064,304.50741740028235
41.71047970788111,-72.60459385228664,311,2024,CLINTON ST,Local,Town Segments,311,208,357,384,598,882,757,774,780.0,0.0,311.0,0.0
41.6544895213313,-72.58618431272724,54,2024,CHAMBERLAIN LA,Local,Town Segments,54,59,149,59,282,413,342,365,285.0,0.0,54.0,0.0
41.70687076413392,-72.52788058593086,91,2024,SACHEM DR,Local,Town Segments,91,95,87,40,223,397,341,328,332.0,0.0,91.0,0.0
41.69437959079495,-72.57963857027461,391,2024,HANOVER FIELDS RD,Local,Town Segments,391,405,866,1165,1318,1879,1517,1572,1612.0,0.0,391.0,0.0
41.69246602258592,-72.50298557696112,145,2024,GOODALE HILL RD,Local,Town Segments,145,152,256,303,459,495,324,351,358.0,0.0,145.0,0.0
41.72860513324786,-72.60034910926666,145,2024,BARRY LA,Local,Town Segments,145,101,256,132,458,668,570,579,559.0,0.0,145.0,0.0
41.683794808677625,-72.59451673597373,83,2024,BROOKFIELD DR,Local,Town Segments,83,78,21,43,433,490,383,376,378.0,0.0,83.0,0.0
41.71093293206612,-72.54336218303114,123,2024,SAND HILL LA,Local,Town Segments,123,136,118,260,426,637,451,475,489.0,0.0,123.0,0.0
41.71313753343112,-72.58274628843051,132,2024,SEQUIN DR,Local,Town Segments,132,127,58,106,532,918,863,880,867.0,85.37988050455496,217.37988050455496,64.68172765496588
41.67996949649861,-72.55676198166425,4600,2024,CHESTNUT HILL RD,Major Collector,Town Segments,4600,4700,4700,4700,4700,4700,4700,4700,3823.0,0.0,4600.0,0.0
41.668930959877805,-72.59257318802591,73,2024,PASTURE LA,Local,Town Segments,73,74,145,290,421,574,370,401,311.0,0.0,73.0,0.0
41.71203920817705,-72.58343571973974,2938,2024,OAKWOOD DR NO 2,Local,Town Segments,2938,2806,2419,2831,2589,4251,3177,3324,3332.0,0.0,2938.0,0.0
41.70027471498302,-72.58036115886381,8600,2024,NEW LONDON TPK,Major Collector,Town Segments,8600,8100,8100,8100,9800,9800,9800,8900,9163.0,0.0,8600.0,0.0
41.70964832287521,-72.55408777301481,64,2024,GRIST MILL RD,Local,Town Segments,64,75,49,59,307,415,369,373,392.0,0.0,64.0,0.0
41.730631503521714,-72.5041040957,250,2024,MOUNTAIN RD,Local,Town Segments,250,100,100,100,200,200,200,200,303.0,0.0,250.0,0.0
41.72072337624148,-72.62521766120729,4600,2024,NAUBUC AV,Minor Arterial,Town Segments,4600,4000,4000,4000,5100,5100,5100,4700,3950.0,0.0,4600.0,0.0
41.73408725548696,-72.54008365185115,185,2024,WOODFIELD CROSSING,Local,Town Segments,185,355,423,576,684,828,672,724,741.0,0.0,185.0,0.0
41.72570602089824,-72.58127066647602,3700,2024,ADDISON RD,Minor Arterial,Town Segments,3700,3200,3200,3200,3500,3500,3500,3200,7516.0,0.0,3700.0,0.0
41.73030870277629,-72.57740037054324,5000,2024,ADDISON RD,Minor Arterial,Town Segments,5000,4500,4500,4500,5300,5300,5300,4600,1246.0,0.0,5000.0,0.0
41.67301489778156,-72.53901538848349,3600,2024,NEW LONDON TPK,Local,Town Segments,3600,3600,3600,3600,3500,3500,3500,5100,400.0,0.0,3600.0,0.0
41.71656195961905,-72.60416267076425,4571,2024,SALMON BROOK DR,Local,Town Segments,4571,4301,3669,4066,3227,4495,3799,3963,3991.0,0.0,4571.0,0.0
41.70290158090128,-72.58823719803983,4100,2024,NEIPSIC RD,Major Collector,Town Segments,4100,4000,4000,4000,4700,4700,4700,3600,3683.0,0.0,4100.0,0.0
41.71050575580917,-72.48026775895718,133,2024,RIDGE RD,Local,Town Segments,133,157,58,21,285,385,333,316,249.0,2141.8624909133528,2274.8624909133528,1610.4229254987615
41.70222225298106,-72.58206681715421,141,2024,TRIFIRO CIR,Local,Town Segments,141,298,325,89,7100,250,90,40,206.0,0.0,141.0,0.0
41.7034536490022,-72.60801062052056,6800,2024,MAIN ST,Minor Arterial,Town Segments,6800,5700,5700,5700,5700,5700,5700,5900,6809.0,0.0,6800.0,0.0
41.72605550672212,-72.60732290343459,178,2024,RISLEY RD,Local,Town Segments,178,172,566,477,942,1321,1176,1221,1289.0,0.0,178.0,0.0
41.691009498523,-72.59344095160246,196,2024,ROBIN RD,Local,Town Segments,196,156,330,267,598,671,598,619,627.0,0.0,196.0,0.0
41.72628685995724,-72.55815628748229,96,2024,RIDGECREST RD,Local,Town Segments,96,62,921,313,418,628,422,458,352.0,0.0,96.0,0.0
41.66689660673125,-72.53270745284095,1600,2024,WASSUC RD,Local,Town Segments,1600,1500,1500,1500,1400,1400,1400,1600,2845.0,0.0,1600.0,0.0
41.69189642548571,-72.55224146854164,60,2024,SCARBORO RD,Local,Town Segments,60,71,534,280,642,972,827,892,686.0,0.0,60.0,0.0
41.7111408935271,-72.60118664598689,311,2024,CLINTON ST,Local,Town Segments,311,208,357,384,598,880,756,773,779.0,0.0,311.0,0.0
41.71049381939735,-72.51160095321904,28,2024,OLD HEBRON RD,Local,Town Segments,28,63,21,48,254,258,288,313,311.0,5747.317477195682,5775.317477195682,20526.133847127436
41.66645453725936,-72.58222059655668,47,2024,ASHLEY CT,Local,Town Segments,47,65,30,37,222,284,413,389,303.0,0.0,47.0,0.0
41.68177940661999,-72.57643556102076,48,2024,COTSWOLD CLOSE,Local,Town Segments,48,66,21,21,282,264,217,356,334.0,0.0,48.0,0.0
41.71165318190819,-72.60012439760824,376,2024,LINDEN ST,Local,Town Segments,376,290,410,491,966,1437,1250,1274,1274.0,0.0,376.0,0.0
41.71504090463836,-72.55499156591159,48,2024,PLANK LA,Local,Town Segments,48,51,34,27,309,359,309,323,260.0,4178.059786131009,4226.059786131009,8704.291221106268
41.70204321461346,-72.61009010690329,89,2024,ARROWHEAD DR,Local,Town Segments,89,66,124,87,249,364,348,400,359.0,0.0,89.0,0.0
41.71888626276703,-72.57230053533148,144,2024,GLENWOOD RD,Local,Town Segments,144,176,352,717,895,1103,1022,1060,1088.0,2743.1687710654346,2887.1687710654346,1904.978313239885
41.70313225752859,-72.60211016203219,186,2024,MAPLE ST,Local,Town Segments,186,210,569,729,1113,1360,1110,1177,1202.0,0.0,186.0,0.0
41.667662992792536,-72.60138706124845,2000,2024,HOPEWELL RD,Local,Town Segments,2000,2000,2000,2000,1900,1900,1900,1900,3509.0,0.0,2000.0,0.0
41.72925402940332,-72.5782304789243,2400,2024,GREAT SWAMP RD,Major Collector,Town Segments,2400,2100,2100,2100,2500,2500,2500,2500,4187.0,0.0,2400.0,0.0
41.66252646243169,-72.60489080356375,121,2024,CARINI RD,Local,Town Segments,121,59,166,156,338,370,371,360,291.0,0.0,121.0,0.0
41.72679520754574,-72.60572419673764,85,2024,DENSLOW RD,Local,Town Segments,85,114,230,233,533,714,522,528,594.0,0.0,85.0,0.0
41.68808344296984,-72.58396389063381,72,2024,TALL TIMBERS LA,Local,Town Segments,72,83,313,67,238,407,334,349,365.0,0.0,72.0,0.0
41.64928748121391,-72.53556758086383,120,2024,OLD FARMS RD,Local,Town Segments,120,111,640,618,723,825,721,744,746.0,0.0,120.0,0.0
41.728724562418165,-72.56866085696487,163,2024,TRINITY AV,Local,Town Segments,163,215,284,194,458,622,497,565,540.0,0.0,163.0,0.0
41.70402834744723,-72.60056962241325,999,2024,WILLIAMS ST EAST,Local,Town Segments,999,983,1489,2278,2278,3131,2478,2563,2587.0,0.0,999.0,0.0
41.65877391361196,-72.61115671633512,186,2024,DUG RD,Local,Town Segments,186,113,291,390,373,377,363,393,394.0,0.0,186.0,0.0
41.66172500703398,-72.53961176844788,76,2024,HUNTINGRIDGE DR,Local,Town Segments,76,110,211,27,259,326,315,356,268.0,0.0,76.0,0.0
41.718335588632144,-72.577485705926,311,2024,MILL ST,Local,Town Segments,311,175,480,403,473,727,618,640,653.0,4322.047041800911,4633.047041800911,1389.725736913476
41.73017789890456,-72.58959374039148,163,2024,LINDSAY LA,Local,Town Segments,163,132,73,52,336,605,491,487,239.0,0.0,163.0,0.0
41.65353414812723,-72.60049910585033,56,2024,HIGH RIDGE RD,Local,Town Segments,56,60,30,21,337,369,284,359,181.0,0.0,56.0,0.0
41.718614870251095,-72.6245408348766,4600,2024,NAUBUC AV,Minor Arterial,Town Segments,4600,4000,4000,4000,5100,5100,5100,4700,3949.0,0.0,4600.0,0.0
41.72941086727421,-72.59601435551257,409,2024,LONG HILL DR,Local,Town Segments,409,283,692,397,1012,1324,1134,1190,1214.0,0.0,409.0,0.0
41.70558355195427,-72.59470847023785,8600,2024,NEW LONDON TPK,Major Collector,Town Segments,8600,8100,8100,8100,9800,9800,9800,8900,11489.0,0.0,8600.0,0.0
41.70278711958195,-72.58255543101097,55,2024,MILLER RD,Local,Town Segments,55,66,80,117,401,557,398,421,420.0,0.0,55.0,0.0
41.72512200084488,-72.61847719106021,9500,2024,PUTNAM BLVD,Minor Arterial,Town Segments,9500,8300,8300,8300,10700,10700,10700,9900,9675.0,0.0,9500.0,0.0
41.69322223649591,-72.48919870619008,128,2024,DIAMOND LAKE RD,Local,Town Segments,128,118,131,133,327,268,294,322,337.0,0.0,128.0,0.0
41.71968572314237,-72.61376570090626,1178,2024,SPRING ST,Local,Town Segments,1178,842,1232,1024,1470,1938,1622,1717,1767.0,0.0,1178.0,0.0
41.71064643133954,-72.6081669217742,6800,2024,MAIN ST,Minor Arterial,Town Segments,6800,5700,5700,5700,5700,5700,5700,5900,7120.0,0.0,6800.0,0.0
41.72313026318785,-72.6073298276663,13100,2024,GRISWOLD ST,Minor Arterial,Town Segments,13100,10600,10600,10600,12500,12500,12500,11567,10896.0,0.0,13100.0,0.0
41.68122757934907,-72.59424087264506,42,2024,RIDGEWOOD RD EXT,Local,Town Segments,42,34,21,21,379,308,208,106,21.0,0.0,42.0,0.0
41.710942602471455,-72.5225444106807,1303,2024,WEIR ST,Local,Town Segments,1303,1303,1503,2170,2417,2885,2429,2534,2544.0,6756.169368488052,8059.169368488052,518.5087773206486
41.68249738776788,-72.59629544533044,2632,2024,OVERLOOK RD,Local,Town Segments,2632,2363,2220,3417,3141,3982,3302,3508,3601.0,0.0,2632.0,0.0
41.70002229809072,-72.46760250147688,211,2024,BAILEY ST,Local,Town Segments,211,186,394,373,765,669,585,600,593.0,1515.6732014594427,1726.6732014594427,718.3285314973662
41.65841992000441,-72.59473846727843,799,2024,FOOTE RD,Local,Town Segments,799,687,1173,2007,1615,1735,1508,1602,1645.0,0.0,799.0,0.0
41.68152517387273,-72.52911092277667,645,2024,CHIMNEYSWEEP HILL RD,Local,Town Segments,645,639,482,440,685,1040,832,877,895.0,0.0,645.0,0.0
41.709853864773415,-72.47382668549433,763,2024,BIRCH MOUNTAIN RD,Local,Town Segments,763,740,726,1110,1310,1619,1375,1413,1442.0,447.1667430140013,1210.1667430140014,58.60638833735273
41.69477448723319,-72.56482064748214,162,2024,UPLANDS WAY,Local,Town Segments,162,166,501,776,1079,1524,1247,1348,1426.0,0.0,162.0,0.0
41.68218721563188,-72.58676382117031,2220,2024,COLEMAN RD,Local,Town Segments,2220,1786,2506,4088,380,371,315,166,21.0,0.0,2220.0,0.0
41.70342839591828,-72.4742265305147,368,2024,BRENTWOOD DR,Local,Town Segments,368,331,330,364,915,1353,1030,1121,1134.0,0.0,368.0,0.0
41.68314284209249,-72.56755913052129,145,2024,APPLEWOOD LA,Local,Town Segments,145,111,157,149,256,438,319,330,258.0,0.0,145.0,0.0
41.69228310888594,-72.57825151150108,48,2024,BREEDS HILL RD,Local,Town Segments,48,72,37,28,295,341,354,328,166.0,0.0,48.0,0.0
41.70583321770444,-72.56904771494894,68,2024,ROLLING HILLS DR,Local,Town Segments,68,71,57,103,250,356,304,281,209.0,0.0,68.0,0.0
41.705838810103735,-72.56786748104953,64,2024,FAIRLAWN RD,Local,Town Segments,64,67,32,60,276,368,322,312,228.0,0.0,64.0,0.0
41.7104737286464,-72.49795240778035,128,2024,COOP RD,Local,Town Segments,128,97,92,136,236,288,281,315,3200.0,9745.153588932495,9873.153588932495,7613.401241353512
41.72155680117526,-72.60797565154297,99,2024,COOPER DR,Local,Town Segments,99,109,282,160,511,370,389,381,189.0,0.0,99.0,0.0
41.70729008780437,-72.56598900695143,358,2024,OAKWOOD DR NO 1,Local,Town Segments,358,239,358,332,712,863,713,746,690.0,0.0,358.0,0.0
41.68912762645009,-72.53798953513193,48,2024,OLD MANCHESTER RD,Local,Town Segments,48,67,21,22,291,358,317,325,324.0,0.0,48.0,0.0
41.71654371431058,-72.5850552983072,4839,2024,EASTERN BLVD,Local,Town Segments,4839,4700,4386,5198,4048,5836,4584,4782,4917.0,9642.729822177735,14481.729822177735,199.27112672406975
41.71965469502723,-72.61413909178968,6800,2024,MAIN ST,Minor Arterial,Town Segments,6800,5700,5700,5700,5700,5700,5700,5900,19090.0,0.0,6800.0,0.0
41.71867171709666,-72.54985475565918,122,2024,POND CIR,Local,Town Segments,122,100,75,105,182,320,238,267,289.0,883.080546665366,1005.080546665366,723.836513660136
41.65708105512908,-72.58228738720405,1551,2024,MATSON HILL RD,Local,Town Segments,1551,1052,1390,2360,2305,2585,2163,2378,2458.0,0.0,1551.0,0.0
41.72538509099813,-72.59164206156804,917,2024,MILESTONE DR NO 1,Local,Town Segments,917,607,1237,907,1349,2019,1610,1634,1655.0,0.0,917.0,0.0
41.70905327883544,-72.56902997735081,115,2024,WARNER CT,Local,Town Segments,115,89,202,123,289,376,325,347,271.0,0.0,115.0,0.0
41.68926932632183,-72.58036956007712,70,2024,TALL TIMBERS DR,Local,Town Segments,70,80,449,304,446,752,518,545,561.0,0.0,70.0,0.0
41.686387836192246,-72.60372233814321,6800,2024,MAIN ST,Minor Arterial,Town Segments,6800,5700,5700,5700,5700,5700,5700,5900,5588.0,0.0,6800.0,0.0
41.66624867564818,-72.57994950536172,2000,2024,HOPEWELL RD,Local,Town Segments,2000,2000,2000,2000,1900,1900,1900,1900,2855.0,0.0,2000.0,0.0
41.71816772156967,-72.56875888457097,38,2024,HEMLOCK HILL DR,Local,Town Segments,38,59,43,33,351,548,513,522,514.0,24012.38449562954,24050.38449562954,63190.48551481458
41.72794160826928,-72.59846448653042,204,2024,LANCASTER RD,Local,Town Segments,204,165,778,667,1213,1748,1527,1587,1612.0,0.0,204.0,0.0
41.69166668399938,-72.47742909616935,356,2024,IMPERIAL DR,Local,Town Segments,356,342,358,327,489,556,405,425,423.0,0.0,356.0,0.0
41.7034446107865,-72.59963402558593,1957,2024,WILLIEB ST,Local,Town Segments,1957,1868,2741,3317,2964,4004,3174,3280,3313.0,0.0,1957.0,0.0
41.65842394555088,-72.58936229315559,49,2024,DEAN DR,Local,Town Segments,49,65,126,88,335,189,98,21,21.0,0.0,49.0,0.0
41.70117062447374,-72.60400475097072,80,2024,GREEN CEMETERY RD,Local,Town Segments,80,77,92,126,356,444,361,374,379.0,0.0,80.0,0.0
41.656829767247366,-72.56055754230304,50,2024,COUNTRY CLUB RD NO 1,Local,Town Segments,50,70,133,58,375,573,420,456,476.0,0.0,50.0,0.0
41.71090292595039,-72.60618139265935,90,2024,SCHOOL ST,Local,Town Segments,90,65,150,172,330,537,445,475,473.0,0.0,90.0,0.0
41.6702912031364,-72.58937326607477,139,2024,DRUMLIN RD,Local,Town Segments,139,117,345,530,688,880,738,779,799.0,0.0,139.0,0.0
41.68050252044721,-72.57563240642861,175,2024,WOOD POND RD,Local,Town Segments,175,173,224,221,570,997,694,583,586.0,0.0,175.0,0.0
41.7172764144268,-72.6209635980596,189,2024,KINGSBURY LA,Local,Town Segments,189,201,59,54,251,354,286,317,300.0,0.0,189.0,0.0
41.70453692867106,-72.5755362347515,54,2024,ROSER DR,Local,Town Segments,54,62,33,36,225,293,307,315,356.0,0.0,54.0,0.0
41.6958427792194,-72.60275079565142,39,2024,HOLMES RD,Local,Town Segments,39,67,21,36,638,444,252,339,168.0,0.0,39.0,0.0
41.66112266633324,-72.54106889907436,1183,2024,MOTT HILL RD,Local,Town Segments,1183,1581,1359,1806,2299,2930,2411,2524,2572.0,0.0,1183.0,0.0
41.69001735140232,-72.59039984276096,106,2024,CART RD,Local,Town Segments,106,72,22,21,366,402,299,391,236.0,0.0,106.0,0.0
41.66788938901529,-72.52787601842408,159,2024,CHARLTON DR,Local,Town Segments,159,171,23,50,328,296,275,292,222.0,0.0,159.0,0.0
41.73030471408765,-72.59007058547414,2312,2024,CANDLEWOOD RD,Local,Town Segments,2312,2155,2238,3166,3559,4603,3999,4135,4231.0,0.0,2312.0,0.0
41.69380676866943,-72.53644706995551,127,2024,CROSBY LA,Local,Town Segments,127,90,104,346,369,576,340,373,376.0,0.0,127.0,0.0
41.71340840201926,-72.60152651457967,8100,2024,HEBRON AV,Other Principal Arterial,Town Segments,8100,5700,5700,5700,6800,6800,6800,7200,13024.0,0.0,8100.0,0.0
41.66871183245899,-72.4823219693976,44,2024,WINDHAM RD,Local,Town Segments,44,63,89,35,346,277,285,297,150.0,0.0,44.0,0.0
41.70381715155324,-72.6021145594797,39,2024,WILLIAMS ST WEST,Local,Town Segments,39,54,21,33,334,387,281,293,285.0,0.0,39.0,0.0
41.72557633938056,-72.61547629719946,6800,2024,MAIN ST,Minor Arterial,Town Segments,6800,5700,5700,5700,5700,5700,5700,5900,21559.0,0.0,6800.0,0.0
41.65596319822583,-72.59505413710325,110,2024,GRINDLE BROOK RD,Local,Town Segments,110,76,298,162,321,444,367,378,301.0,0.0,110.0,0.0
41.71258184857703,-72.6075812718081,8100,2024,HEBRON AV,Other Principal Arterial,Town Segments,8100,5700,5700,5700,6800,6800,6800,7200,9497.0,0.0,8100.0,0.0
41.71287505613383,-72.60528180592031,8100,2024,HEBRON AV,Other Principal Arterial,Town Segments,8100,5700,5700,5700,6800,6800,6800,7200,9560.0,0.0,8100.0,0.0
41.69309943825768,-72.50397837601915,146,2024,GOODALE HILL RD,Local,Town Segments,146,154,258,306,464,501,327,355,362.0,0.0,146.0,0.0
41.71125449229452,-72.60826511741838,6800,2024,MAIN ST,Minor Arterial,Town Segments,6800,5700,5700,5700,5700,5700,5700,5900,8156.0,0.0,6800.0,0.0
41.71227426719159,-72.60860416575403,6800,2024,MAIN ST,Minor Arterial,Town Segments,6800,5700,5700,5700,5700,5700,5700,5900,8213.0,0.0,6800.0,0.0
41.714582269253256,-72.61029914257944,6800,2024,MAIN ST,Minor Arterial,Town Segments,6800,5700,5700,5700,5700,5700,5700,5900,15639.0,0.0,6800.0,0.0
41.715170339863086,-72.6108033946688,6800,2024,MAIN ST,Minor Arterial,Town Segments,6800,5700,5700,5700,5700,5700,5700,5900,15605.0,0.0,6800.0,0.0
41.70122784570589,-72.60291184985667,4000,2024,HUBBARD ST,Major Collector,Town Segments,4000,4300,4300,4300,4200,4200,4200,4000,4017.0,0.0,4000.0,0.0
41.72494350325618,-72.60612768168272,196,2024,BATES LA,Local,Town Segments,196,90,224,126,420,533,467,583,608.0,0.0,196.0,0.0
41.71599210826832,-72.54667650993972,969,2024,STRICKLAND ST,Local,Town Segments,969,888,1623,2270,2487,3539,2689,2820,2829.0,18914.773667571466,19883.773667571466,1951.9890265811625
41.701152160925375,-72.60807576922561,6800,2024,MAIN ST,Minor Arterial,Town Segments,6800,5700,5700,5700,5700,5700,5700,5900,7394.0,0.0,6800.0,0.0
41.67394808629706,-72.4860993024196,44,2024,WINDHAM RD,Local,Town Segments,44,63,89,36,348,279,286,299,151.0,0.0,44.0,0.0
41.71310145716023,-72.52394975219931,144,2024,CRICKET LA,Local,Town Segments,144,114,277,134,301,370,348,399,388.0,1980.3463057018141,2124.3463057018143,1375.2404900707043
41.69278516570487,-72.51829587787242,580,2024,GOODALE HILL RD,Local,Town Segments,580,340,823,909,758,950,712,769,770.0,0.0,580.0,0.0
41.6932513533178,-72.50680850359471,144,2024,GOODALE HILL RD,Local,Town Segments,144,151,254,301,456,492,322,349,356.0,0.0,144.0,0.0
41.6968467564594,-72.56465381102895,56,2024,AUTUMN LA,Local,Town Segments,56,73,186,227,339,451,375,403,419.0,0.0,56.0,0.0
41.71990582659975,-72.52329072110932,59,2024,BROOKHAVEN DR,Local,Town Segments,59,68,33,25,238,391,308,348,200.0,0.0,59.0,0.0
41.65469559853734,-72.5322141978868,139,2024,MOTT HILL RD,Local,Town Segments,139,87,229,207,417,413,349,326,340.0,0.0,139.0,0.0
41.71752603373007,-72.52500555522532,1118,2024,SHADY HILL LA,Local,Town Segments,1118,921,2404,2631,2487,3194,2629,2751,2792.0,0.0,1118.0,0.0
41.73424475432576,-72.56219064383701,47,2024,RUFF CIR,Local,Town Segments,47,90,30,21,326,377,358,364,170.0,0.0,47.0,0.0
41.716531024893335,-72.46807513530803,687,2024,BIRCH MOUNTAIN RD,Local,Town Segments,687,641,740,936,958,1117,962,1008,1024.0,0.0,687.0,0.0
41.68680366570956,-72.5364875859073,1286,2024,FOREST LA,Local,Town Segments,1286,1009,2512,788,2182,2880,2426,2572,2618.0,0.0,1286.0,0.0
41.72305637241105,-72.60497349859648,5814,2024,HOUSE ST,Local,Town Segments,5814,5905,5827,7511,5173,7100,6027,6324,6512.0,0.0,5814.0,0.0
41.6990863643709,-72.60266538848127,37,2024,HUBBARD DR,Local,Town Segments,37,72,36,67,202,263,219,258,253.0,0.0,37.0,0.0
41.71606961102712,-72.61601177189699,222,2024,PARKER TER,Local,Town Segments,222,208,105,112,375,518,389,415,412.0,0.0,222.0,0.0
41.66308659109632,-72.56159650674103,1229,2024,WOODLAND ST,Local,Town Segments,1229,804,1565,2085,2398,2921,2449,2563,2668.0,0.0,1229.0,0.0
41.6725315902525,-72.60475196897602,157,2024,STOCKADE RD,Local,Town Segments,157,123,713,1069,1233,1352,1239,1315,1340.0,0.0,157.0,0.0
41.680512648811366,-72.58193946057497,63,2024,EVERGREEN LA,Local,Town Segments,63,66,143,68,360,452,356,360,387.0,0.0,63.0,0.0
41.72713584435201,-72.53572767878158,7200,2024,KEENEY ST,Minor Arterial,Town Segments,7200,6900,6900,6900,7600,7600,7600,6900,5726.0,0.0,7200.0,0.0
41.686667524932766,-72.5986860010242,1145,2024,BUTTONBALL LA,Local,Town Segments,1145,1123,2963,4065,2788,3714,2856,3012,3085.0,0.0,1145.0,0.0
41.64904765155105,-72.57693165252334,187,2024,BELLTOWN RD,Local,Town Segments,187,150,285,491,456,501,472,501,392.0,0.0,187.0,0.0
41.68065394739652,-72.55078106481348,4600,2024,CHESTNUT HILL RD,Major Collector,Town Segments,4600,4700,4700,4700,4700,4700,4700,4700,3797.0,0.0,4600.0,0.0
41.70927586182037,-72.55015687308482,686,2024,CANDLELIGHT DR,Local,Town Segments,686,618,1257,1503,1517,2009,1522,1594,1607.0,0.0,686.0,0.0
41.71078931915762,-72.6081837865706,6800,2024,MAIN ST,Minor Arterial,Town Segments,6800,5700,5700,5700,5700,5700,5700,5900,7168.0,0.0,6800.0,0.0
41.65673947441128,-72.53537592802262,897,2024,MOTT HILL RD,Local,Town Segments,897,894,1197,1545,1746,2106,1767,1835,1860.0,0.0,897.0,0.0
41.67947397257064,-72.57907305720327,194,2024,WOOD POND RD,Local,Town Segments,194,154,243,214,457,743,540,515,588.0,0.0,194.0,0.0
41.69249288369664,-72.60460332669297,150,2024,WOODBRIDGE RD,Local,Town Segments,150,250,250,250,200,200,200,200,536.0,0.0,150.0,0.0
41.72357490206628,-72.55159999354836,68,2024,BAYBERRY RD,Local,Town Segments,68,79,174,129,466,510,344,336,278.0,0.0,68.0,0.0
41.66728551168652,-72.60682002265207,151,2024,HIGH ST,Local,Town Segments,151,86,421,589,561,646,594,628,628.0,0.0,151.0,0.0
41.71848719654256,-72.54550844349313,359,2024,HARVEST LA,Local,Town Segments,359,158,508,585,506,719,471,496,387.0,1247.1131729294584,1606.1131729294584,347.3852849385678
41.712858839884575,-72.61490482834503,2367,2024,WELLES ST,Local,Town Segments,2367,1722,2439,3394,3056,3681,3095,3213,3298.0,0.0,2367.0,0.0
41.66215977051427,-72.5210165134648,705,2024,TOLL GATE RD,Local,Town Segments,705,542,685,1516,1329,1536,1477,1597,1713.0,0.0,705.0,0.0
41.6779801740381,-72.57157298810078,2200,2024,CHESTNUT HILL RD,Major Collector,Town Segments,2200,2000,2000,2000,2100,2100,2100,2000,3550.0,0.0,2200.0,0.0
41.68914201900386,-72.56393898996843,8600,2024,NEW LONDON TPK,Major Collector,Town Segments,8600,8100,8100,8100,9800,9800,9800,8900,5621.0,0.0,8600.0,0.0
41.6961960622121,-72.5860949786215,192,2024,CUTTER LA,Local,Town Segments,192,157,448,269,667,891,768,815,817.0,0.0,192.0,0.0
41.672272267709374,-72.56738138274562,875,2024,COLDBROOK RD,Local,Town Segments,875,691,1002,1043,1347,1695,1456,1564,1600.0,0.0,875.0,0.0
41.73075608650232,-72.58673435319763,165,2024,QUERIDO DR,Local,Town Segments,165,178,39,33,291,384,379,297,392.0,0.0,165.0,0.0
41.66545031344256,-72.6002755635857,48,2024,COTTON HOLLOW RD,Local,Town Segments,48,78,28,37,373,453,321,336,346.0,0.0,48.0,0.0
41.70262188055352,-72.56104886286151,45,2024,WICKHAM RD NO 2,Local,Town Segments,45,67,143,86,263,330,347,465,345.0,0.0,45.0,0.0
41.70269023023989,-72.60000729790548,1958,2024,WILLIEB ST,Local,Town Segments,1958,1869,2742,3318,2965,4005,3175,3281,3314.0,0.0,1958.0,0.0
41.70094910263726,-72.47723700037133,93,2024,PARTRIDGE LANDING,Local,Town Segments,93,100,85,81,294,418,333,359,354.0,0.0,93.0,0.0
41.65505579123289,-72.5924140834497,68,2024,FAIRVIEW TER,Local,Town Segments,68,133,221,90,283,392,339,373,306.0,0.0,68.0,0.0
41.71355774261305,-72.60060690455661,8100,2024,HEBRON AV,Other Principal Arterial,Town Segments,8100,5700,5700,5700,6800,6800,6800,7200,13899.0,0.0,8100.0,0.0
41.72379070161229,-72.61508142613769,6800,2024,MAIN ST,Minor Arterial,Town Segments,6800,5700,5700,5700,5700,5700,5700,5900,21553.0,0.0,6800.0,0.0
41.712648571012615,-72.60878133513029,6800,2024,MAIN ST,Minor Arterial,Town Segments,6800,5700,5700,5700,5700,5700,5700,5900,12486.0,0.0,6800.0,0.0
41.71364436474684,-72.60947615373415,6800,2024,MAIN ST,Minor Arterial,Town Segments,6800,5700,5700,5700,5700,5700,5700,5900,13829.0,0.0,6800.0,0.0
41.71378940976916,-72.60960409914595,6800,2024,MAIN ST,Minor Arterial,Town Segments,6800,5700,5700,5700,5700,5700,5700,5900,15518.0,0.0,6800.0,0.0
41.71423138413583,-72.60999397070216,6800,2024,MAIN ST,Minor Arterial,Town Segments,6800,5700,5700,5700,5700,5700,5700,5900,15728.0,0.0,6800.0,0.0
41.6876621669765,-72.48067113193918,119,2024,BLUE HILLS TR,Local,Town Segments,119,171,299,232,376,526,357,376,294.0,0.0,119.0,0.0
41.66630190536437,-72.58271938353464,224,2024,HEATHER GLEN RD,Local,Town Segments,224,121,421,548,665,765,707,722,764.0,0.0,224.0,0.0
41.71105419680166,-72.5988943296906,2400,2024,SYCAMORE ST,Major Collector,Town Segments,2400,1800,1800,1800,2100,2100,2100,2000,2864.0,0.0,2400.0,0.0
41.69395235097013,-72.55643458237876,103,2024,FELDSPAR RIDGE,Local,Town Segments,103,121,439,574,719,1011,834,907,938.0,0.0,103.0,0.0
41.69911135761501,-72.49486767263345,93,2024,SHELBURNE WAY,Local,Town Segments,93,125,177,267,425,512,434,448,456.0,0.0,93.0,0.0
41.6998914549694,-72.53267057766325,100,2024,FRANCIS DR,Local,Town Segments,100,79,227,795,427,459,411,432,438.0,0.0,100.0,0.0
41.71175119250502,-72.54792038208996,157,2024,COBBLESTONE RD,Local,Town Segments,157,129,418,405,591,752,606,643,638.0,0.0,157.0,0.0
41.69925984426644,-72.53092842664863,108,2024,FRANCIS DR,Local,Town Segments,108,82,229,708,468,529,400,412,419.0,0.0,108.0,0.0
41.70955966293293,-72.60511998249406,455,2024,RIPLEY RD,Local,Town Segments,455,348,541,613,1073,1439,1258,1292,1292.0,0.0,455.0,0.0
41.69445314112241,-72.59183438872914,252,2024,CARRIAGE DR,Local,Town Segments,252,253,520,397,869,1043,862,925,906.0,0.0,252.0,0.0
41.65466109995362,-72.61710317980929,80,2024,DUFFORDS LANDING,Local,Town Segments,80,91,63,67,219,309,300,327,325.0,0.0,80.0,0.0
41.698011871752925,-72.48224936140666,403,2024,DIAMOND LAKE RD,Local,Town Segments,403,412,981,810,793,841,748,775,799.0,0.0,403.0,0.0
41.73383088933322,-72.52141823507131,95,2024,ISLAND GREEN,Local,Town Segments,95,99,266,276,528,572,548,621,665.0,0.0,95.0,0.0
41.72288279629664,-72.53295959827614,2700,2024,HOWE RD,Major Collector,Town Segments,2700,3000,3000,3000,3000,3000,3000,2800,3161.0,0.0,2700.0,0.0
41.65660746210924,-72.55937691931778,50,2024,COUNTRY CLUB RD NO 1,Local,Town Segments,50,69,132,58,373,570,417,453,474.0,0.0,50.0,0.0
41.71451137030628,-72.60267894947157,582,2024,MELROSE ST,Local,Town Segments,582,367,431,719,627,860,807,817,801.0,0.0,582.0,0.0
41.71997872858102,-72.61572246578766,162,2024,PEARL ST,Local,Town Segments,162,90,543,91,307,526,489,518,459.0,0.0,162.0,0.0
41.71949218814758,-72.62495586862885,80,2024,POINT RD,Local,Town Segments,80,77,72,83,359,461,323,329,270.0,0.0,80.0,0.0
41.7111287257813,-72.53880094119204,94,2024,GREENTREE DR,Local,Town Segments,94,94,103,56,305,463,370,368,274.0,0.0,94.0,0.0
41.68561182339984,-72.54329004607916,127,2024,EDGEWOOD LA,Local,Town Segments,127,182,46,38,344,399,392,375,288.0,0.0,127.0,0.0
41.66941447213823,-72.53770758052634,3500,2024,WASSUC RD,Major Collector,Town Segments,3500,3400,3400,3400,3400,3400,3400,3700,4043.0,0.0,3500.0,0.0
41.70568992065969,-72.46684481178605,41,2024,SUNRISE DR,Local,Town Segments,41,46,21,21,229,297,219,146,305.0,23.208299681420556,64.20829968142056,56.60560897907453
41.66854991164842,-72.58882357103195,139,2024,DRUMLIN RD,Local,Town Segments,139,117,345,530,688,880,739,779,800.0,0.0,139.0,0.0
41.6968399024352,-72.5210821622889,831,2024,WEIR ST,Local,Town Segments,831,861,1312,1710,1652,1925,1649,1743,1731.0,0.0,831.0,0.0
41.72284230481963,-72.54840552242257,111,2024,DOGWOOD LA,Local,Town Segments,111,95,438,485,397,606,519,545,560.0,0.0,111.0,0.0
41.71168643082975,-72.47185965656233,765,2024,BIRCH MOUNTAIN RD,Local,Town Segments,765,742,728,1113,1313,1623,1379,1416,1445.0,0.0,765.0,0.0
41.706298591787295,-72.60492625513675,163,2024,CANIONE RD,Local,Town Segments,163,257,277,260,414,535,465,483,504.0,0.0,163.0,0.0
41.70685678343322,-72.59752237532904,10900,2024,NEW LONDON TPK,Major Collector,Town Segments,10900,9300,9300,9300,12100,12100,12100,10800,9779.0,0.0,10900.0,0.0
41.68975358303212,-72.53351620957648,44,2024,SHERBROOK DR,Local,Town Segments,44,68,21,128,340,274,293,312,322.0,0.0,44.0,0.0
41.70760329746325,-72.52315354542684,52,2024,BUCKINGHAM DR,Local,Town Segments,52,66,292,285,700,776,694,694,690.0,0.0,52.0,0.0
41.69582788935289,-72.53772570189199,1300,2024,NEIPSIC RD,Minor Collector,Town Segments,1300,1300,1300,1300,1200,1200,1200,1200,2383.0,0.0,1300.0,0.0
41.67956610204748,-72.59305389438097,70,2024,LITTEL ACRES RD,Local,Town Segments,70,138,114,149,378,414,21,21,21.0,0.0,70.0,0.0
41.68435102692498,-72.55143780394191,8600,2024,NEW LONDON TPK,Major Collector,Town Segments,8600,8100,8100,8100,9800,9800,9800,8900,4934.0,0.0,8600.0,0.0
41.662718132431394,-72.6172810840673,726,2024,TRYON ST,Local,Town Segments,726,474,949,1051,1359,1661,1398,1521,1529.0,0.0,726.0,0.0
41.70111996006526,-72.51637444771937,733,2024,WEIR ST,Local,Town Segments,733,758,1282,1689,1542,1803,1534,1622,1609.0,0.0,733.0,0.0
41.65692852155976,-72.56253561241411,994,2024,WOODLAND ST,Local,Town Segments,994,688,1431,1591,1597,1883,1526,1588,1657.0,0.0,994.0,0.0
41.65850435157844,-72.56196918534202,1157,2024,WOODLAND ST,Local,Town Segments,1157,780,1426,1950,2284,2766,2312,2416,2518.0,0.0,1157.0,0.0
41.73190405862617,-72.57158539269263,423,2024,DUCK POND RD,Local,Town Segments,423,504,692,999,938,1032,717,753,695.0,0.0,423.0,0.0
41.67559222415326,-72.57218620182317,192,2024,FOX DEN RD,Local,Town Segments,192,137,178,369,554,650,530,566,504.0,0.0,192.0,0.0
41.72838503301657,-72.56294098444934,63,2024,U-CONN AV,Local,Town Segments,63,88,51,40,369,457,423,395,312.0,0.0,63.0,0.0
41.71440584699389,-72.61014786813938,6800,2024,MAIN ST,Minor Arterial,Town Segments,6800,5700,5700,5700,5700,5700,5700,5900,15728.0,0.0,6800.0,0.0
41.71587161660101,-72.61139034336976,6800,2024,MAIN ST,Minor Arterial,Town Segments,6800,5700,5700,5700,5700,5700,5700,5900,15532.0,0.0,6800.0,0.0
41.687140072687086,-72.6045240205604,6800,2024,MAIN ST,Minor Arterial,Town Segments,6800,5700,5700,5700,5700,5700,5700,5900,5631.0,0.0,6800.0,0.0
41.72524610151572,-72.61537067996457,6800,2024,MAIN ST,Minor Arterial,Town Segments,6800,5700,5700,5700,5700,5700,5700,5900,21549.0,0.0,6800.0,0.0
41.71732637203744,-72.57965642234066,280,2024,MILL ST,Local,Town Segments,280,158,433,363,427,656,557,577,589.0,14619.4724818701,14899.4724818701,5221.240172096464
41.71032591914157,-72.46841910948206,68,2024,HORIZON LA,Local,Town Segments,68,81,145,143,363,461,396,414,423.0,0.0,68.0,0.0
41.69068659871471,-72.60301793660622,128,2024,WHAPLEY RD,Local,Town Segments,128,243,46,48,326,389,382,333,351.0,0.0,128.0,0.0
41.70348316001241,-72.54371575947145,585,2024,STRICKLAND ST,Local,Town Segments,585,318,1074,1168,1519,2231,1573,1661,1694.0,0.0,585.0,0.0
41.70186845517698,-72.60811745032825,6800,2024,MAIN ST,Minor Arterial,Town Segments,6800,5700,5700,5700,5700,5700,5700,5900,7395.0,0.0,6800.0,0.0
41.70219032499232,-72.50716432054593,893,2024,ASH SWAMP RD,Local,Town Segments,893,919,1391,1556,1514,1697,1478,1564,1558.0,0.0,893.0,0.0
41.73191247007928,-72.56891028401748,379,2024,TOWHEE LA,Local,Town Segments,379,451,228,269,469,595,437,451,464.0,0.0,379.0,0.0
41.72833432037569,-72.57076157705818,428,2024,CAMBRIDGE DR,Local,Town Segments,428,379,558,497,719,982,757,831,804.0,0.0,428.0,0.0
41.67740881787637,-72.5817117661424,31,2024,CHESTNUT HILL TER,Local,Town Segments,31,70,34,73,356,389,395,383,213.0,0.0,31.0,0.0
41.66528594331123,-72.60329007801826,48,2024,COTTON HOLLOW RD,Local,Town Segments,48,78,29,37,374,454,322,337,347.0,0.0,48.0,0.0
41.69138238412764,-72.58912518523186,61,2024,COACH RD,Local,Town Segments,61,77,233,215,431,646,566,581,447.0,0.0,61.0,0.0
41.69815522466158,-72.48942415390349,153,2024,GROUSE HILL RD,Local,Town Segments,153,185,276,223,397,409,376,375,375.0,0.0,153.0,0.0
41.71490219855156,-72.604053680733,59,2024,MEDFORD ST,Local,Town Segments,59,68,44,32,303,466,385,373,343.0,0.0,59.0,0.0
41.66483960813736,-72.53381336143796,54,2024,COLDSPRING CROSSING,Local,Town Segments,54,93,175,204,498,821,557,593,601.0,0.0,54.0,0.0
41.6603422546727,-72.57998961593796,250,2024,HOPEWELL HGTS,Local,Town Segments,250,88,21,21,331,363,363,268,303.0,0.0,250.0,0.0
41.728264841224366,-72.60800926476543,115,2024,MADISON RD,Local,Town Segments,115,111,469,231,525,814,679,696,742.0,0.0,115.0,0.0
41.682499822513634,-72.53386621407896,47,2024,JOHN MARSHALL DR,Local,Town Segments,47,104,58,158,262,372,310,335,345.0,0.0,47.0,0.0
41.72364275173823,-72.55369283988878,161,2024,GIDEON LA,Local,Town Segments,161,130,334,230,372,418,323,364,274.0,0.0,161.0,0.0
41.68367464709269,-72.52132859787623,123,2024,COLTON RD,Local,Town Segments,123,94,85,56,289,438,359,371,351.0,0.0,123.0,0.0
41.7150437240274,-72.60884812277075,1279,2024,GROVE ST,Local,Town Segments,1279,1401,1056,1121,2232,3238,2722,2894,2825.0,0.0,1279.0,0.0
41.67839050438416,-72.58034772016548,3400,2024,CHESTNUT HILL RD,Major Collector,Town Segments,3400,3100,3100,3100,3300,3300,3300,3100,3996.0,0.0,3400.0,0.0
41.722964903585854,-72.62598472571774,7800,2024,NAUBUC AV,Minor Arterial,Town Segments,7800,7000,7000,7000,8200,8200,8200,7500,5932.0,0.0,7800.0,0.0
41.664359280153725,-72.5826060929536,1966,2024,MATSON HILL RD,Local,Town Segments,1966,1250,1371,2462,2329,2653,2347,2511,2558.0,0.0,1966.0,0.0
41.72006495729063,-72.60271798117813,5711,2024,HOUSE ST,Local,Town Segments,5711,5910,5365,6936,4691,6465,5480,5764,5905.0,0.0,5711.0,0.0
41.70070966262983,-72.53627356649457,2100,2024,BROOK ST,Major Collector,Town Segments,2100,2300,2300,2300,2000,2000,2000,2000,3101.0,0.0,2100.0,0.0
41.67647274160223,-72.51967903005243,638,2024,CHIMNEYSWEEP HILL RD,Local,Town Segments,638,637,366,342,457,752,578,600,621.0,0.0,638.0,0.0
41.649649843527,-72.55914481242725,439,2024,ACCORNERO LA,Local,Town Segments,439,208,162,184,320,428,352,372,198.0,0.0,439.0,0.0
41.71646985635692,-72.61190212707717,6800,2024,MAIN ST,Minor Arterial,Town Segments,6800,5700,5700,5700,5700,5700,5700,5900,19157.0,0.0,6800.0,0.0
41.71337243163235,-72.52243465649872,230,2024,SLATER RD,Local,Town Segments,230,158,125,64,277,287,321,244,341.0,0.0,230.0,0.0
41.65396526831117,-72.52220704660431,70,2024,DICKINSON RD,Local,Town Segments,70,71,147,95,344,377,378,181,205.0,0.0,70.0,0.0
41.69805620886453,-72.58646176620749,802,2024,OLDE STAGE RD,Local,Town Segments,802,878,2049,2391,2241,2880,2380,2462,2487.0,0.0,802.0,0.0
41.73125171078392,-72.58638819445945,922,2024,LEXINGTON RD,Local,Town Segments,922,838,1138,1261,1676,2217,1905,1952,2001.0,0.0,922.0,0.0
41.68860562746607,-72.47012524576073,890,2024,MARLBOROUGH RD,Local,Town Segments,890,792,1166,1834,1563,1598,1418,1516,1546.0,365.84940616984875,1255.8494061698489,41.106674850544806
41.66686379077042,-72.5989202757906,75,2024,GLAZIER DR,Local,Town Segments,75,80,51,46,369,395,370,388,384.0,0.0,75.0,0.0
41.7216739502752,-72.57867516664177,73,2024,ADDISON POND RD,Local,Town Segments,73,133,196,246,408,722,544,563,578.0,0.0,73.0,0.0
41.68850952995086,-72.60046450984397,62,2024,STANCLIFF RD NORTH,Local,Town Segments,62,70,149,148,420,481,406,427,462.0,0.0,62.0,0.0
41.70490432688898,-72.58028372831863,45,2024,LENOX DR NO 2,Local,Town Segments,45,65,46,156,292,429,408,416,320.0,0.0,45.0,0.0
41.65857630817909,-72.53730150058588,106,2024,JEREMIAH'S WAY,Local,Town Segments,106,85,21,26,275,659,292,333,311.0,0.0,106.0,0.0
41.68969173353674,-72.5512326618979,32,2024,HOLLIS LANDING,Local,Town Segments,32,50,30,40,287,436,402,382,390.0,0.0,32.0,0.0
41.67117341557333,-72.54248570763684,252,2024,PADDOCK LA,Local,Town Segments,252,251,74,132,348,453,399,422,443.0,0.0,252.0,0.0
41.69091776538572,-72.4925426350462,131,2024,DIAMOND LAKE RD,Local,Town Segments,131,120,134,136,334,274,301,329,344.0,0.0,131.0,0.0
41.64870658385038,-72.61727439831894,249,2024,TAYLOR TOWN RD,Local,Town Segments,249,128,430,461,559,719,597,636,710.0,0.0,249.0,0.0
41.72637068104677,-72.54446070284865,56,2024,CARDINAL DR,Local,Town Segments,56,55,230,170,405,300,315,323,182.0,0.0,56.0,0.0
41.69278198205962,-72.51451966103586,182,2024,GOODALE HILL RD,Local,Town Segments,182,168,304,355,484,534,357,387,393.0,0.0,182.0,0.0
41.68545617387738,-72.5766050242174,58,2024,SHERWOOD DR,Local,Town Segments,58,68,109,169,332,441,357,382,298.0,0.0,58.0,0.0
41.71809273080626,-72.52388889114711,83,2024,BRIARWOOD DR,Local,Town Segments,83,81,28,45,277,366,313,329,333.0,0.0,83.0,0.0
41.71022422957978,-72.60813521196178,6800,2024,MAIN ST,Minor Arterial,Town Segments,6800,5700,5700,5700,5700,5700,5700,5900,7119.0,0.0,6800.0,0.0
41.681710010575415,-72.58456873806661,127,2024,MOSELEY TER,Local,Town Segments,127,152,354,374,701,896,661,717,730.0,0.0,127.0,0.0
41.692081764823136,-72.5671586615494,51,2024,SMITHBROOK TER,Local,Town Segments,51,49,136,63,317,375,378,363,392.0,0.0,51.0,0.0
41.68178704055644,-72.59730805675841,211,2024,ORCHARD LA,Local,Town Segments,211,85,113,72,362,547,485,525,545.0,0.0,211.0,0.0
41.71727469918179,-72.54024000671588,7200,2024,KEENEY ST,Minor Arterial,Town Segments,7200,6900,6900,6900,7600,7600,7600,6900,6589.0,21595.91500697526,28795.91500697526,299.94326398576754
41.67707457389113,-72.5903241901917,3300,2024,CHESTNUT HILL RD,Major Collector,Town Segments,3300,3100,3100,3100,3100,3100,3100,3189,3553.0,0.0,3300.0,0.0
41.721207361866185,-72.60491652331247,67,2024,SHORT CIR,Local,Town Segments,67,73,156,334,378,476,410,447,417.0,0.0,67.0,0.0
41.68304818328294,-72.54681260667026,182,2024,GRANITE RD,Local,Town Segments,182,196,481,483,782,927,792,728,731.0,0.0,182.0,0.0
41.726742864775474,-72.57870399346177,364,2024,HEYWOOD DR,Local,Town Segments,364,172,245,135,400,573,461,501,493.0,0.0,364.0,0.0
41.7224545988754,-72.54552904010633,57,2024,DOGWOOD LA,Local,Town Segments,57,48,223,247,202,309,264,278,285.0,0.0,57.0,0.0
41.73085913587958,-72.56088169033985,211,2024,DEERFIELD DR,Local,Town Segments,211,159,330,244,523,778,604,623,560.0,0.0,211.0,0.0
41.693625850778325,-72.59210107353834,724,2024,FOUNDERS RD,Local,Town Segments,724,681,1977,2953,2572,3257,2663,2777,2853.0,0.0,724.0,0.0
41.69483128622887,-72.48354228977716,117,2024,LAKE SHORE TR,Local,Town Segments,117,130,136,133,310,285,331,294,246.0,0.0,117.0,0.0
41.68529142398642,-72.59685475564427,192,2024,STANCLIFF RD,Local,Town Segments,192,175,610,753,912,1197,923,964,987.0,0.0,192.0,0.0
41.682393630768765,-72.54960075836289,382,2024,THREE MILE RD,Local,Town Segments,382,439,976,1065,1422,1774,1542,1496,1487.0,0.0,382.0,0.0
41.71365241118982,-72.59995970857403,8100,2024,HEBRON AV,Other Principal Arterial,Town Segments,8100,5700,5700,5700,6800,6800,6800,7200,13433.0,0.0,8100.0,0.0
41.6960264159821,-72.58797672302398,186,2024,WAGON RD,Local,Town Segments,186,268,257,252,609,851,773,804,801.0,0.0,186.0,0.0
41.71097811443925,-72.57154911990166,51,2024,KELSEY LA,Local,Town Segments,51,71,197,233,444,332,338,348,270.0,0.0,51.0,0.0
41.67656689569547,-72.56990962092289,34,2024,POUND FOOLISH LA,Local,Town Segments,34,51,21,21,225,277,312,333,355.0,0.0,34.0,0.0
41.7307285759719,-72.5738869679572,67,2024,COLTSFOOT CIR,Local,Town Segments,67,132,226,117,386,462,438,434,406.0,0.0,67.0,0.0
41.63921039184047,-72.61379539199126,438,2024,OLD MAIDS LA,Local,Town Segments,438,243,395,485,757,900,761,805,806.0,0.0,438.0,0.0
41.72211265977003,-72.5194849254992,47,2024,PYQUAG LA,Local,Town Segments,47,49,21,21,222,341,312,319,249.0,0.0,47.0,0.0
41.6705722362054,-72.52934422568767,67,2024,LIBERTY DR,Local,Town Segments,67,70,147,85,274,317,286,309,311.0,0.0,67.0,0.0
41.72778694508172,-72.6053188608563,58,2024,WEBSTER LA,Local,Town Segments,58,67,156,132,320,386,409,403,443.0,0.0,58.0,0.0
41.718122818080936,-72.5909128102388,607,2024,NATIONAL DR,Local,Town Segments,607,399,490,417,1693,2729,2375,2481,2467.0,0.0,607.0,0.0
41.73326529818016,-72.55960353545733,155,2024,EAST OPAL DR,Local,Town Segments,155,108,497,432,605,982,693,759,734.0,0.0,155.0,0.0
41.68253919310492,-72.58022850868272,49,2024,NEWELL LA,Local,Town Segments,49,93,93,80,558,849,328,344,377.0,0.0,49.0,0.0
41.72213749291668,-72.60737861258862,1107,2024,BANTLE RD,Local,Town Segments,1107,815,1323,1173,1592,2069,1795,1873,1930.0,0.0,1107.0,0.0
41.693435256079866,-72.60096967475329,83,2024,STEVENS LA,Local,Town Segments,83,97,110,117,375,493,429,442,420.0,0.0,83.0,0.0
41.73033671390466,-72.55137049757764,208,2024,BELRIDGE RD,Local,Town Segments,208,140,54,49,303,504,401,490,588.0,0.0,208.0,0.0
41.71278462743047,-72.59119199584406,11100,2024,OAK ST,Major Collector,Town Segments,11100,10800,10800,10800,13200,13200,13200,11500,8086.0,0.0,11100.0,0.0
41.65247492782587,-72.53716928233483,308,2024,COUNTRY LA,Local,Town Segments,308,248,434,513,764,875,766,796,800.0,0.0,308.0,0.0
41.6669901177922,-72.6075454361857,149,2024,HIGH ST,Local,Town Segments,149,85,414,579,552,636,584,618,618.0,0.0,149.0,0.0
41.66782557006264,-72.59931364578374,2000,2024,HOPEWELL RD,Local,Town Segments,2000,2000,2000,2000,1900,1900,1900,1900,3511.0,0.0,2000.0,0.0
41.69276251877128,-72.59680660476947,71,2024,SULKY LA,Local,Town Segments,71,77,49,21,265,308,304,319,249.0,0.0,71.0,0.0
41.721821911380665,-72.61715759501531,12900,2024,GLASTONBURY BLVD,Minor Arterial,Town Segments,12900,11400,11400,11400,13400,13400,13400,13900,14163.0,0.0,12900.0,0.0
41.69181107863372,-72.59455427902574,152,2024,RANDOLPH DR,Local,Town Segments,152,145,323,254,509,592,456,478,484.0,0.0,152.0,0.0
41.67123248857515,-72.55174429811298,869,2024,COLDBROOK RD,Local,Town Segments,869,703,979,939,1324,1549,1304,1408,1431.0,0.0,869.0,0.0
41.72881499581565,-72.59443321609191,136,2024,WINTHROP DR,Local,Town Segments,136,119,205,127,449,604,517,534,552.0,0.0,136.0,0.0
41.71111548566077,-72.60604785685322,92,2024,SCHOOL ST,Local,Town Segments,92,66,153,176,337,549,454,485,483.0,0.0,92.0,0.0
41.67046949870097,-72.57614529997346,186,2024,SHIPMAN DR,Local,Town Segments,186,120,144,66,342,500,366,385,294.0,0.0,186.0,0.0
41.65007509684737,-72.60771177844713,146,2024,BACK LAND RD,Local,Town Segments,146,126,249,339,562,601,588,619,640.0,0.0,146.0,0.0
41.67627902297751,-72.59028003609092,53,2024,LENTI TER,Local,Town Segments,53,72,177,54,255,348,323,343,263.0,0.0,53.0,0.0
41.70181899872869,-72.57509193326744,76,2024,QUINCEY RD,Local,Town Segments,76,86,67,97,338,353,314,329,323.0,0.0,76.0,0.0
41.69650155398394,-72.57603877605482,378,2024,EAST CARRIAGE DR,Local,Town Segments,378,410,1006,1366,1536,2300,1870,1940,1976.0,0.0,378.0,0.0
41.729727503968334,-72.56764915322881,283,2024,PRINCETON LA,Local,Town Segments,283,297,422,301,439,565,445,471,456.0,0.0,283.0,0.0
41.711375064467006,-72.60630506551443,1987,2024,RANKIN RD,Local,Town Segments,1987,1847,2115,2561,2418,3400,2905,3005,3049.0,0.0,1987.0,0.0
41.69608331924327,-72.60335385534154,159,2024,MORGAN DR,Local,Town Segments,159,232,646,696,836,1064,941,850,798.0,0.0,159.0,0.0
41.68291835437231,-72.58838961834152,2308,2024,OVERLOOK RD,Local,Town Segments,2308,2113,2090,3255,3061,3854,3226,3401,3475.0,0.0,2308.0,0.0
41.70561790233025,-72.59478710913322,8600,2024,NEW LONDON TPK,Major Collector,Town Segments,8600,8100,8100,8100,9800,9800,9800,8900,11488.0,0.0,8600.0,0.0
41.70672342635261,-72.59724451329063,10900,2024,NEW LONDON TPK,Major Collector,Town Segments,10900,9300,9300,9300,12100,12100,12100,10800,10553.0,0.0,10900.0,0.0
41.69433582404189,-72.60595122568184,164,2024,SHERMAN RD,Local,Town Segments,164,111,45,182,347,447,426,446,456.0,0.0,164.0,0.0
41.65089996037518,-72.53627166588005,53,2024,FIELDSTONE DR,Local,Town Segments,53,69,329,321,578,696,606,633,624.0,0.0,53.0,0.0
41.68419272025138,-72.56818964536953,96,2024,WEST PIPPIN DR,Local,Town Segments,96,90,188,164,320,573,440,443,444.0,0.0,96.0,0.0
41.70080886122596,-72.58430531983724,274,2024,BRITTANY RD,Local,Town Segments,274,97,657,549,800,1225,763,807,824.0,0.0,274.0,0.0
41.68298222181077,-72.52969148634533,630,2024,EASTBURY HILL RD,Local,Town Segments,630,417,715,4983,1252,1724,1452,1504,1497.0,0.0,630.0,0.0
41.701106979716165,-72.60667898650935,71,2024,GREEN CEMETERY RD,Local,Town Segments,71,68,81,112,316,395,321,332,337.0,0.0,71.0,0.0
41.72282746226477,-72.58034187573962,5394,2024,EASTERN BLVD,Local,Town Segments,5394,5311,4515,4913,4129,6177,4810,4996,5084.0,0.0,5394.0,0.0
41.702248228048894,-72.52899819279902,151,2024,MARTIN TER,Local,Town Segments,151,65,207,143,391,327,316,342,347.0,0.0,151.0,0.0
41.667058463839936,-72.53508482891264,2100,2024,WASSUC RD,Major Collector,Town Segments,2100,1900,1900,1900,2000,2000,2000,2000,3142.0,0.0,2100.0,0.0
41.72250804239816,-72.5850498988398,4994,2024,EASTERN BLVD,Local,Town Segments,4994,4949,4371,4937,3969,5862,4583,4766,4873.0,0.0,4994.0,0.0
41.68562605110799,-72.51881586239844,273,2024,EASTBURY HILL RD,Local,Town Segments,273,162,204,4520,455,640,502,529,527.0,0.0,273.0,0.0
41.73213115912569,-72.58061415215029,313,2024,URBANEC RD,Local,Town Segments,313,299,693,436,872,1212,1012,1038,1071.0,0.0,313.0,0.0
41.64036294129923,-72.60654634155959,442,2024,OLD MAIDS LA,Local,Town Segments,442,245,398,489,763,908,767,812,813.0,0.0,442.0,0.0
41.70979173842068,-72.53928661489165,93,2024,GREENTREE DR,Local,Town Segments,93,93,102,56,303,460,367,365,272.0,0.0,93.0,0.0
41.70047014735538,-72.5693520924791,186,2024,KAREN LEE RD,Local,Town Segments,186,196,261,195,404,497,403,438,449.0,0.0,186.0,0.0
41.67170205081862,-72.5225515661643,78,2024,KINGSWOOD DR,Local,Town Segments,78,94,126,101,324,537,386,378,392.0,0.0,78.0,0.0
41.637005112007046,-72.62683771611296,442,2024,OLD MAIDS LA,Local,Town Segments,442,245,398,489,763,908,767,812,813.0,0.0,442.0,0.0
41.668353021700106,-72.59130970501448,393,2024,SOUTH POND RD,Local,Town Segments,393,358,546,1041,1313,1776,1381,1471,1521.0,0.0,393.0,0.0
41.71467645779951,-72.57345053107369,95,2024,CAVAN LA,Local,Town Segments,95,89,622,375,456,629,555,564,549.0,0.0,95.0,0.0
41.70219450037946,-72.57847474939213,972,2024,BIDWELL ST,Local,Town Segments,972,809,1560,3893,2488,3112,2526,2631,2732.0,0.0,972.0,0.0
41.73081450675384,-72.46133993318226,78,2024,TAMARAC DR,Local,Town Segments,78,78,186,124,275,482,314,344,336.0,0.0,78.0,0.0
41.71035522360427,-72.59354445015357,412,2024,NUTMEG LA,Local,Town Segments,412,147,246,334,1074,1677,1407,1402,1425.0,0.0,412.0,0.0
41.697422080767744,-72.57178011345087,59,2024,HALE RD,Local,Town Segments,59,67,658,761,745,965,837,883,888.0,0.0,59.0,0.0
41.65694670736196,-72.55217706521907,50,2024,COUNTRY CLUB RD NO 1,Local,Town Segments,50,70,133,58,375,573,419,455,476.0,0.0,50.0,0.0
41.71935156038267,-72.57986372958241,100,2024,NORMAN DR,Local,Town Segments,100,83,159,67,323,408,217,81,21.0,169.37666438986776,269.37666438986776,169.37666438986776
41.71275854473763,-72.56756414341,173,2024,CHASE HOLLOW LA,Local,Town Segments,173,121,140,87,294,380,348,378,374.0,921.6205727486852,1094.6205727486852,532.7286547680261
41.706767841010695,-72.57069817924474,42,2024,TRYMBULAK LA,Local,Town Segments,42,63,27,21,347,378,380,276,186.0,0.0,42.0,0.0
41.7130479021385,-72.60903083655381,6800,2024,MAIN ST,Minor Arterial,Town Segments,6800,5700,5700,5700,5700,5700,5700,5900,13682.0,0.0,6800.0,0.0
41.69867354976604,-72.57290359584485,256,2024,LINCOLN DR,Local,Town Segments,256,134,107,103,389,488,428,446,467.0,0.0,256.0,0.0
41.72445215650655,-72.62647677836057,4100,2024,NAUBUC AV,Minor Arterial,Town Segments,4100,3300,3300,3300,3600,3600,3600,3500,4121.0,0.0,4100.0,0.0
41.6712757815502,-72.59573282441681,286,2024,LAKEWOOD RD,Local,Town Segments,286,181,253,206,435,804,403,39,21.0,0.0,286.0,0.0
41.67129263402838,-72.52844817162085,62,2024,SUMMIT CREST DR,Local,Town Segments,62,158,308,313,521,725,619,656,598.0,0.0,62.0,0.0
41.65709500793718,-72.5391509978795,58,2024,JACQUES LA,Local,Town Segments,58,402,42,146,345,488,381,427,431.0,0.0,58.0,0.0
41.70209459065922,-72.59994311488188,1947,2024,WILLIEB ST,Local,Town Segments,1947,1859,2727,3301,2949,3984,3158,3264,3297.0,0.0,1947.0,0.0
41.72295314726513,-72.5109072223731,86,2024,TIMROD TR,Local,Town Segments,86,83,299,218,544,782,619,663,663.0,0.0,86.0,0.0
41.68480602169068,-72.58927472595022,129,2024,VALLEY VIEW RD,Local,Town Segments,129,281,93,58,287,568,555,406,186.0,0.0,129.0,0.0
41.68275829187863,-72.582118821224,55,2024,KNOB HILL RD,Local,Town Segments,55,102,160,150,484,681,336,372,379.0,0.0,55.0,0.0
41.70835498565444,-72.46553272970952,68,2024,HORIZON LA,Local,Town Segments,68,81,145,143,364,462,397,415,424.0,0.0,68.0,0.0
41.70921093161998,-72.47732054218382,40,2024,HILL ST,Local,Town Segments,40,62,21,25,246,300,302,379,416.0,3033.0678056789166,3073.0678056789166,7582.669514197292
41.6623460068168,-72.60262761940831,65,2024,OVERSHOT DR,Local,Town Segments,65,76,25,43,323,485,418,335,344.0,0.0,65.0,0.0
41.71610524301264,-72.61158544647637,6800,2024,MAIN ST,Minor Arterial,Town Segments,6800,5700,5700,5700,5700,5700,5700,5900,15614.0,0.0,6800.0,0.0
41.71483607705439,-72.52171613464617,231,2024,SLATER RD,Local,Town Segments,231,158,125,65,278,288,322,245,342.0,0.0,231.0,0.0
41.72985206771786,-72.58498276787982,214,2024,DUXBURY LA,Local,Town Segments,214,230,573,372,523,744,608,540,622.0,0.0,214.0,0.0
41.71103899188055,-72.5940709763625,222,2024,BENTON LA,Local,Town Segments,222,254,227,401,432,608,533,563,580.0,0.0,222.0,0.0
41.70484754246306,-72.56714114317711,134,2024,SUNNY SLOPE DR,Local,Town Segments,134,98,110,212,395,534,511,531,413.0,0.0,134.0,0.0
41.68839583268692,-72.60352169639786,93,2024,HILLCREST RD,Local,Town Segments,93,72,271,129,417,417,362,372,426.0,0.0,93.0,0.0
41.71287496968575,-72.60540525564721,8100,2024,HEBRON AV,Other Principal Arterial,Town Segments,8100,5700,5700,5700,6800,6800,6800,7200,10412.0,0.0,8100.0,0.0
41.71475938071466,-72.53520757435889,344,2024,CHALKER HILL,Local,Town Segments,344,377,761,778,1132,1445,1227,1273,1311.0,2630.596260202916,2974.596260202916,764.7082151752662
41.65187824466954,-72.58119054544677,86,2024,HI-GATE FARMS RD,Local,Town Segments,86,67,21,21,236,283,21,21,21.0,0.0,86.0,0.0
41.712407325510725,-72.6086532601627,6800,2024,MAIN ST,Minor Arterial,Town Segments,6800,5700,5700,5700,5700,5700,5700,5900,8237.0,0.0,6800.0,0.0
41.70963037254148,-72.53374389781848,68,2024,TANGLEWOOD DR,Local,Town Segments,68,77,117,21,228,383,364,241,342.0,0.0,68.0,0.0
41.669727686061606,-72.5268470596547,198,2024,ASPEN DR,Local,Town Segments,198,182,224,164,459,602,469,499,505.0,0.0,198.0,0.0
41.719154819480885,-72.55512320720189,88,2024,MARGARET LA,Local,Town Segments,88,71,48,53,289,417,349,341,343.0,0.0,88.0,0.0
41.68677707706953,-72.60540483529324,81,2024,WESTVIEW LA,Local,Town Segments,81,105,38,39,381,456,236,363,88.0,0.0,81.0,0.0
41.67313532662185,-72.57398814587768,605,2024,SUNSET DR,Local,Town Segments,605,334,949,896,1373,1845,1493,1598,1628.0,0.0,605.0,0.0
41.65881051590621,-72.56087534946518,47,2024,ACORN RIDGE RD,Local,Town Segments,47,66,21,24,240,520,320,325,252.0,0.0,47.0,0.0
41.71653706632323,-72.59385645211546,702,2024,WINDING BROOK DR,Local,Town Segments,702,540,785,814,2092,3578,2964,2849,1491.0,0.0,702.0,0.0
41.70795938179291,-72.60450842765925,734,2024,DOUGLAS RD,Local,Town Segments,734,546,866,874,1246,1658,1358,1420,1412.0,0.0,734.0,0.0
41.66741062452384,-72.60447865229465,271,2024,HIGH ST,Local,Town Segments,271,354,494,694,788,925,805,856,840.0,0.0,271.0,0.0
41.67503794160848,-72.58420610759306,527,2024,OLDE WOOD RD,Local,Town Segments,527,475,1657,2240,1449,1807,1461,1511,1466.0,0.0,527.0,0.0
41.70602454854908,-72.59565495022365,10900,2024,NEW LONDON TPK,Major Collector,Town Segments,10900,9300,9300,9300,12100,12100,12100,8900,12185.0,0.0,10900.0,0.0
41.69098120656361,-72.58424123148502,194,2024,BUNKER HILL RD,Local,Town Segments,194,112,261,293,660,822,682,733,750.0,0.0,194.0,0.0
41.71575298651593,-72.5561081842605,110,2024,PINACLE RD,Local,Town Segments,110,73,46,38,312,331,236,306,323.0,6858.222431454462,6968.222431454462,6234.747664958602
41.67109734129291,-72.59479199258644,401,2024,PAPERMILL RD,Local,Town Segments,401,209,184,275,469,366,359,90,21.0,0.0,401.0,0.0
41.703287008561134,-72.56995719099065,5300,2024,NEIPSIC RD,Major Collector,Town Segments,5300,4900,4900,4900,5900,5900,5900,4500,5685.0,0.0,5300.0,0.0
41.73117262927483,-72.50652097743395,250,2024,MOUNTAIN RD,Local,Town Segments,250,100,100,100,200,200,200,200,301.0,0.0,250.0,0.0
41.72761582073119,-72.57407078449322,661,2024,OXFORD DR,Local,Town Segments,661,582,700,577,875,1187,926,1023,983.0,0.0,661.0,0.0
41.65844068772584,-72.58030017687075,96,2024,BLUEBERRY LA,Local,Town Segments,96,73,33,69,337,353,283,314,258.0,0.0,96.0,0.0
41.689767278328965,-72.56652062263142,97,2024,CORTLAND LA,Local,Town Segments,97,77,423,71,325,480,426,443,321.0,0.0,97.0,0.0
41.70856041820253,-72.46985637042258,60,2024,ZENITH LA,Local,Town Segments,60,65,281,306,415,460,377,405,215.0,0.0,60.0,0.0
41.698521305280366,-72.4711968896246,1218,2024,MARLBOROUGH RD,Local,Town Segments,1218,1252,1677,2406,2314,2622,2187,2304,2362.0,0.0,1218.0,0.0
41.65371133935746,-72.52053498294309,70,2024,DICKINSON RD,Local,Town Segments,70,71,147,96,344,377,378,181,205.0,0.0,70.0,0.0
41.69525469550132,-72.48927388803442,505,2024,ASH SWAMP RD,Local,Town Segments,505,570,1290,1197,1136,1253,1097,1143,1147.0,0.0,505.0,0.0
41.68475435964235,-72.54766783139354,295,2024,THREE MILE RD,Local,Town Segments,295,332,697,748,1073,1365,1179,1144,1139.0,0.0,295.0,0.0
41.70073814405476,-72.49528045636595,117,2024,PENWOOD CROSSING,Local,Town Segments,117,156,332,338,472,585,456,473,480.0,1553.5236522640243,1670.5236522640243,1327.797993388055
41.69256542895823,-72.57958853063049,243,2024,RAMPART DR,Local,Town Segments,243,197,482,639,874,1167,962,994,1022.0,0.0,243.0,0.0
41.71297142106428,-72.60450819251233,8100,2024,HEBRON AV,Other Principal Arterial,Town Segments,8100,5700,5700,5700,6800,6800,6800,7200,16555.0,0.0,8100.0,0.0
41.63415078364472,-72.62763540132653,187,2024,TRYON ST,Local,Town Segments,187,98,186,204,485,587,507,545,542.0,0.0,187.0,0.0
41.70027530597529,-72.51920764881105,51,2024,CHAPMAN DR,Local,Town Segments,51,67,58,75,399,356,332,372,346.0,0.0,51.0,0.0
41.70209323938834,-72.57414529314765,315,2024,LINCOLN DR,Local,Town Segments,315,209,320,354,638,817,727,754,775.0,0.0,315.0,0.0
41.70815845730339,-72.54215901913672,49,2024,GREGORY HILL DR,Local,Town Segments,49,69,140,165,291,586,342,345,270.0,0.0,49.0,0.0
41.69855404788046,-72.49660117717018,859,2024,ASH SWAMP RD,Local,Town Segments,859,860,1364,1553,1482,1655,1446,1527,1521.0,0.0,859.0,0.0
41.6730469744265,-72.52277720150867,81,2024,GREENSWOOD PL,Local,Town Segments,81,67,21,59,288,350,266,348,188.0,0.0,81.0,0.0
41.72628314883527,-72.58521406231345,6500,2024,GRISWOLD ST,Minor Arterial,Town Segments,6500,5700,5700,5700,7300,7300,7300,6000,6410.0,0.0,6500.0,0.0
41.652004273494605,-72.56416520758347,870,2024,CLARK HILL RD,Local,Town Segments,870,513,1177,1082,1327,1666,1330,1397,1449.0,0.0,870.0,0.0
41.6764273361812,-72.57112143222803,76,2024,PENNYWISE LA,Local,Town Segments,76,73,126,223,450,504,403,472,376.0,0.0,76.0,0.0
41.73611202438086,-72.46218477622648,79,2024,LOOKOUT LANDING,Local,Town Segments,79,84,194,140,399,476,370,450,496.0,0.0,79.0,0.0
41.72516995803215,-72.60124741995243,62,2024,WINDWOOD DR,Local,Town Segments,62,106,166,96,390,612,444,420,316.0,0.0,62.0,0.0
41.726468840790574,-72.58926953684542,398,2024,TARRY BROOK DR,Local,Town Segments,398,342,700,676,965,1247,1042,1079,1085.0,0.0,398.0,0.0
41.72739154198659,-72.50716887862488,442,2024,MINNECHAUG DR,Local,Town Segments,442,337,703,708,1155,1347,1066,1113,1144.0,0.0,442.0,0.0
41.72096615977607,-72.62348954002775,8100,2024,GLASTONBURY BLVD,Major Collector,Town Segments,8100,7800,7800,7800,8900,8900,8900,8800,8192.0,0.0,8100.0,0.0
41.705526300304186,-72.5945774031969,8600,2024,NEW LONDON TPK,Major Collector,Town Segments,8600,8100,8100,8100,9800,9800,9800,8900,11489.0,0.0,8600.0,0.0
41.693821565282754,-72.47448400834675,496,2024,IMPERIAL DR,Local,Town Segments,496,514,805,752,744,913,657,693,712.0,0.0,496.0,0.0
41.701213692687965,-72.5319218207411,2100,2024,BROOK ST,Major Collector,Town Segments,2100,2300,2300,2300,2000,2000,2000,2000,3284.0,0.0,2100.0,0.0
41.70250738861368,-72.58063895033075,139,2024,WADSWORTH ST,Local,Town Segments,139,151,244,328,530,621,557,610,639.0,0.0,139.0,0.0
41.70663164557004,-72.46405014576533,58,2024,HORIZON LA,Local,Town Segments,58,93,22,21,194,375,302,326,320.0,250.5855665875146,308.58556658751456,432.04408032330105
41.69793997837757,-72.60125910705366,59,2024,STEVENS LA,Local,Town Segments,59,73,286,272,439,589,537,450,425.0,0.0,59.0,0.0
41.72434417923564,-72.52788848828227,45,2024,HOPE LA,Local,Town Segments,45,21,21,21,269,399,244,21,136.0,0.0,45.0,0.0
41.70982211136443,-72.53129549751186,859,2024,HURLBURT ST,Local,Town Segments,859,928,1626,1799,2380,3039,2544,2664,2719.0,0.0,859.0,0.0
41.64398610266649,-72.60376043503773,61,2024,RAYMOND RD,Local,Town Segments,61,60,35,39,285,375,287,297,228.0,0.0,61.0,0.0
41.70658153699508,-72.59082931472697,522,2024,KREIGER LA,Local,Town Segments,522,304,740,608,1231,1688,1347,1381,1457.0,0.0,522.0,0.0
41.65350807764464,-72.52951007370297,94,2024,MOTT HILL RD,Local,Town Segments,94,77,125,101,350,313,313,311,141.0,0.0,94.0,0.0
41.65252737101302,-72.52962467760871,61,2024,MOTT HILL RD,Local,Town Segments,61,71,51,26,301,241,287,300,21.0,0.0,61.0,0.0
41.648693517571566,-72.52801595837673,61,2024,MOTT HILL RD,Local,Town Segments,61,70,51,26,300,240,285,299,21.0,0.0,61.0,0.0
41.73220933867696,-72.56416883269199,61,2024,SKYVIEW DR,Local,Town Segments,61,87,264,203,449,607,484,532,532.0,0.0,61.0,0.0
41.68992487286146,-72.54415056268907,154,2024,THREE MILE RD,Local,Town Segments,154,156,226,101,328,449,395,375,378.0,0.0,154.0,0.0
41.66869314596352,-72.52929502440003,58,2024,ASPEN DR,Local,Town Segments,58,47,21,21,198,333,287,309,307.0,0.0,58.0,0.0
41.65725420143711,-72.54071890729857,45,2024,NICOLE DR,Local,Town Segments,45,218,21,64,272,376,277,352,304.0,0.0,45.0,0.0
41.70527580935051,-72.47103883841928,44,2024,SUNRISE DR,Local,Town Segments,44,64,315,232,332,378,289,320,323.0,379.7513466340358,423.7513466340358,863.0712423500814
41.70804280317972,-72.51362272148283,76,2024,OWENS LA,Local,Town Segments,76,90,21,21,337,370,283,177,291.0,1753.5576273085635,1829.5576273085635,2307.312667511268
41.65706981783855,-72.56167062008478,49,2024,COUNTRY CLUB RD NO 1,Local,Town Segments,49,69,131,58,370,566,414,449,470.0,0.0,49.0,0.0
41.7247279981305,-72.51228117009437,300,2024,NATCHAUG DR,Local,Town Segments,300,250,250,250,300,300,300,350,835.0,0.0,300.0,0.0
41.663943259141085,-72.60236189530725,152,2024,SOUTH MILL DR,Local,Town Segments,152,183,232,183,402,604,463,477,487.0,0.0,152.0,0.0
41.72332242971997,-72.59123373032496,200,2024,MILESTONE DR NO 2,Local,Town Segments,200,176,116,158,398,645,483,519,536.0,0.0,200.0,0.0
41.669986393664985,-72.59352378114538,79,2024,LAKEWOOD CIR,Local,Town Segments,79,74,132,194,476,550,268,21,53.0,0.0,79.0,0.0
41.63810156838702,-72.62061141404281,438,2024,OLD MAIDS LA,Local,Town Segments,438,243,395,485,757,901,761,805,806.0,0.0,438.0,0.0
41.68098277169508,-72.57163494195346,79,2024,WOOD POND RD,Local,Town Segments,79,59,65,103,255,475,303,258,250.0,0.0,79.0,0.0
41.72289527610878,-72.54889822196341,97,2024,SHAGBARK RD,Local,Town Segments,97,93,493,325,424,700,583,606,613.0,0.0,97.0,0.0
